날짜,시가,고가,저가,종가,엔상1,엔상2,엔상3,엔상4,엔상5,엔하1,엔하2,엔하3,엔하4,엔하5,피4,피5,V1,V2
2026/08/14,272500,278000,266000,273000,243176.470588235,267812.18487395,293386.470588235,318491.470588235,343596.470588235,,218540.756302521,192966.470588235,167861.470588235,142756.470588235,249993.75,243939.903846154,231525.11699175,235317.4256813
2026/08/13,265000,271000,260500,263000,242411.764705882,267443.907563025,293098.193277311,318441.407563025,343784.62184874,,217379.621848739,191725.336134454,166382.121848739,141038.907563025,244256.25,239887.019230769,234987.461639374,236875.509137827
2026/08/12,242000,260500,241000,258000,242441.176470588,267609.033613445,293732.605042017,319378.319327731,345024.033613445,,217273.319327731,191149.74789916,165504.033613445,139858.319327731,239112.5,237735.576923077,239412.846693239,239477.766482401
2026/08/11,230000,243000,224000,241000,242058.823529412,267273.109243698,293958.823529412,319908.823529412,345858.823529412,,216844.537815126,190158.823529412,164208.823529412,138258.823529412,237575,237586.538461538,246200.688731666,243903.058380472
2026/08/10,234500,238500,228500,231500,242794.117647059,268031.260504202,295409.831932773,321717.68907563,348025.546218487,,217556.974789916,190178.403361345,163870.546218487,137562.68907563,235956.25,237098.557692308,252763.040280006,249355.749712455
2026/08/07,231000,239500,229000,235000,245264.705882353,270503.277310924,298699.705882353,325417.205882353,352134.705882353,,220026.134453782,191829.705882353,165112.205882353,138394.705882353,235062.5,237100.961538462,256079.433949096,252597.512216882
2026/08/06,241500,246000,228000,230000,247205.882352941,272424.453781513,301417.31092437,328523.025210084,355628.739495798,,221987.31092437,192994.453781513,165888.739495798,138783.025210084,236400,237134.615384615,259170.150013633,255264.450554277
2026/08/05,250000,254500,240000,242000,248823.529411765,274039.957983193,303818.529411765,331316.029411765,358813.529411765,,223607.100840336,193828.529411765,166331.029411765,138833.529411765,236312.5,239524.038461538,260490.566777348,257002.064583775
2026/08/04,239000,246500,227500,242000,251441.176470588,276755.462184874,307076.890756303,334894.74789916,362712.605042017,,226126.890756302,195805.462184874,167987.605042017,140169.74789916,234168.75,240622.596153846,265553.442018474,261085.74355615
2026/08/03,259000,259000,231500,233500,253823.529411765,279303.529411765,309964.243697479,338034.600840336,366104.957983193,,228343.529411765,197682.81512605,169612.457983193,141542.100840336,233706.25,243771.634615385,272630.183879694,266821.200152251
2026/07/31,225500,267000,224000,259000,255794.117647059,281368.403361345,312346.974789916,340623.403361345,368899.831932773,,230219.831932773,199241.260504202,170964.831932773,142688.403361344,237512.5,246754.807692308,274751.333503122,268495.849205673
2026/07/30,204000,226000,202000,213500,257676.470588235,283330.756302521,314437.899159664,342818.613445378,371199.327731093,,232022.18487395,200915.042016807,172534.327731092,144153.613445378,237143.75,246978.365384615,287186.37164587,276420.801709032
2026/07/29,218000,234000,189200,214000,263941.176470588,290064.74789916,321168.319327731,349781.890756303,378395.462184874,,237817.605042017,206714.033613445,178100.462184874,149486.890756302,245468.75,252161.057692308,291639.892637903,281462.136993537
2026/07/28,243000,247000,216000,218000,269852.941176471,296538.655462185,327520.798319328,356354.726890756,385188.655462185,,243167.226890756,212185.084033613,183351.155462185,154517.226890756,252537.5,257264.423076923,292898.89451789,284514.626855716
2026/07/27,255000,260000,246000,255000,274117.647058824,301496.218487395,332344.432773109,361457.825630252,390571.218487395,,246739.075630252,215890.861344538,186777.468487395,157664.075630252,260556.25,262617.788461539,290313.426120181,285099.784732021
2026/07/24,268000,269500,247000,252500,277705.882352941,305902.31092437,336516.596638656,365921.953781513,395327.31092437,,249509.453781513,218895.168067227,189489.81092437,160084.453781513,261018.75,264814.903846154,296718.200700382,291320.958740762
2026/07/23,265000,273000,257000,273000,282441.176470588,311434.033613445,341771.533613445,371436.712184874,401101.890756303,,253448.319327731,223110.819327731,193445.640756303,163780.462184874,261431.25,267723.557692308,300805.948611142,295953.842481435
2026/07/22,269000,276000,259000,260000,285500,315278.571428571,345235.714285714,375103.571428572,404971.428571429,,255721.428571429,225764.285714286,195896.428571429,166028.571428571,262325,270163.461538462,308931.491583895,302021.048667344
2026/07/21,249000,264000,243000,263500,290147.058823529,320468.487394958,350059.558823529,380015.808823529,409972.058823529,,259825.630252101,230234.558823529,200278.308823529,170322.058823529,264531.25,272742.788461539,313961.654547619,306191.659163803
2026/07/20,245500,257500,238500,251500,295794.117647059,326454.831932773,355679.831932773,385622.68907563,415565.546218487,,265133.403361345,235908.403361344,205965.546218487,176022.68907563,264150,274980.769230769,323394.024464577,314183.978545033
2026/07/16,269000,269000,251000,253500,300970.588235294,331949.159663866,360990.231092437,391000.052521008,421009.87394958,,269992.016806723,240950.945378151,210941.12394958,180931.302521008,270118.75,280584.134615385,329614.902181366,320652.271650926
2026/07/15,273000,284500,272500,273500,304323.529411765,335430.672268908,364330.672268908,394334.243697479,424337.81512605,,273216.386554622,244316.386554622,214312.81512605,184309.243697479,277175,287490.384615385,332432.629303142,324316.528247838
2026/07/14,250500,270000,240000,268000,309205.882352941,340309.453781513,369104.096638656,399053.203781513,429002.31092437,,278102.31092437,249307.668067227,219358.56092437,189409.453781513,279087.5,292572.115384615,339115.757948292,329824.091895751
2026/07/13,285000,292500,253000,257500,314058.823529412,345040.966386555,373826.680672269,403710.609243698,433594.537815126,,283076.680672269,254290.966386555,224407.037815126,194523.109243697,282793.75,297497.596153846,346781.828261469,337123.895634808
2026/07/10,285000,298000,282000,286500,320294.117647059,351142.331932773,380156.617647059,410087.867647059,440019.117647059,,289445.903361345,260431.617647059,230500.367647059,200569.117647059,292700,304307.692307692,344538.886358714,336794.814946232
2026/07/09,279500,291500,267500,282500,323617.647058824,354231.932773109,383424.789915966,413328.361344538,443231.932773109,273000,293003.361344538,263810.504201681,233906.932773109,204003.361344538,298406.25,308137.019230769,345939.909370121,337357.101033493
2026/07/08,289500,300000,262000,267000,327176.470588235,357513.970588235,386796.113445378,416605.93487395,446415.756302521,263000,296838.970588235,267556.827731092,237747.006302521,207937.18487395,301862.5,313639.423076923,348331.741770521,339663.044511355
2026/07/07,305000,317000,286000,291000,331558.823529412,361515.966386555,390876.680672269,420535.609243698,450194.537815126,258000,301601.680672269,272240.966386555,242582.037815126,212923.109243697,311262.5,321350.961538462,344527.075526839,339013.79742483
2026/07/06,315500,325000,303000,320000,333529.411764706,363120.483193277,392540.12605042,422045.483193277,451550.840336135,241000,303938.340336135,274518.697478992,245013.340336134,215507.983193277,319743.75,328420.673076923,341597.942929638,338066.088194487
2026/07/03,286000,315000,278000,314500,332705.882352941,361930.882352941,391523.739495798,420932.668067227,450341.596638656,231500,303480.882352941,273888.025210084,244479.096638656,215070.168067227,321462.5,330524.038461539,344866.31554078,340262.939592227
2026/07/02,307500,307500,281500,290500,331705.882352941,360746.953781513,390288.025210084,419579.096638656,448870.168067227,235000,302664.81092437,273123.739495798,243832.668067227,214541.596638655,323662.5,331370.192307692,348947.882669192,343769.625926231
2026/07/01,336000,340000,311500,316000,333852.941176471,362752.941176471,392263.655462185,421469.012605042,450674.369747899,230000,304952.941176471,275442.226890756,246236.869747899,217031.512605042,334687.5,337456.730769231,344707.481666092,342954.704928164
2026/06/30,325500,343000,321000,333000,333088.235294118,361882.878151261,391327.521008403,420447.163865546,449566.806722689,242000,304293.592436975,274848.949579832,245729.306722689,216609.663865546,339193.75,339939.903846154,340212.052366369,340349.93036541
2026/06/29,337000,345000,316000,325000,332852.941176471,361638.655462185,390895.798319328,419917.226890756,448938.655462185,242000,304067.226890756,274810.084033613,245788.655462185,216767.226890756,338850,340807.692307692,335562.325357744,336164.025979894
2026/06/26,358000,361000,321500,339000,333852.941176471,362867.226890756,391440.441176471,420234.191176471,449027.941176471,233500,304838.655462185,276265.441176471,247471.691176471,218677.941176471,343125,340875,327413.232188574,330109.814015985
2026/06/25,360500,369500,352000,359500,335235.294117647,364428.151260504,392363.865546218,420928.151260504,449492.43697479,259000,306042.43697479,278106.722689076,249542.43697479,220978.151260504,344525,340663.461538462,323201.953488528,327006.528939528
2026/06/24,305000,342000,300500,339500,334970.588235294,364252.731092437,391668.802521008,420017.909663866,448367.016806723,213500,305688.445378151,278272.37394958,249923.266806723,221574.159663866,343800,337365.384615385,321171.990492859,323181.840164224
2026/06/23,358500,362000,310000,310500,333735.294117647,363096.008403361,390156.722689076,418367.43697479,446578.151260504,214000,304374.579831933,277313.865546218,249103.151260504,220892.43697479,343212.5,336024.038461539,320812.467367922,322847.392785644
2026/06/22,351000,363000,342000,356500,332852.941176471,362272.584033613,388715.441176471,416646.691176471,444577.941176471,218000,303433.298319328,276990.441176471,249059.191176471,221127.941176471,346181.25,336954.326923077,310572.413608077,317314.977797115
2026/06/19,380000,380000,346000,350500,330323.529411765,359916.386554622,385730.672268908,413434.243697479,441137.81512605,255000,300730.672268908,274916.386554622,247212.81512605,219509.243697479,340993.75,333497.596153846,310781.211595041,317533.596618127
2026/06/18,346000,364000,341500,363500,327500,357041.071428571,382223.214285714,409584.821428572,436946.428571429,252500,297958.928571429,272776.785714286,245415.178571429,218053.571428571,336925,332201.923076923,307721.341133941,314928.21386469
2026/06/17,339500,348000,331000,343000,323352.941176471,352863.655462185,377388.655462185,404406.512605042,431424.369747899,273000,293842.226890756,269317.226890756,242299.369747899,215281.512605042,327393.75,326689.903846154,309080.710374856,314315.697199783
2026/06/16,348000,352500,332500,343000,320529.411764706,349974.054621849,373802.62605042,400439.233193277,427075.840336135,260000,291084.768907563,267256.197478992,240619.590336134,213982.983193277,321968.75,323987.980769231,306684.650583326,311449.254837657
2026/06/15,337500,345000,334000,341500,316852.941176471,346110.084033613,369349.369747899,395597.584033613,421845.798319328,263500,287595.798319328,264356.512605042,238108.298319328,211860.084033613,320306.25,322790.865384615,307536.078472251,311080.462873509
2026/06/12,313000,339000,313000,324500,312852.941176471,341426.155462185,364144.012605042,389789.548319328,415435.084033613,251500,284279.726890756,261561.869747899,235916.334033613,210270.798319328,317768.75,322603.365384615,307009.633187955,308373.267479565
2026/06/11,292000,308500,283000,306000,310323.529411765,338259.243697479,360398.529411765,385436.029411765,410473.529411765,253500,282387.81512605,260248.529411765,235211.029411765,210173.529411765,320125,323298.076923077,305512.156846291,305779.175588382
2026/06/10,319500,319500,295250,297500,308411.764705882,335827.836134454,357217.12184874,381619.800420168,406022.478991597,273500,280995.693277311,259606.407563025,235203.728991597,210801.050420168,324506.25,323656.25,301597.988238456,303007.011540382
2026/06/09,310000,327500,300000,327000,308147.058823529,335207.773109244,355575.630252101,379289.915966387,403004.201680672,268000,281086.344537815,260718.487394958,237004.201680672,213289.915966387,330881.25,322877.403846154,290454.977148308,295161.756488117
2026/06/08,304500,316000,290500,303000,305764.705882353,332207.56302521,351846.848739496,374887.920168067,397928.991596639,257500,279321.848739496,259682.56302521,236641.491596639,213600.420168067,332837.5,319975.961538462,285917.483095859,291086.437223647
2026/06/05,343000,346000,321000,329000,303970.588235294,329784.87394958,348617.016806723,370940.231092437,393263.445378151,286500,278156.302521008,259324.159663866,237000.945378151,214677.731092437,334356.25,319117.788461539,273983.160464355,283530.17429379
2026/06/04,359000,366500,338500,342000,301411.764705882,326593.907563025,344518.907563025,366072.478991597,387626.050420168,282500,276229.62184874,258304.62184874,236751.050420168,215197.478991597,328756.25,314733.173076923,263754.737894056,275834.438382254
2026/06/02,356000,377000,342000,362500,297558.823529412,322083.823529412,338933.823529412,359621.323529412,380308.823529412,267000,273033.823529412,256183.823529412,235496.323529412,214808.823529412,322968.75,309911.057692308,256650.092074459,269988.685841476
2026/06/01,318000,355500,311000,355000,292147.058823529,315975.630252101,331799.201680672,351625.273109244,371451.344537815,291000,268318.487394958,252494.915966387,232668.844537815,212842.773109244,311843.75,301862.980769231,256353.900392381,267367.341250079
2026/05/29,303000,319000,303000,318500,287382.352941176,310621.638655462,325347.352941176,344329.852941176,363312.352941176,320000,264143.067226891,249417.352941176,230434.852941176,211452.352941176,300550,293596.153846154,260440.188068248,267716.824596497
2026/05/28,311000,313000,287500,295500,282176.470588235,304894.327731092,318657.899159664,336898.613445378,355139.327731092,314500,259458.613445378,245695.042016807,227454.327731092,209213.613445378,295887.5,290014.423076923,260233.64710546,266447.82301315
2026/05/27,320500,330000,306000,313500,277882.352941176,300021.638655462,312993.067226891,330548.424369748,348103.781512605,290500,255743.067226891,242771.638655462,225216.281512605,207660.924369748,293012.5,287908.653846154,254551.111411329,262221.466574071
2026/05/26,297000,303000,240000,302500,272764.705882353,294153.991596639,306547.56302521,323438.991596639,340330.420168067,316000,251375.420168067,238981.848739496,222090.420168067,205198.991596639,287731.25,284973.557692308,253216.414717099,259795.887312616
2026/05/22,299500,303500,291500,293000,267911.764705882,288279.62184874,300091.764705882,316181.764705882,332271.764705882,333000,247543.907563025,235731.764705882,219641.764705882,203551.764705882,284631.25,282877.403846154,253463.17598466,259418.64803791
2026/05/21,300000,300000,287000,295000,263911.764705882,283551.050420168,294853.907563025,310324.978991597,325796.050420168,325000,244272.478991597,232969.621848739,217498.550420168,202027.478991597,281400,279173.076923077,247566.978500509,253517.493600353
2026/05/20,276000,282500,263500,280500,259441.176470588,278273.319327731,289254.033613445,304160.462184874,319066.890756303,339000,240609.033613445,229628.319327731,214721.890756303,199815.462184874,280606.25,275790.865384615,243348.65251491,248461.28335464
2026/05/19,275500,281500,266000,273500,256029.411764706,273954.411764706,284906.554621849,299345.12605042,313783.697478992,359500,238104.411764706,227152.268907563,212713.697478992,198275.12605042,280956.25,273463.942307692,237800.537624018,243437.485105238
2026/05/18,270500,288500,262000,281500,252735.294117647,269585.294117647,280786.008403361,294811.365546218,308836.722689076,339500,235885.294117647,224684.579831933,210659.222689076,196633.865546218,280668.75,271218.75,229908.705667761,237160.128314821
2026/05/15,295500,296500,266000,273500,249176.470588235,265000.042016807,276464.327731092,290108.256302521,303752.18487395,310500,233352.899159664,221888.613445378,208244.68487395,194600.756302521,280600,268576.923076923,224079.467927268,232218.603560624
2026/05/14,282000,299500,282000,293000,245764.705882353,260490.420168067,272244.705882353,285484.705882353,298724.705882353,356500,231038.991596639,219284.705882353,206044.705882353,192804.705882353,278181.25,263762.019230769,215726.851267544,226074.556657473
2026/05/13,270000,288500,262000,286500,241352.941176471,255116.512605042,267191.512605042,280110.798319328,293030.084033613,350500,227589.369747899,215514.369747899,202595.084033613,189675.798319328,271525,256644.230769231,211985.935117823,222086.32879926
2026/05/12,286000,294500,266000,272500,237294.117647059,250265.546218487,262547.68907563,275174.474789916,287801.260504202,363500,224322.68907563,212040.546218487,199413.760504202,186786.974789916,266525,250240.384615385,209583.432890213,219492.664941669
2026/05/11,285000,294500,280000,285500,233735.294117647,246128.865546218,258576.008403361,270996.365546218,283416.722689076,343000,221341.722689076,208894.579831933,196474.222689076,184053.865546218,258993.75,244978.365384615,204063.286820675,215145.550015378
2026/05/08,261500,281500,260000,276500,229235.294117647,241047.43697479,253866.008403361,266181.365546218,278496.722689076,343000,217423.151260504,204604.579831933,192289.222689076,179973.865546218,248912.5,238504.807692308,203175.064786143,213219.943881967
2026/05/07,273000,289000,260000,270500,224764.705882353,236067.56302521,249231.134453782,261464.348739496,273697.56302521,341500,213461.848739496,200298.277310924,188065.06302521,175831.848739496,240318.75,232661.057692308,203454.420274603,212346.803939406
2026/05/06,239500,274000,239000,274000,221029.411764706,232010.12605042,245352.983193277,257514.768907563,269676.554621849,324500,210048.697478992,196705.840336134,184544.054621849,172382.268907563,232268.75,227622.596153846,204085.594834739,211220.079523187
2026/05/04,223500,232500,223500,230000,216852.941176471,227805.084033613,241177.941176471,253340.441176471,265502.941176471,306000,205900.798319328,192527.941176471,180365.441176471,168202.941176471,223837.5,221706.730769231,210393.235573356,213273.523329147
2026/04/30,227500,230000,220500,222500,215852.941176471,227053.655462185,240387.941176471,252655.441176471,264922.941176471,297500,204652.226890756,191317.941176471,179050.441176471,166782.941176471,222175,220336.538461538,208848.323641024,211377.076118348
2026/04/29,218500,228000,217000,226500,214100,225564.285714286,238825,251187.5,263550,327000,202635.714285714,189375,177012.5,164650,221737.5,219052.884615385,205378.408964271,208331.245331167
2026/04/28,224500,227000,219000,220000,212352.941176471,224107.226890756,237206.512605042,249633.298319328,262060.084033613,303000,200598.655462185,187499.369747899,175072.584033613,162645.798319328,220306.25,217771.634615385,203382.91296475,206165.159774489
2026/04/27,220000,226000,217500,225000,210341.176470588,222416.176470588,235176.890756303,247594.74789916,260012.605042017,329000,198266.176470588,185505.462184874,173087.605042017,160669.74789916,220250,216961.538461538,200030.604882273,203365.799399509
2026/04/24,251500,251500,216500,219000,207435.294117647,219717.43697479,232143.151260504,244497.079831933,256851.008403361,342000,195153.151260504,182727.43697479,170373.508403361,158019.579831933,218487.5,215687.5,198772.85855182,201964.445347407
2026/04/23,220500,229500,216000,222500,205617.647058824,218064.789915966,230219.789915966,242520.861344538,254821.932773109,362500,193170.504201681,181015.504201681,168714.432773109,156413.361344538,217762.5,214050.961538462,194641.427633175,198315.735349577
2026/04/22,219000,223000,215500,217500,202335.294117647,215153.865546218,227048.151260504,239404.579831933,251761.008403361,355000,189516.722689076,177622.43697479,165266.008403361,152909.579831933,215887.5,211687.5,192867.082581095,196496.62626589
2026/04/21,217000,221000,216000,221000,199952.941176471,213116.512605042,224787.941176471,237205.441176471,249622.941176471,318500,186789.369747899,175117.941176471,162700.441176471,150282.941176471,214681.25,209812.019230769,189711.267701933,193793.345691016
2026/04/20,213000,219000,212000,215500,197352.941176471,210695.798319328,222295.798319328,234767.226890756,247238.655462185,295500,184010.084033613,172410.084033613,159938.655462185,147467.226890756,212356.25,206940.865384615,187838.318031719,191788.824554216
2026/04/17,221000,221000,215000,218000,195276.470588235,208649.327731092,220273.613445378,232772.18487395,245270.756302521,313500,181903.613445378,170279.327731092,157780.756302521,145282.18487395,210700,205730.769230769,185995.05525539,190302.769501153
2026/04/16,212000,218500,210500,217500,193729.411764706,207063.697478992,218878.697478992,231453.340336134,244027.983193277,302500,180395.12605042,168580.12605042,156005.483193277,143430.840336134,208018.75,202176.442307692,183996.012844671,188153.197752335
2026/04/15,212500,215500,210000,212000,192152.941176471,205413.655462185,217480.798319328,230144.726890756,242808.655462185,293000,178892.226890756,166825.084033613,154161.155462185,141497.226890756,205275,199325,183837.008495483,187467.66831917
2026/04/14,206500,210000,205500,209000,190582.352941176,203681.638655462,216156.638655462,228943.781512605,241730.924369748,295000,177483.067226891,165008.067226891,152220.924369748,139433.781512605,203737.5,196333.653846154,182899.302836212,186222.655444297
2026/04/13,200000,204500,197200,200500,190041.176470588,202801.890756303,215747.605042017,228600.819327731,241454.033613445,280500,177280.462184874,164334.74789916,151481.533613445,138628.319327731,200020,193138.461538462,182509.555471031,185518.174401139
2026/04/10,209000,211000,205000,207000,189935.294117647,202361.008403361,215811.008403361,228748.865546219,241686.722689076,273500,177509.579831933,164059.579831933,151121.722689076,138183.865546218,198875,192025,181157.263010904,184781.046427045
2026/04/09,214000,215000,202000,203000,190082.352941176,202237.352941176,216095.924369748,229102.710084034,242109.495798319,281500,177927.352941176,164068.781512605,151061.995798319,138055.210084034,194236.25,188879.326923077,181704.91781793,185019.923799949
2026/04/08,199800,214500,199800,213000,189600,201494.285714286,215650,228675,241700,273500,177705.714285714,163550,150525,137500,189871.25,186573.557692308,181820.811360753,184985.873001224
2026/04/07,198000,209500,192000,192700,188305.882352941,199977.31092437,214455.168067227,227529.81092437,240604.453781513,293000,176634.453781513,162156.596638655,149081.953781513,136007.31092437,185118.75,183803.365384615,187161.729283613,188133.966523002
2026/04/06,186900,197600,184600,196800,187794.117647059,199394.117647059,214106.260504202,227262.331932773,240418.403361345,286500,176194.117647059,161481.974789916,148325.903361345,135169.831932773,181737.5,183252.884615385,188053.187112119,188490.295213
2026/04/03,182900,187200,181000,185800,187300,198924.285714286,213742.857142857,226964.285714286,240185.714285714,272500,175675.714285714,160857.142857143,147635.714285714,134414.285714286,179438.75,183422.596153846,192880.218027182,191661.091127265
2026/04/02,192700,195200,175000,175600,187500,199315,214026.428571429,227289.642857143,240552.857142857,285500,175685,160973.571428571,147710.357142857,134447.142857143,178845,184075,195761.39171428,193578.780804627
2026/04/01,178600,190800,175800,188100,188329.411764706,200396.554621849,214904.411764706,228191.911764706,241479.411764706,276500,176262.268907563,161754.411764706,148466.911764706,135179.411764706,179911.25,185273.557692308,194704.199503814,192717.375819595
2026/03/31,171600,174700,165700,166700,187352.941176471,199827.941176471,213983.655462185,227299.012605042,240614.369747899,270500,174877.941176471,160722.226890756,147406.869747899,134091.512605042,181002.5,185847.115384615,197714.061693132,194152.100960441
2026/03/30,173000,178500,170600,177000,188476.470588235,201422.18487395,215480.756302521,228982.899159664,242485.042016807,274000,175530.756302521,161472.18487395,147970.042016807,134467.899159664,185402.5,188681.730769231,196931.700759855,194476.746920061
2026/03/27,175200,181700,171500,176800,189447.058823529,202897.058823529,216669.915966387,230281.344537815,243892.773109244,230000,175997.058823529,162224.201680672,148612.773109244,135001.344537815,188263.75,191182.211538462,197744.240166605,195714.461209364
2026/03/26,190100,190100,178900,180200,189729.411764706,203587.983193277,217043.697478992,230700.840336134,244357.983193277,222500,175870.840336134,162415.12605042,148757.983193277,135100.840336134,191688.75,192803.365384615,196470.632850066,195387.391517064
2026/03/25,195400,196400,189000,191700,190070.588235294,204226.302521008,217374.87394958,231027.016806723,244679.159663866,226500,175914.87394958,162766.302521008,149114.159663866,135462.016806723,194213.75,193143.75,192985.679492398,193082.482446229
2026/03/24,197000,198200,185500,190700,191588.235294118,206066.092436975,218919.663865546,232585.378151261,246251.092436975,220000,177110.378151261,164256.806722689,150591.092436975,136925.378151261,195512.5,192435.576923077,192211.524023474,192448.670899779
2026/03/23,200000,200000,185100,185300,193488.235294118,208200.378151261,220738.949579832,234364.306722689,247989.663865546,225000,178776.092436975,166237.521008403,152612.163865546,138986.806722689,195778.75,192399.519230769,191330.756865376,191960.410032984
2026/03/20,204500,206000,198600,199800,194676.470588235,209495.042016807,221794.327731092,235353.256302521,248912.18487395,219000,179857.899159664,167558.613445378,153999.68487395,140440.756302521,196592.5,192500.961538462,187306.085322335,189470.153402422
2026/03/19,205000,205000,198200,198700,194747.058823529,209458.487394958,221618.487394958,235054.201680672,248489.915966387,222500,180035.630252101,167875.630252101,154439.915966387,141004.201680672,194381.25,191338.942307692,186779.17274696,189031.461250546
2026/03/18,196100,210000,196100,209500,194482.352941176,208990.210084034,221080.924369748,234380.210084034,247679.495798319,217500,179974.495798319,167883.781512605,154584.495798319,141285.210084034,191651.25,190362.019230769,187723.307341519,190125.624210928
2026/03/17,194400,198700,193100,194800,193352.941176471,207508.655462185,219573.655462185,232684.012605042,245794.369747899,221000,179197.226890756,167132.226890756,154021.869747899,140911.512605042,188140,189400,192315.228749514,192979.902186663
2026/03/16,184100,191100,182500,191000,193005.882352941,207064.453781513,218865.882352941,231795.882352941,244725.882352941,215500,178947.31092437,167145.882352941,154215.882352941,141285.882352941,187548.75,189730.288461538,193479.493829166,193497.901806765
2026/03/13,183000,186200,178300,184000,192500,206272.857142857,218003.571428571,230755.357142857,243507.142857143,218000,178727.142857143,166996.428571429,154244.642857143,141492.857142857,185011.25,189527.403846154,194281.498260892,193800.741019478
2026/03/12,189300,191500,185900,188400,192258.823529412,205714.537815126,217445.25210084,230038.466386555,242631.680672269,217500,178803.109243698,167072.394957983,154479.180672269,141885.966386555,185316.25,190044.711538462,192219.317016118,192071.750411549
2026/03/11,189800,194800,185100,189200,190988.235294118,204136.806722689,215926.092436975,228395.021008403,240863.949579832,212000,177839.663865546,166050.378151261,153581.449579832,141112.521008403,187645,191936.538461538,191198.267379097,190912.74827272
2026/03/10,184000,191500,180000,189700,189652.941176471,202506.512605042,213990.798319328,226159.726890756,238328.655462185,209000,176799.369747899,165315.084033613,153146.155462185,140977.226890756,188997.5,194037.5,190470.399544593,189833.923485585
2026/03/09,179800,181300,167300,171500,188111.764705882,200650.336134454,211833.193277311,223693.907563025,235554.621848739,200500,175573.193277311,164390.336134454,152529.62184874,140668.907563025,189615,194744.230769231,189870.931039586,188589.986651723
2026/03/06,189000,190100,181000,185800,187494.117647059,199793.403361345,210644.117647059,222219.117647059,233794.117647059,207000,175194.831932773,164344.117647059,152769.117647059,141194.117647059,196058.75,196911.057692308,183501.034642056,184232.349377687
2026/03/05,183500,199700,183500,193500,186041.176470588,198201.176470588,208609.74789916,219894.033613445,231178.319327731,203000,173881.176470588,163472.605042017,152188.319327731,140904.033613445,200303.75,196705.288461538,178480.237172819,180288.729146595
2026/03/04,190000,195900,171900,181600,184547.058823529,196637.773109244,206543.487394958,217541.701680672,228539.915966387,213000,172456.344537815,162550.630252101,151552.415966387,140554.201680672,201303.75,195466.826923077,174720.209881147,176979.721023862
2026/03/03,214000,215000,184600,186000,183717.647058824,195782.647058824,205202.647058824,215945.147058824,226687.647058824,192700,171652.647058824,162232.647058824,151490.147058824,140747.647058824,203700,195226.923076923,167230.689796894,172074.525223357
2026/02/27,218000,223000,210000,217500,181670.588235294,193472.016806723,202418.445378151,212792.37394958,223166.302521008,196800,169869.159663866,160922.731092437,150548.802521008,140174.87394958,204295,194040.384615385,155853.33697024,164082.753607726
2026/02/26,207500,228500,205500,223000,178335.294117647,190066.008403361,198531.008403361,208628.865546218,218726.722689076,185800,166604.579831933,158139.579831933,148041.722689076,137943.865546218,199225,189521.153846154,152872.66201707,161091.061054055
2026/02/25,202000,206500,201000,205500,174694.117647059,186424.831932773,194355.546218487,204186.260504202,214016.974789916,175600,162963.403361345,155032.68907563,145201.974789916,135371.260504202,192302.5,183897.115384615,153794.462503428,160392.047486455
2026/02/24,194700,201500,190700,201000,172270.588235294,184059.87394958,191457.016806723,201050.231092437,210643.445378151,188100,160481.302521008,153084.159663866,143490.945378151,133897.731092437,187555,179998.076923077,152784.789956265,158912.818262945
2026/02/23,191500,197600,190500,194200,169852.941176471,181337.226890756,188570.798319328,197929.726890756,207288.655462185,166700,158368.655462185,151135.084033613,141776.155462185,132417.226890756,183101.25,175738.942307692,151531.682945645,157077.318043161
2026/02/20,189800,191200,188400,190300,167394.117647059,178576.974789916,185669.831932773,194807.68907563,203945.546218487,177000,156211.260504202,149118.403361345,139980.546218487,130842.68907563,178286.25,172379.326923077,150378.608465371,155576.252522058
2026/02/19,182100,190900,182100,188900,165123.529411765,175974.243697479,182884.957983193,191765.672268908,200646.386554622,176800,154272.81512605,147362.100840336,138481.386554622,129600.672268908,174081.25,169431.25,149896.483343395,154702.006073908
2026/02/13,177000,184400,176300,182400,163076.470588235,173485.042016807,180258.613445378,188849.68487395,197440.756302521,180200,152667.899159664,145894.327731092,137303.256302521,128712.18487395,170241.25,167185.096153846,150670.07722629,154622.260741788
2026/02/12,169500,180000,169500,179900,161152.941176471,171058.655462185,177755.084033613,186056.155462185,194357.226890756,191700,151247.226890756,144550.798319328,136249.726890756,127948.655462185,167170,165388.461538462,150749.533447797,153962.35804406
2026/02/11,165400,168600,162000,166800,158952.941176471,168372.941176471,174967.226890756,182974.369747899,190981.512605042,190700,149532.941176471,142938.655462185,134931.512605042,126924.369747899,163496.25,162537.019230769,151540.692495301,153608.570266548
2026/02/10,166700,168100,165300,166500,157858.823529412,166805.25210084,173303.823529412,181026.323529412,188748.823529412,185300,148912.394957983,142413.823529412,134691.323529412,126968.823529412,163251.25,161581.25,150218.984463742,152294.215476942
2026/02/09,165000,170000,163200,163500,156858.823529412,165323.823529412,171710.25210084,179135.966386555,186561.680672269,199800,148393.823529412,142007.394957983,134581.680672269,127155.966386555,163013.75,160766.826923077,149279.260387913,151244.423656763
2026/02/06,152000,161600,111600,161000,155770.588235294,163701.302521008,169997.016806723,177110.231092437,184223.445378151,198700,147839.87394958,141544.159663866,134430.945378151,127317.731092437,161833.75,160286.057692308,147144.135060491,149252.916170991
2026/02/05,165000,165000,158500,161100,154505.882352941,161903.025210084,168084.453781513,174873.739495798,181663.025210084,209500,147108.739495798,140927.31092437,134138.025210084,127348.739495798,161745,159505.769230769,146663.037066914,149264.084307759
2026/02/04,164900,169400,162100,168100,153152.941176471,160386.512605042,166407.941176471,173035.441176471,179662.941176471,194800,145919.369747899,139897.941176471,133270.441176471,126642.941176471,161201.25,158465.865384615,144475.942644484,147705.035010029
2026/02/03,153000,168300,153000,167500,151382.352941176,158475.210084034,164310.210084034,170774.138655462,177238.067226891,191000,144289.495798319,138454.495798319,131990.567226891,125526.638655462,159796.25,156725.480769231,144008.87365662,146901.287293262
2026/02/02,158000,159600,150400,151200,149747.058823529,156657.773109244,162325.630252101,168614.915966387,174904.201680672,184000,142836.344537815,137168.487394958,130879.201680672,124589.915966387,158198.75,155022.596153846,144324.595653987,146486.787045329
2026/01/30,161500,166500,160100,160800,149064.705882353,155838.277310924,161355.420168067,167500.777310924,173646.134453782,188400,142291.134453782,136773.991596639,130628.634453782,124483.277310924,158225,154478.846153846,139903.256289478,143324.042802266
2026/01/29,163500,168200,157100,161100,147929.411764706,154625.840336134,159918.697478992,165913.340336134,171907.983193277,189200,141232.983193277,135940.12605042,129945.483193277,123950.840336134,156171.25,152462.019230769,137005.278688786,140743.541121371
2026/01/28,160300,164800,160100,164300,146505.882352941,153100.168067227,158146.596638655,163966.953781513,169787.31092437,189700,139911.596638655,134865.168067227,129044.81092437,123224.453781513,154665,150767.307692308,134587.759486244,138520.082909094
2026/01/27,152100,159900,149200,159900,145058.823529412,151557.394957983,156396.680672269,162065.609243698,167734.537815126,171500,138560.25210084,133720.966386555,128052.037815126,122383.109243697,152280,148896.153846154,133657.317120617,137068.220324526
2026/01/26,152100,156600,151500,152400,143258.823529412,149645.25210084,154273.109243698,159780.25210084,165287.394957983,185800,136872.394957983,132244.537815126,126737.394957983,121230.25210084,149608.75,147184.134615385,133105.716084974,136053.22530541
2026/01/23,153600,156000,150100,151700,141376.470588235,147672.18487395,152077.899159664,157428.613445378,162779.327731092,193500,135080.756302521,130675.042016807,125324.327731092,119973.613445378,148382.5,145958.653846154,131151.39316082,134292.337141808
2026/01/22,152100,160000,150800,154100,139441.176470588,145622.605042017,149816.176470588,155003.676470588,160191.176470588,181600,133259.74789916,129066.176470588,123878.676470588,118691.176470588,147312.5,144539.423076923,128988.566122686,132322.942269559
2026/01/21,143500,149800,141000,149700,137258.823529412,143280.25210084,147262.394957983,152264.180672269,157265.966386555,186000,131237.394957983,127255.25210084,122253.466386555,117251.680672269,145396.25,142979.326923077,127730.606450331,130725.624208596
2026/01/20,148900,149300,138000,142500,135000,140835,144632.142857143,149448.214285714,154264.285714286,217500,129165,125367.857142857,120551.785714286,115735.714285714,143751.25,141569.711538462,125995.250127252,128880.139225598
2026/01/19,149200,150600,146600,148200,133176.470588235,138844.327731092,142477.18487395,147127.542016807,151777.899159664,223000,127508.613445378,123875.756302521,119225.399159664,114575.042016807,143130,140538.461538462,122053.312740136,125705.06925876
2026/01/16,144500,149500,143800,149500,130970.588235294,136487.731092437,139978.445378151,144482.37394958,148986.302521008,205500,125453.445378151,121962.731092437,117458.802521008,112954.87394958,141691.25,138988.942307692,119238.203921921,122977.665382815
2026/01/15,138900,145100,138300,145000,128447.058823529,133739.915966387,137134.201680672,141477.773109244,145821.344537815,201000,123154.201680672,119759.915966387,115416.344537815,111072.773109244,139923.75,136951.442307692,117505.426203336,120870.082858127
2026/01/14,138200,140300,136500,139500,126276.470588235,131322.899159664,134682.18487395,138885.042016807,143087.899159664,194200,121230.042016807,117870.756302521,113667.899159664,109465.042016807,139052.5,135324.038461538,115539.478897203,118717.839086746
2026/01/13,139300,140700,136900,138100,124429.411764706,129268.697478992,132591.554621849,136672.62605042,140753.697478992,190300,119590.12605042,116267.268907563,112186.197478992,108105.12605042,138615,133609.615384615,112779.806019639,116283.950712539
2026/01/12,141900,142700,136900,138000,122388.235294118,127016.092436975,130317.521008403,134282.163865546,138246.806722689,188900,117760.378151261,114458.949579832,110494.306722689,106529.663865546,137388.75,131449.519230769,109666.569616208,113682.158465573
2026/01/09,138000,140700,135200,139700,120482.352941176,124888.067226891,128213.781512605,132079.495798319,135945.210084034,182400,116076.638655462,112750.924369748,108885.210084034,105019.495798319,136358.75,129041.826923077,106434.676399705,111027.326785437
2026/01/08,141500,144500,137000,139600,118647.058823529,122840.630252101,126207.058823529,129987.058823529,133767.058823529,179900,114453.487394958,111087.058823529,107307.058823529,103527.058823529,133900,126407.692307692,104200.217596353,109136.671471915
2026/01/07,139500,144400,137600,141500,116770.588235294,120752.731092437,124164.87394958,127862.016806723,131559.159663866,166800,112788.445378151,109376.302521008,105679.159663866,101982.016806723,130211.25,123427.403846154,102079.993111672,107223.398604807
2026/01/06,138200,140200,132700,136900,114829.411764706,118626.554621849,122085.12605042,125712.983193277,129340.840336134,166500,111032.268907563,107573.697478992,103945.840336134,100317.983193277,126066.25,120087.019230769,101080.245793805,105840.532826598
2026/01/05,128500,139900,128200,139700,113152.941176471,116785.798319328,120291.512605042,123860.798319328,127430.084033613,163500,109520.084033613,106014.369747899,102445.084033613,98875.7983193277,122438.75,117245.673076923,100403.6667732,104863.472580997
2026/01/02,120200,129600,120000,129300,111376.470588235,114867.18487395,118456.470588235,121996.470588235,125536.470588235,161000,107885.756302521,104296.470588235,100756.470588235,97216.4705882353,117530,113976.923076923,102277.999752692,105373.646266095
2025/12/30,119400,121200,118700,120400,110135.294117647,113529.579831933,117219.579831933,120761.722689076,124303.865546218,161100,106741.008403361,103051.008403361,99508.8655462185,95966.7226890756,114425,111821.153846154,103509.838369525,105693.568908287
2025/12/29,117300,120300,116000,118800,109223.529411765,112582.81512605,116358.529411765,119926.029411765,123493.529411765,168100,105864.243697479,102088.529411765,98521.0294117647,94953.5294117647,112686.25,110594.711538462,103607.194211558,105496.427583136
2025/12/26,112000,117100,111600,117000,108394.117647059,111716.974789916,115586.974789916,119183.403361345,122779.831932773,167500,105071.260504202,101201.260504202,97604.8319327731,94008.4033613445,110503.75,109232.211538462,104139.406457881,105622.500339255
2025/12/24,112000,112500,110900,111300,107629.411764706,110930.840336134,114885.840336134,118514.054621849,122142.268907563,151200,104327.983193277,100372.983193277,96744.768907563,93116.5546218487,108901.25,108231.25,105133.603355224,106082.36197196
2025/12/23,111000,112500,110400,111500,107000,110325.714285714,114357.142857143,118035.714285714,121714.285714286,160800,103674.285714286,99642.8571428571,95964.2857142857,92285.7142857143,108406.25,107937.019230769,104839.820317991,105724.42900355
2025/12/22,108500,110700,108300,110700,106411.764705882,109778.193277311,113876.050420168,117608.193277311,121340.336134454,161100,103045.336134454,98947.4789915966,95215.3361344538,91483.1932773109,107358.75,107445.673076923,104599.802004437,105265.097586639
2025/12/19,108900,109800,106200,106600,105982.352941176,109394.495798319,113578.781512605,117376.995798319,121175.210084034,164300,102570.210084034,98385.9243697479,94587.7100840336,90789.4957983193,106711.25,107077.403846154,104564.890034188,104924.27972033
2025/12/18,104400,109300,104400,108100,105776.470588235,109235.042016807,113557.899159664,117448.613445378,121339.327731092,159900,102317.899159664,97995.0420168067,94104.3277310925,90213.6134453782,107013.75,107089.903846154,103790.771049875,104268.209610737
2025/12/17,103500,108200,103300,108100,105223.529411765,108729.243697479,113181.386554622,117160.31512605,121139.243697479,152400,101717.81512605,97265.6722689076,93286.743697479,89307.8151260504,107061.25,106888.942307692,103236.905178621,103631.142723502
2025/12/16,105800,105800,102700,103400,104570.588235294,108159.87394958,112734.159663866,116815.945378151,120897.731092437,151700,100981.302521008,96407.0168067227,92325.231092437,88243.4453781513,107107.5,106641.346153846,103111.38741361,103327.170051784
2025/12/15,106200,106400,104600,105600,104041.176470588,107731.176470588,112436.890756303,116634.74789916,120832.605042017,154100,100351.176470588,95645.462184874,91447.6050420168,87249.7478991597,107701.25,106735.096153846,101908.677059415,102577.515057673
2025/12/12,107300,108900,106100,108500,103794.117647059,107569.831932773,112406.260504202,116712.331932773,121018.403361345,149700,100018.403361345,95181.974789916,90875.9033613446,86569.8319327731,108035,106582.692307692,100730.825403597,101770.107115478
2025/12/11,108700,110500,107300,107700,103158.823529412,107028.823529412,111985.966386555,116399.537815126,120813.109243697,142500,99288.8235294118,94331.6806722689,89918.1092436975,85504.5378151261,107723.75,105924.519230769,100185.362672373,101302.98074044
2025/12/10,108400,109800,107400,108500,102594.117647059,106549.117647059,111605.546218487,116111.260504202,120616.974789916,148200,98639.1176470588,93582.6890756303,89076.974789916,84571.2605042017,107000,105069.230769231,99218.9278709693,100513.833056687
2025/12/09,107500,110600,107300,108400,102105.882352941,106137.31092437,111273.025210084,115856.596638655,120440.168067227,149500,98074.4537815126,92938.7394957983,88355.1680672269,83771.5966386555,106182.5,104089.423076923,98494.4139501523,99858.3294929506
2025/12/08,111500,112000,108000,109500,101464.705882353,105562.56302521,110771.848739496,115425.420168067,120078.991596639,145000,97366.8487394958,92157.5630252101,87503.9915966387,82850.4201680672,105430,103507.692307692,98157.2626871682,99544.9533929569
2025/12/05,104700,108400,104300,108200,101058.823529412,105243.109243697,110493.109243697,115210.25210084,119927.394957983,139500,96874.5378151261,91624.5378151261,86907.3949579832,82190.2521008403,104140,102653.846153846,97900.8025301867,99031.1255457263
2025/12/04,104000,105300,103200,104900,100805.882352941,105128.739495798,110363.025210084,115141.596638655,119920.168067227,138100,96483.025210084,91248.7394957983,86470.1680672269,81691.5966386555,102876.25,101671.634615385,98374.2311019836,99176.6337416254
2025/12/03,104300,105500,103900,104700,100758.823529412,105210.966386555,110422.394957983,115254.180672269,120085.966386555,138000,96306.6806722689,91095.2521008403,86263.4663865546,81431.6806722689,102232.5,100997.115384615,98471.3953670365,99183.0704622206
2025/12/02,101000,104000,100800,104000,100558.823529412,105133.109243697,110295.25210084,115163.466386555,120031.680672269,139700,95984.5378151261,90822.3949579832,85954.1806722689,81085.9663865546,101428.75,100076.442307692,98904.7939177001,99431.7228854844
2025/12/01,101500,102800,99900,100600,100176.470588235,104882.18487395,109983.613445378,114887.18487395,119790.756302521,139600,95470.756302521,90369.3277310925,85465.756302521,80562.1848739496,100736.25,99860.0961538462,100103.942680445,100380.321844631
2025/11/28,103500,103800,100500,101500,100117.647058824,104954.075630252,109952.647058824,114870.147058824,119787.647058824,141500,95281.218487395,90282.6470588235,85365.1470588235,80447.6470588235,100195,99805.7692307692,100417.253205476,100798.805283016
2025/11/27,104300,105500,102700,103400,100047.058823529,105004.201680672,109906.344537815,114835.987394958,119765.630252101,136900,95089.9159663866,90187.7731092437,85258.1302521009,80328.487394958,99272.5,99693.2692307692,100873.107460616,101256.916130065
2025/11/26,100100,103200,99300,103100,100094.117647059,105150.546218487,109951.260504202,114879.831932773,119808.403361345,139700,95037.6890756303,90236.974789916,85308.4033613445,80379.8319327731,98872.5,99412.5,101481.428158631,101520.535141465
2025/11/25,98800,101500,97800,98700,100576.470588235,105712.18487395,110409.327731092,115325.756302521,120242.18487395,129300,95440.756302521,90743.6134453782,85827.1848739496,80910.756302521,97982.5,98847.1153846154,102417.959317828,101900.57943385
2025/11/24,96700,99000,95700,97000,101105.882352941,106315.168067227,110913.739495798,115817.668067227,120721.596638655,120400,95896.5966386555,91298.025210084,86394.0966386555,81490.1680672269,98166.25,99125.4807692308,102816.415288588,102101.631711353
2025/11/21,97400,98100,93500,94400,101535.294117647,106785.294117647,111286.722689076,116162.43697479,121038.151260504,118800,96285.2941176471,91783.8655462185,86908.1512605042,82032.4369747899,98917.5,99683.6538461538,102719.844439006,102002.50303001
2025/11/20,99400,102900,99100,101400,101964.705882353,107198.991596639,111604.705882353,116424.705882353,121244.705882353,117000,96730.4201680672,92324.7058823529,87504.7058823529,82684.7058823529,99833.75,100666.826923077,102096.577703624,101867.871873127
2025/11/19,97700,97900,94600,97700,101852.941176471,107064.369747899,111394.369747899,116165.084033613,120935.798319328,111300,96641.512605042,92311.512605042,87540.7983193277,82770.0840336134,99947.5,101041.346153846,103118.940201615,102597.738786034
2025/11/18,98600,100900,97500,98100,102088.235294118,107250.378151261,111514.663865546,116227.878151261,120941.092436975,111500,96926.0924369748,92661.8067226891,87948.5924369748,83235.3781512605,100555,101413.461538462,103266.064557784,102893.09598627
2025/11/17,99000,101000,98600,100200,102135.294117647,107236.722689076,111428.151260504,116074.579831933,120721.008403361,110700,97033.8655462185,92842.4369747899,88196.0084033614,83549.5798319328,101248.75,101745.673076923,102826.176815093,102677.029768323
2025/11/14,100400,100900,97000,97500,101911.764705882,106910.336134454,111076.050420168,115658.193277311,120240.336134454,106600,96913.1932773109,92747.4789915966,88165.3361344538,83583.1932773109,101365,101809.615384615,102493.980296931,102398.949839028
2025/11/13,102500,104200,102300,102600,101958.823529412,106860.966386555,111020.966386555,115552.037815126,120083.109243697,108100,97056.6806722689,92896.6806722689,88365.6092436975,83834.5378151261,101783.75,102305.288461538,101099.261010999,101556.853788438
2025/11/12,104000,104300,101600,103900,101682.352941176,106483.067226891,110655.924369748,115142.710084034,119629.495798319,108100,96881.6386554622,92708.7815126051,88221.9957983194,83735.2100840336,102027.5,102814.423076923,100536.181723905,101072.732431738
2025/11/11,103200,106000,102000,104100,101341.176470588,106038.319327731,110183.319327731,114604.390756303,119025.462184874,103400,96644.0336134454,92499.0336134454,88077.962184874,83656.8907563025,101905,102859.615384615,100205.343773506,100618.691633877
2025/11/10,98000,101300,97700,101300,100882.352941176,105480.924369748,109572.352941176,113917.352941176,118262.352941176,105600,96283.7815126051,92192.3529411765,87847.3529411765,83502.3529411765,101927.5,102575.961538462,99967.817809947,100097.781698895
2025/11/07,97800,100300,94000,97500,100670.588235294,105172.016806723,109186.302521008,113444.159663866,117702.016806723,108500,96169.1596638656,92154.8739495798,87897.0168067227,83639.1596638656,102952.5,102485.576923077,99505.6254843865,99595.503765932
2025/11/06,101600,104700,98800,99600,100552.941176471,104958.655462185,108894.369747899,113065.084033613,117235.798319328,107700,96147.2268907563,92211.512605042,88040.7983193277,83870.0840336134,104097.5,102625.961538462,97830.5885544593,98476.1604995882
2025/11/05,103500,103800,96700,100300,100047.058823529,104377.058823529,108212.058823529,112294.558823529,116377.058823529,108500,95717.0588235294,91882.0588235294,87799.5588235294,83717.0588235294,104698.75,102699.519230769,95764.3801396953,96978.6183340011
2025/11/04,111500,113400,102100,104200,99711.7647058824,103976.050420168,107699.62184874,111693.550420168,115687.478991597,108400,95447.4789915966,91723.9075630252,87729.9789915966,83736.0504201681,104751.25,102458.173076923,93450.0097102084,95441.560657715
2025/11/03,105500,111500,105500,111300,99141.1764705882,103332.605042017,106945.462184874,110847.605042017,114749.74789916,109500,94949.7478991597,91336.8907563025,87434.7478991597,83532.6050420168,103793.75,101720.673076923,91214.9984410155,93750.8841276646
2025/10/31,109200,109200,101500,107700,97847.0588235294,102012.773109244,105510.630252101,109342.415966387,113174.201680672,108200,93681.3445378151,90183.487394958,86351.7016806723,82519.9159663866,102021.25,100300.480769231,91170.0637085853,93263.8780481797
2025/10/30,101700,105800,100700,104300,96594.1176470588,100754.117647059,104100.546218487,107853.760504202,111606.974789916,104900,92434.1176470588,89087.6890756303,85334.474789916,81581.2605042017,100528.75,99045.6730769231,91050.8847365906,92796.5896905397
2025/10/29,100200,101700,99100,101700,95394.1176470588,99566.974789916,102749.831932773,106427.68907563,110105.546218487,104700,91221.2605042017,88038.4033613445,84360.5462184874,80682.6890756303,99351.25,98285.0961538462,90667.651367826,92225.3561507334
2025/10/28,102500,103000,99100,99500,94382.3529411765,98527.3529411765,101577.352941176,105174.852941176,108772.352941176,104000,90237.3529411765,87187.3529411765,83589.8529411765,79992.3529411765,98673.75,97670.6730769231,90186.3717215683,91718.6008065771
2025/10/27,99700,102000,99000,101700,93405.8823529412,97497.3109243697,100418.739495798,103925.168067227,107431.596638655,100600,89314.4537815126,86393.025210084,82886.5966386555,79380.1680672269,98401.25,97165.8653846154,88705.5228032338,90432.1503265027
2025/10/24,97200,99000,97200,98900,92464.7058823529,96478.9915966387,99261.8487394958,102660.420168067,106058.991596639,101500,88450.4201680672,85667.5630252101,82268.9915966387,78870.4201680672,97653.75,96189.9038461538,87812.9483672641,89369.2208638823
2025/10/23,96500,98500,95200,96400,91670.5882352941,95606.3025210084,98244.1596638656,101530.945378151,104817.731092437,103400,87734.8739495798,85097.0168067227,81810.231092437,78523.4453781513,96900,95119.2307692308,86508.4038069836,88103.5322989117
2025/10/22,97500,98600,95500,98300,91005.8823529412,94840.8823529412,97357.3109243698,100533.025210084,103708.739495798,103100,87170.8823529412,84654.4537815126,81478.7394957983,78303.025210084,96917.5,94549.0384615385,84600.7194098684,86547.5851859281
2025/10/21,98500,99900,97300,97900,90135.2941176471,93858.8655462185,96252.4369747899,99311.0084033614,102369.579831933,98700,86411.7226890756,84018.1512605042,80959.5798319328,77901.0084033614,96400,93719.2307692308,83283.6730583271,85367.1736002789
2025/10/20,98100,99400,96000,98100,89076.4705882353,92689.3277310925,94955.756302521,97895.3991596639,100835.042016807,97000,85463.6134453782,83197.1848739496,80257.5420168067,77317.8991596639,95172.5,92712.5,81964.4333547538,84180.0863585207
2025/10/17,97500,99100,94400,96300,88047.0588235294,91544.9159663866,93673.487394958,96486.7016806723,99299.9159663866,94400,84549.2016806723,82420.6302521009,79607.4159663866,76794.2016806723,94091.25,91492.7884615385,80931.3277032446,83160.2764315407
2025/10/16,95000,97700,90200,97700,86994.1176470588,90340.5462184874,92331.2605042017,94999.8319327731,97668.4033613445,101400,83647.6890756303,81656.974789916,78988.4033613445,76319.8319327731,93136.25,90287.0192307692,79832.2364726728,82198.706991537
2025/10/15,91500,95600,91400,95500,85929.4117647059,89112.268907563,90974.4117647059,93496.9117647059,96019.4117647059,97700,82746.5546218487,80884.4117647059,78361.9117647059,75839.4117647059,91471.25,88915.8653846154,79416.5546547875,81593.1490972405
2025/10/14,95000,97500,90200,91000,84800,87850,89587.8571428571,91981.7857142857,94375.7142857143,98100,81750,80012.1428571429,77618.2142857143,75224.2857142857,89773.75,87528.3653846154,78709.9186384401,80739.5137436358
2025/10/13,93700,94800,90300,94600,83876.4705882353,86797.8991596639,88422.8991596639,90696.1134453782,92969.3277310925,100200,80955.0420168067,79330.0420168067,77056.8277310925,74783.6134453782,88732.5,86797.1153846154,76878.8407595587,79232.054099121
2025/10/10,89000,94500,89000,94500,82605.8823529412,85388.7394957983,86955.8823529412,89130.8823529412,91305.8823529412,97500,79823.025210084,78255.8823529412,76080.8823529412,73905.8823529412,87147.5,85599.0384615385,76387.8442219815,78511.2883600552
2025/10/02,86500,90300,86500,89300,81311.7647058824,83949.6218487395,85472.4789915966,87552.8361344538,89633.1932773109,102600,78673.9075630252,77151.0504201681,75070.6932773109,72990.3361344538,85400,84438.4615384615,76634.1685485947,78195.2295725573
2025/10/01,84300,86400,84100,86400,80258.8235294118,82775.2521008403,84257.3949579832,86256.6806722689,88255.9663865546,103900,77742.3949579832,76260.2521008403,74260.9663865546,72261.6806722689,84677.5,83575.9615384615,76140.0207858004,77453.4896080717
2025/09/30,85000,85500,83400,83900,79300,81693.5714285714,83146.4285714286,85069.6428571429,86992.8571428571,104100,76906.4285714286,75453.5714285714,73530.3571428571,71607.1428571429,84171.25,82742.7884615385,75269.9882089809,76524.0482764365
2025/09/29,83500,85000,82500,84500,78458.8235294118,80725.2521008403,82157.3949579832,84006.6806722689,85855.9663865546,101300,76192.3949579832,74760.2521008403,72910.9663865546,71061.6806722689,84085,82117.3076923077,73748.9241014005,75211.1805089739
2025/09/26,85500,85900,82400,82900,77605.8823529412,79734.4537815126,81157.3109243697,82933.025210084,84708.7394957983,97500,75477.3109243697,74054.4537815126,72278.7394957983,70503.025210084,83603.75,81274.5192307692,72562.4747477443,74167.2200498929
2025/09/25,84500,86200,84100,85700,76841.1764705882,78831.8907563025,80249.0336134454,81952.962184874,83656.8907563025,99600,74850.462184874,73433.3193277311,71729.3907563025,70025.462184874,83097.5,80625.9615384615,70824.2758820367,72811.3146411793
2025/09/24,84300,85500,83000,85400,75847.0588235294,77709.2016806723,79138.487394958,80784.2016806723,82429.9159663866,100300,73984.9159663866,72555.6302521009,70909.9159663866,69264.2016806723,82000,79438.4615384615,69868.0439430721,71891.8430220257
2025/09/23,84000,91000,83600,85100,74811.7647058824,76549.6218487395,78006.7647058824,79604.2647058824,81201.7647058824,104200,73073.9075630252,71616.7647058824,70019.2647058824,68421.7647058824,80668.75,78199.5192307692,69253.2992330532,71222.7789484299
2025/09/22,79900,84000,79900,83500,73911.7647058824,75536.7647058824,77026.0504201681,78583.1932773109,80140.3361344538,111300,72286.7647058824,70797.4789915966,69240.3361344538,67683.1932773109,79362.5,76862.5,68774.1605694924,70534.4580889949
2025/09/19,80800,81800,79600,79900,73105.8823529412,74673.025210084,76186.5966386555,77726.9537815126,79267.3109243697,107700,71538.7394957983,70025.1680672269,68484.8109243698,66944.4537815126,77955,75651.9230769231,68737.3414276688,70251.5453110995
2025/09/18,78400,80600,78300,80600,72564.7058823529,74087.5630252101,75626.1344537815,77156.8487394958,78687.5630252101,104300,71041.8487394958,69503.2773109244,67972.5630252101,66441.8487394958,76963.75,74693.75,68072.7725334017,69630.1288967543
2025/09/17,79600,79700,77100,78400,71970.5882352941,73452.731092437,75026.3025210084,76554.1596638656,78082.0168067227,101700,70488.4453781513,68914.8739495798,67387.0168067227,65859.1596638656,75547.5,73545.1923076923,67971.8425343924,69358.2693739955
2025/09/16,76300,79600,76300,79600,71552.9411764706,73005.7983193277,74628.6554621849,76166.512605042,77704.3697478992,99500,70100.0840336134,68477.2268907563,66939.3697478992,65401.512605042,74407.5,72664.4230769231,67785.9500575543,69124.3813272954
2025/09/15,75400,77600,75300,76300,71064.7058823529,72496.8487394958,74175.4201680672,75730.7773109244,77286.1344537815,101700,69632.5630252101,67953.9915966387,66398.6344537815,64843.2773109244,72987.5,71687.5,68411.911462177,69354.8145455148
2025/09/12,73400,75600,73100,75300,70747.0588235294,72169.9159663866,73922.0588235294,75509.5588235294,77097.0588235294,98900,69324.2016806723,67572.0588235294,65984.5588235294,64397.0588235294,71967.5,71072.1153846154,68762.9077612679,69485.0612614549
2025/09/11,72700,73600,72000,73000,70505.8823529412,71923.025210084,73774.4537815126,75408.7394957983,77043.025210084,96400,69088.7394957983,67237.3109243698,65603.025210084,63968.7394957983,70991.25,70481.25,69390.2266387178,69832.5555767087
2025/09/10,71500,72800,71400,72500,70335.2941176471,71764.5798319328,73703.8655462185,75388.1512605042,77072.4369747899,98300,68906.0084033614,66966.7226890756,65282.4369747899,63598.1512605042,70366.25,70090.8653846154,69818.4545388425,70117.563081491
2025/09/09,70200,71500,70000,71400,70200,71657.1428571429,73670,75405,77140,97900,68742.8571428571,66730,64995,63260,69937.5,69875.9615384615,70328.4340452819,70435.3145175271
2025/09/08,69500,70500,69300,70100,70217.6470588235,71706.9327731092,73791.2184873949,75578.0042016807,77364.7899159664,98100,68728.3613445378,66644.0756302521,64857.2899159664,63070.5042016807,69577.5,69756.7307692308,70810.6730004296,70755.5809767819
2025/09/05,70300,70600,69500,69600,70317.6470588235,71831.218487395,73991.2184873949,75828.0042016807,77664.7899159664,96300,68804.0756302521,66644.0756302521,64807.2899159664,62970.5042016807,69385,69836.5384615385,71013.7880920461,70896.5018692234
2025/09/04,69800,70100,69300,70000,70423.5294117647,71962.1008403361,74197.1008403361,76083.8865546218,77970.6722689076,97700,68884.9579831933,66649.9579831933,64763.1722689076,62876.3865546218,69461.25,69912.0192307692,70970.5514904541,70837.5326043101
2025/09/03,68800,69900,68500,69900,70482.3529411765,72055.9243697479,74341.6386554622,76271.281512605,78200.9243697479,95500,68908.781512605,66623.0672268908,64693.4243697479,62763.7815126051,69522.5,70000.9615384615,71188.6524574551,70972.5196510108
2025/09/02,67600,69500,67500,68800,70594.1176470588,72216.974789916,74544.8319327731,76520.1890756303,78495.5462184874,91000,68971.2605042017,66643.4033613445,64668.0462184874,62692.6890756303,69690,70157.6923076923,71511.9913688436,71185.0869357442
2025/09/01,69600,69600,67500,67800,70700,72378.5714285714,74742.8571428571,76764.2857142857,78785.7142857143,94600,69021.4285714286,66657.1428571429,64635.7142857143,62614.2857142857,69991.25,70404.3269230769,71605.8516065348,71295.6721962141
2025/08/29,69800,70500,69700,69800,70764.7058823529,72516.8487394958,74906.1344537815,76976.8487394958,79047.5630252101,94500,69012.5630252101,66623.2773109244,64552.5630252101,62481.8487394958,70553.75,70755.2884615385,71340.7501330098,71252.3544634117
2025/08/28,70500,70500,69600,69800,70770.5882352941,72622.0168067227,74998.4453781513,77112.3739495798,79226.3025210084,89300,68919.1596638656,66542.731092437,64428.8025210084,62314.8739495798,70722.5,70820.1923076923,71347.4274745476,71321.1863236805
2025/08/27,70600,70900,69800,70700,70776.4705882353,72715.756302521,75067.8991596639,77213.6134453782,79359.3277310925,86400,68837.1848739496,66485.0420168067,64339.3277310924,62193.6134453782,70857.5,70922.1153846154,71186.3660625569,71271.0820820415
2025/08/26,71600,71600,70300,70500,70676.4705882353,72689.3277310925,74997.8991596639,77158.6134453782,79319.3277310925,83900,68663.6134453782,66355.0420168067,64194.3277310924,62033.6134453782,70970,70980.7692307692,71067.3211808355,71189.1525801451
2025/08/25,72100,72600,71000,71300,70711.7647058824,72796.0504201681,75051.0504201681,77220.6932773109,79390.3361344538,84500,68627.4789915966,66372.4789915966,64202.8361344538,62033.1932773109,71011.25,71000.4807692308,70540.0744022107,70750.0384329383
2025/08/22,70800,71800,70600,71300,70788.2352941177,72948.2352941177,75123.9495798319,77291.8067226891,79459.6638655462,82900,68628.2352941177,66452.5210084034,64284.6638655462,62116.8067226891,70907.5,70952.8846153846,70274.8162575611,70488.182057376
2025/08/21,71400,71900,70600,70900,70747.0588235294,72982.0588235294,75087.0588235294,77257.0588235294,79427.0588235294,85700,68512.0588235294,66407.0588235294,64237.0588235294,62067.0588235294,70928.75,70880.2884615385,70018.6151078557,70220.1535202557
2025/08/20,69600,71800,68700,71200,70711.7647058824,72997.4789915966,75049.6218487395,77218.5504201681,79387.4789915966,85400,68426.0504201681,66373.9075630252,64204.9789915966,62036.0504201681,71075,70863.4615384615,69732.4065285689,69963.1188119594
2025/08/19,70000,70700,69700,70100,70400,72727.8571428571,74733.5714285714,76900.3571428571,79067.1428571429,85100,68072.1428571429,66066.4285714286,63899.6428571429,61732.8571428571,71057.5,70822.1153846154,69868.7694966863,70081.3100306944
2025/08/18,71100,71700,70000,70200,70158.8235294118,72523.1092436975,74470.9663865546,76627.0378151261,78783.1092436975,83500,67794.5378151261,65846.6806722689,63690.6092436975,61534.5378151261,71072.5,70843.2692307692,69637.180440207,69983.542034962
2025/08/14,72100,72100,71200,71700,69923.5294117647,72312.8151260504,74194.243697479,76329.6008403361,78464.9579831933,79900,67534.243697479,65652.8151260504,63517.4579831933,61382.1008403361,71213.75,70839.9038461538,69100.2991941766,69635.3175123421
2025/08/13,72200,72500,71400,71800,69582.3529411765,71958.781512605,73790.9243697479,75895.2100840336,77999.4957983193,80600,67205.9243697479,65373.7815126051,63269.4957983193,61165.2100840336,70991.25,70673.5576923077,68696.1394982467,69266.7222225336
2025/08/12,71100,72400,71000,71400,69358.8235294118,71710.9663865546,73499.5378151261,75569.8949579832,77640.2521008403,78400,67006.6806722689,65218.1092436975,63147.7521008403,61077.3949579832,70526.25,70271.6346153846,68103.6477963258,68672.2530043012
2025/08/11,72600,72600,70800,71000,69094.1176470588,71402.6890756303,73172.6890756303,75211.974789916,77251.2605042017,79600,66785.5462184874,65015.5462184874,62976.2605042017,60936.974789916,70357.5,70045.1923076923,67489.9425726244,68074.3700263902
2025/08/08,70500,72400,70100,71800,68841.1764705882,71096.1764705882,72852.6050420168,74858.3193277311,76864.0336134454,76300,66586.1764705882,64829.7478991597,62824.0336134454,60818.3193277311,70347.5,69960.5769230769,66790.4406063182,67420.52136907
2025/08/07,70000,71800,69700,70600,68417.6470588235,70593.3613445378,72363.3613445378,74336.2184873949,76309.0756302521,75300,66241.9327731092,64471.9327731092,62499.0756302521,60526.218487395,69992.5,69658.6538461538,66482.6498602797,67006.7838501942
2025/08/06,69900,69900,68300,68900,68011.7647058824,70116.7647058824,71895.3361344538,73837.1218487395,75778.9075630252,73000,65906.7647058824,64128.1932773109,62186.4075630252,60244.6218487395,70023.75,69539.9038461538,66110.4052031816,66605.4545081379
2025/08/05,70200,71500,69700,69900,67629.4117647059,69681.5546218487,71460.1260504202,73375.4831932773,75290.8403361345,72500,65577.268907563,63798.6974789916,61883.3403361345,59967.9831932773,70206.25,69275.4807692308,65363.4019042784,66049.6322351451
2025/08/04,69000,70200,68700,69900,67188.2352941177,69193.9495798319,70958.9495798319,72844.3067226891,74729.6638655462,71400,65182.5210084034,63417.5210084034,61532.1638655462,59646.8067226891,70032.5,68908.6538461538,64710.9916245075,65507.936223145
2025/08/01,71000,72000,68800,69000,66676.4705882353,68624.3277310925,70387.8991596639,72243.6134453782,74099.3277310925,70100,64728.6134453782,62965.0420168067,61109.3277310924,59253.6134453782,69841.25,68473.5576923077,64099.6927585109,65023.9752758609
2025/07/31,73300,74400,71000,71100,66182.3529411765,68063.781512605,69836.6386554622,71663.781512605,73490.9243697479,69600,64300.9243697479,62528.0672268908,60700.9243697479,58873.7815126051,69337.5,68075.9615384615,63011.1005238848,64231.200855869
2025/07/30,70300,73700,70000,72600,65623.5294117647,67455.6722689076,69232.1008403361,71036.3865546218,72840.6722689076,70000,63791.3865546218,62014.9579831933,60210.6722689076,58406.3865546218,68633.75,67547.5961538462,62171.0802254013,63457.1867053302
2025/07/29,70500,71600,68700,70600,65000,66788.5714285714,68568.5714285714,70352.8571428571,72137.1428571429,69900,63211.4285714286,61431.4285714286,59647.1428571429,57862.8571428571,67637.5,66799.0384615385,62093.3156806977,63137.7573795357
2025/07/28,65700,70400,65600,70300,64564.7058823529,66334.7058823529,68111.8487394958,69885.4201680672,71658.9915966387,68800,62794.7058823529,61017.5630252101,59243.9915966387,57470.4201680672,66923.75,66193.75,61862.6024012616,62730.4272582874
2025/07/25,66000,66300,65500,65900,64200,65956.4285714286,67732.1428571429,69498.2142857143,71264.2857142857,67800,62443.5714285714,60667.8571428571,58901.7857142857,57135.7142857143,66337.5,65464.4230769231,62104.7569903567,62641.1836361255
2025/07/24,66200,66800,65900,66000,63894.1176470588,65664.1176470588,67429.1176470588,69196.6176470588,70964.1176470588,69800,62124.1176470588,60359.1176470588,58591.6176470588,56824.1176470588,66300,65161.5384615385,61513.1533341954,62158.2642231172
2025/07/23,65100,66500,64900,66200,63576.4705882353,65355.0420168067,67104.3277310924,68868.256302521,70632.1848739496,69800,61797.8991596639,60048.6134453782,58284.6848739496,56520.756302521,66145,64782.6923076923,61007.3425187316,61772.2249257611
2025/07/22,67800,68500,65600,65900,63217.6470588235,64996.218487395,66729.7899159664,68485.8613445378,70241.9327731092,70700,61439.0756302521,59705.5042016807,57949.4327731093,56193.3613445378,65747.5,64429.8076923077,60677.2778398523,61554.6868696509
2025/07/21,67000,68800,66700,68000,62917.6470588235,64682.6470588235,66400.5042016807,68141.9327731092,69883.3613445378,70500,61152.6470588235,59434.7899159664,57693.3613445378,55951.9327731093,65233.75,64066.8269230769,60036.1430634928,61087.3562639876
2025/07/18,66700,67800,66300,66900,62464.7058823529,64228.2773109244,65924.7058823529,67654.7058823529,69384.7058823529,71300,60701.1344537815,59004.7058823529,57274.705882353,55544.705882353,64211.25,63323.5576923077,59941.3963647627,60859.1657639346
2025/07/17,64700,66800,64300,66700,62135.2941176471,63908.1512605042,65576.0084033613,67296.3655462185,69016.7226890756,71300,60362.4369747899,58694.5798319328,56974.2226890756,55253.8655462185,63430,62750,59875.6026272345,60666.6979241602
2025/07/16,63700,64700,63100,64600,61770.5882352941,63547.0168067227,65192.731092437,66903.8025210084,68614.8739495798,70900,59994.1596638656,58348.4453781513,56637.3739495798,54926.3025210084,62586.25,62202.4038461538,60145.8595589132,60682.6839021645
2025/07/15,62300,63800,62000,63700,61400,63180,64812.1428571429,66518.2142857143,68224.2857142857,71200,59620,57987.8571428571,56281.7857142857,54575.7142857143,62098.75,61968.75,60229.2996053733,60626.4144177566
2025/07/14,62500,62800,61800,62400,61158.8235294118,62935.9663865546,64547.3949579832,66241.6806722689,67935.9663865546,70100,59381.6806722689,57770.2521008403,56075.9663865546,54381.6806722689,61913.75,61862.9807692308,60280.4130707293,60549.9433030615
2025/07/11,61400,62800,61100,62400,60970.5882352941,62746.3025210084,64332.731092437,66013.8025210084,67694.8739495798,70200,59194.8739495798,57608.4453781513,55927.3739495798,54246.3025210084,61767.5,61714.4230769231,60204.7463560565,60445.2093872718
2025/07/10,60900,61200,60400,61200,60811.7647058824,62576.7647058824,64136.0504201681,65798.1932773109,67460.3361344538,71700,59046.7647058824,57487.4789915966,55825.3361344538,54163.1932773109,61735,61528.8461538462,60195.8336931592,60365.3905364854
2025/07/09,61800,61900,60200,60600,60635.2941176471,62384.5798319328,63911.0084033613,65548.8655462185,67186.7226890756,71800,58886.0084033613,57359.5798319328,55721.7226890756,54083.8655462185,61956.25,61348.5576923077,59859.8349748579,60091.1762524343
2025/07/08,61500,62400,60100,61600,60447.0588235294,62180.6302521008,63675.6302521008,65289.9159663866,66904.2016806723,71400,58713.487394958,57218.487394958,55604.2016806723,53989.9159663866,61978.75,61322.5961538462,59342.1523177314,59762.3379154475
2025/07/07,63000,63500,61700,62000,60229.4117647059,61947.268907563,63412.268907563,65003.6974789916,66595.1260504202,71000,58511.5546218487,57046.5546218487,55455.1260504202,53863.6974789916,61797.5,61149.0384615385,59037.9606123867,59586.9416372042
2025/07/04,64200,65000,63000,63200,60082.3529411765,61778.781512605,63218.781512605,64786.9957983193,66355.2100840336,71800,58385.9243697479,56945.9243697479,55377.7100840336,53809.4957983193,61563.75,61016.8269230769,58629.2068479198,59291.1647847634
2025/07/03,61000,64100,60800,64100,59888.2352941177,61556.0924369748,62972.5210084034,64514.6638655462,66056.8067226891,70600,58220.3781512605,56803.9495798319,55261.8067226891,53719.6638655462,61155,60655.7692307692,58410.9953695884,59015.4997410739
2025/07/02,60600,60900,59800,60700,59600,61245.7142857143,62632.1428571429,64148.2142857143,65664.2857142857,68900,57954.2857142857,56567.8571428571,55051.7857142857,53535.7142857143,60412.5,60035.5769230769,58717.8965700306,59021.4818378492
2025/07/01,59900,61100,59900,60600,59558.8235294118,61190.9663865546,62543.1092436975,64035.2521008403,65527.3949579832,69900,57926.6806722689,56574.5378151261,55082.3949579832,53590.2521008403,60403.75,59859.1346153846,58493.4234899389,58811.7682206887
2025/06/30,61500,61500,59800,60100,59476.4705882353,61087.8991596639,62416.4705882353,63886.4705882353,65356.4705882353,69900,57865.0420168067,56536.4705882353,55066.4705882353,53596.4705882353,60306.25,59729.3269230769,58333.9301272504,58668.241857234
2025/06/27,60600,61600,60000,60800,59341.1764705882,60927.6050420168,62251.1764705882,63706.1764705882,65161.1764705882,69000,57754.7478991597,56431.1764705882,54976.1764705882,53521.1764705882,60101.25,59696.6346153846,58009.2306437716,58426.9586449159
2025/06/26,61500,62100,59900,60300,59111.7647058824,60671.0504201681,61988.9075630252,63427.4789915966,64866.0504201681,71100,57552.4789915966,56234.6218487395,54796.0504201681,53357.4789915966,59818.75,59472.5961538462,57822.5526852277,58234.7818274743
2025/06/25,60800,61600,60300,61300,58876.4705882353,60402.8991596639,61717.1848739496,63137.5420168067,64557.8991596639,72600,57350.0420168067,56035.756302521,54615.3991596639,53195.0420168067,59527.5,59279.8076923077,57566.8749427121,58018.4619867007
2025/06/24,58500,60600,58500,60500,58576.4705882353,60071.4705882353,61380.0420168067,62781.8277310924,64183.6134453782,70600,57081.4705882353,55772.8991596639,54371.1134453782,52969.3277310924,59155,58986.5384615385,57651.8092636252,57967.9737153298
2025/06/23,58500,58900,57600,58300,58311.7647058824,59776.7647058824,61080.3361344538,62464.6218487395,63848.9075630252,70300,56846.7647058824,55543.1932773109,54158.9075630252,52774.6218487395,58862.5,58820.1923076923,57706.8231363387,57892.9843472376
2025/06/20,59300,59800,59100,59600,58070.5882352941,59510.5882352941,60809.1596638656,62178.4453781513,63547.731092437,65900,56630.5882352941,55332.0168067227,53962.731092437,52593.4453781513,58872.5,58866.3461538462,57273.8600690085,57583.6688409226
2025/06/19,60000,60600,59000,59200,57776.4705882353,59192.8991596639,60485.0420168067,61839.3277310924,63193.6134453782,66000,56360.0420168067,55067.8991596639,53713.6134453782,52359.3277310924,58677.5,58714.4230769231,57088.4732644639,57372.1812038283
2025/06/18,57900,59800,57600,59700,57500,58886.4285714286,60176.4285714286,61514.6428571429,62852.8571428571,66200,56113.5714285714,54823.5714285714,53485.3571428571,52147.1428571429,58757.5,58649.0384615385,56795.8797169246,57076.9355377134
2025/06/17,57500,59800,57400,58200,57217.6470588235,58569.7899159664,59863.3613445378,61186.218487395,62509.0756302521,65900,55865.5042016807,54571.9327731093,53249.0756302521,51926.218487395,58746.25,58475.4807692308,56828.033729391,56997.6936909401
2025/06/16,57900,58300,56900,57400,57076.4705882353,58405.0420168067,59702.1848739496,61015.0420168067,62327.8991596639,68000,55747.8991596639,54450.756302521,53137.8991596639,51825.0420168067,58821.25,58296.6346153846,56439.5854849227,56650.1643626732
2025/06/13,59700,60200,57700,57900,56994.1176470588,58317.6890756303,59604.8319327731,60910.1890756303,62215.5462184874,66900,55670.5462184874,54383.4033613445,53078.0462184874,51772.6890756303,59050,58157.6923076923,55841.1119933625,56239.0840679862
2025/06/12,59800,60100,59300,59500,56864.7058823529,58182.5630252101,59457.5630252101,60753.9915966387,62050.4201680672,66700,55546.8487394958,54271.8487394958,52975.4201680672,51678.9915966387,59080,57926.9230769231,55173.5962281437,55783.0087244103
2025/06/11,59400,60100,59300,59900,56717.6470588235,58031.9327731092,59301.218487395,60593.0042016807,61884.7899159664,64600,55403.3613445378,54134.0756302521,52842.2899159664,51550.5042016807,58703.75,57543.75,54890.9059492336,55552.8881420197
2025/06/10,60100,60500,58800,59200,56564.7058823529,57873.2773109244,59134.7058823529,60419.7058823529,61704.7058823529,63700,55256.1344537815,53994.7058823529,52709.705882353,51424.705882353,58160,57142.3076923077,54786.3678293676,55418.5151416639
2025/06/09,59300,60400,59200,60000,56458.8235294118,57762.3949579832,59000.2521008403,60270.9663865546,61541.6806722689,62400,55155.2521008403,53917.3949579832,52646.6806722689,51375.9663865546,57557.5,56706.7307692308,54622.5206333882,55266.4446288027
2025/06/05,58000,59900,57800,59200,56282.3529411765,57580.9243697479,58808.781512605,60071.9957983193,61335.2100840336,62400,54983.781512605,53755.9243697479,52492.7100840336,51229.4957983193,56840,56203.8461538462,54820.1011460184,55297.6406706052
2025/06/04,57300,58000,56800,57800,56223.5294117647,57515.6722689076,58738.5294117647,59996.0294117647,61253.5294117647,61200,54931.3865546219,53708.5294117647,52451.0294117647,51193.5294117647,56226.25,55825.4807692308,55214.386179911,55494.2912535004
2025/06/02,56200,57300,55900,56900,56052.9411764706,57342.9411764706,58565.0840336134,59821.1554621849,61077.2268907563,60600,54762.9411764706,53540.7983193277,52284.7268907563,51028.6554621849,55685,55625,55614.1385252601,55758.1912201383
2025/05/30,55900,57200,55600,56300,55935.2941176471,57228.8655462185,58443.1512605042,59697.0798319328,60951.0084033613,61600,54641.7226890756,53427.4369747899,52173.5084033613,50919.5798319328,55386.25,55575.4807692308,55957.3719726985,56001.6786135923
2025/05/29,56000,56600,55600,56200,55835.2941176471,57132.4369747899,58361.7226890756,59624.9369747899,60888.1512605042,62000,54538.1512605042,53308.8655462185,52045.6512605042,50782.4369747899,55187.5,55583.6538461538,56230.3308015775,56196.389627924
2025/05/28,54200,56100,54200,56000,55735.2941176471,57022.4369747899,58278.1512605042,59549.5798319328,60821.0084033613,63200,54448.1512605042,53192.4369747899,51921.0084033613,50649.5798319328,55026.25,55629.3269230769,56572.8135095851,56421.4337582785
2025/05/27,54700,54700,53800,54200,55705.8823529412,56980.8823529412,58280.1680672269,59567.3109243697,60854.4537815126,64100,54430.8823529412,53131.5966386555,51844.4537815126,50557.3109243698,55068.75,55649.5192307692,56821.9109797991,56510.9620302082
2025/05/26,54300,55000,53500,54600,55805.8823529412,57075.1680672269,58425.8823529412,59735.8823529412,61045.8823529412,60700,54536.5966386555,53185.8823529412,51875.8823529412,50565.8823529412,55442.5,55870.1923076923,56676.2980523554,56412.0154182331
2025/05/23,54900,55200,54100,54500,55876.4705882353,57137.8991596639,58549.3277310924,59885.756302521,61222.1848739496,60600,54615.0420168067,53203.6134453782,51867.1848739496,50530.756302521,55727.5,56045.1923076923,56500.6470080226,56273.387312147
2025/05/22,55300,55600,54500,54900,55947.0588235294,57184.9159663866,58679.9159663866,60046.3445378151,61412.7731092437,60100,54709.2016806723,53214.2016806723,51847.7731092437,50481.3445378151,56133.75,56201.4423076923,56194.3081503151,56067.4435710278
2025/05/21,55900,56600,55700,55800,55994.1176470588,57221.974789916,58790.5462184874,60188.7605042017,61586.974789916,60800,54766.2605042017,53197.6890756303,51799.474789916,50401.2605042017,56580,56430.7692307692,55894.9668010478,55887.6990573971
2025/05/20,56100,56700,55700,56000,56005.8823529412,57228.7394957983,58875.1680672269,60309.8109243697,61744.4537815126,60300,54783.025210084,53136.5966386555,51701.9537815126,50267.3109243698,56683.75,56378.3653846154,55682.5875165139,55735.2198805315
2025/05/19,56500,56800,55500,55700,55964.7058823529,57186.8487394958,58916.8487394958,60392.9201680672,61868.9915966387,61300,54742.5630252101,53012.5630252101,51536.4915966387,50060.4201680672,56715,56301.9230769231,55484.4171457701,55604.1553345391
2025/05/16,57300,57700,56700,57000,55935.2941176471,57149.5798319328,58969.5798319328,60486.7226890756,62003.8655462185,60500,54721.0084033613,52901.0084033613,51383.8655462185,49866.7226890756,56896.25,56233.1730769231,55208.4388889214,55485.634088608
2025/05/15,57500,58600,57100,57300,55841.1764705882,57070.462184874,58951.1764705882,60506.1764705882,62061.1764705882,58300,54611.8907563025,52731.1764705882,51176.1764705882,49621.1764705882,56530,56026.9230769231,55098.0097860303,55410.988488182
2025/05/14,57200,57900,57000,57400,55717.6470588235,56973.3613445378,58909.0756302521,60504.7899159664,62100.5042016807,59600,54461.9327731093,52526.218487395,50930.5042016807,49334.7899159664,56177.5,55864.4230769231,55054.8553484105,55354.3736213636
2025/05/13,58400,58400,56800,57000,55570.5882352941,56869.8739495798,58852.0168067227,60492.731092437,62133.4453781513,59200,54271.3025210084,52289.1596638656,50648.4453781513,49007.731092437,55803.75,55689.9038461538,55148.2203283701,55382.5563274796
2025/05/12,55000,58200,55000,58200,55558.8235294118,56909.537815126,58933.1092436975,60620.2521008403,62307.3949579832,59700,54208.1092436975,52184.5378151261,50497.3949579832,48810.2521008403,55478.75,55545.6730769231,55096.7459610212,55264.1516476451
2025/05/09,54900,55000,54400,54900,55447.0588235294,56858.487394958,58897.7731092437,60623.1302521008,62348.487394958,58200,54035.6302521008,51996.3445378151,50270.987394958,48545.6302521009,55052.5,55281.7307692308,55696.5172352808,55532.8444011697
2025/05/08,54800,55500,54500,54900,55476.4705882353,56971.4705882353,59014.3277310924,60783.256302521,62552.1848739496,57400,53981.4705882353,51938.6134453782,50169.6848739496,48400.756302521,55202.5,55343.2692307692,55617.5356337033,55438.1147911485
2025/05/07,54500,55000,54300,54600,55535.2941176471,57103.8655462185,59142.4369747899,60946.0084033613,62749.5798319328,57900,53966.7226890756,51928.1512605042,50124.5798319328,48321.0084033613,55361.25,55412.0192307692,55649.783712921,55457.7555924695
2025/05/02,55700,55900,54200,54500,55482.3529411765,57128.781512605,59150.2100840336,60984.1386554622,62818.0672268908,59500,53835.9243697479,51814.4957983193,49980.5672268908,48146.6386554622,55515,55540.3846153846,55738.6992941157,55590.6107807156
2025/04/30,55800,56200,55300,55500,55447.0588235294,57177.0588235294,59175.6302521008,61039.9159663866,62904.2016806723,59900,53717.0588235294,51718.487394958,49854.2016806723,47989.9159663866,55678.75,55653.3653846154,55702.8760604854,55660.6892355422
2025/04/29,56100,56500,55600,55900,55352.9411764706,57172.9411764706,59136.512605042,61028.2983193277,62920.0840336134,59200,53532.9411764706,51569.3697478992,49677.5840336135,47785.7983193277,55722.5,55643.2692307692,55766.1003625663,55746.0903945011
2025/04/28,56400,56400,55500,55800,55341.1764705882,57221.8907563025,59159.7478991597,61069.0336134454,62978.3193277311,60000,53460.462184874,51522.6050420168,49613.3193277311,47704.0336134454,55618.75,55599.5192307692,55966.1358237585,55919.9361859021
2025/04/25,56200,57100,55600,55700,55447.0588235294,57382.7731092437,59289.9159663866,61211.3445378151,63132.7731092437,59200,53511.3445378151,51604.2016806723,49682.7731092437,47761.3445378151,55502.5,55462.5,56038.6548952768,55967.1399717736
2025/04/24,55000,56200,54500,55700,55635.2941176471,57617.4369747899,59483.8655462185,61408.1512605042,63332.4369747899,57800,53653.1512605042,51786.7226890756,49862.4369747899,47938.1512605042,55541.25,55462.0192307692,56174.0419099305,56080.8514801708
2025/04/23,55800,56100,55500,56000,55835.2941176471,57858.8655462185,59678.8655462185,61600.6512605042,63522.4369747899,56900,53811.7226890756,51991.7226890756,50069.9369747899,48148.1512605042,55528.75,55430.2884615385,56341.4265607741,56218.069864212
2025/04/22,55000,55500,54700,55300,55941.1764705882,57980.462184874,59769.0336134454,61682.962184874,63596.8907563025,56300,53901.8907563025,52113.3193277311,50199.3907563025,48285.462184874,55381.25,55381.25,56764.7712387399,56548.9032999872
2025/04/21,55300,56000,55100,55200,56229.4117647059,58272.268907563,60022.9831932773,61919.768907563,63816.5546218487,56200,54186.5546218487,52435.8403361345,50539.0546218487,48642.268907563,55568.75,55507.2115384615,57202.393388993,56959.2864379696
2025/04/18,55200,55600,54500,55400,56605.8823529412,58644.4537815126,60360.1680672269,62237.3109243697,64114.4537815126,56000,54567.3109243698,52851.5966386555,50974.4537815126,49097.3109243698,55585,55555.7692307692,57652.2772401509,57398.4275969056
2025/04/17,54400,55300,54000,55200,56947.0588235294,58968.487394958,60652.7731092437,62505.6302521008,64358.487394958,54200,54925.6302521008,53241.3445378151,51388.487394958,49535.6302521009,55491.25,55604.3269230769,58101.8979868181,57817.0694357883
2025/04/16,56200,56300,54500,54900,57217.6470588235,59216.218487395,60866.9327731092,62691.5756302521,64516.218487395,54600,55219.0756302521,53568.3613445378,51743.718487395,49919.0756302521,55480,55623.0769230769,58404.0656711584,58122.0930774248
2025/04/15,56100,57100,55800,56800,57564.7058823529,59528.2773109244,61148.2773109244,62940.0630252101,64731.8487394958,54500,55601.1344537815,53981.1344537815,52189.3487394958,50397.5630252101,55410,55876.9230769231,58628.4093336787,58424.932381358
2025/04/14,55500,56700,55500,56300,57852.9411764706,59790.7983193277,61370.7983193277,63129.7268907563,64888.6554621849,54900,55915.0840336134,54335.0840336134,52576.1554621849,50817.2268907563,55170,56111.5384615385,59305.6574516577,58939.8376178363
2025/04/11,56000,56000,54800,55400,58082.3529411765,59989.4957983193,61527.3529411765,63249.8529411765,64972.3529411765,55800,56175.2100840336,54637.3529411765,52914.8529411765,51192.3529411765,55092.5,56462.5,59807.8439793967,59271.742422434
2025/04/10,55700,58000,55000,55900,58264.7058823529,60131.1344537815,61618.2773109244,63295.0630252101,64971.8487394958,56000,56398.2773109244,54911.1344537815,53234.3487394958,51557.5630252101,55353.75,56862.9807692308,60121.4888642422,59482.0694215294
2025/04/09,52900,54300,52000,53700,58364.7058823529,60184.7058823529,61628.9915966387,63261.1344537815,64893.2773109244,55700,56544.7058823529,55100.4201680672,53468.2773109244,51836.1344537815,55642.5,57170.1923076923,60570.3533836005,59720.0792610509
2025/04/08,55000,55900,53300,53900,58594.1176470588,60382.6890756303,61784.1176470588,63379.1176470588,64974.1176470588,57000,56805.5462184874,55404.1176470588,53809.1176470588,52214.1176470588,56568.75,57884.1346153846,60556.1899677825,59774.4429990644
2025/04/07,54700,54900,53100,53900,58641.1764705882,60391.8907563025,61762.6050420168,63323.3193277311,64884.0336134454,57300,56890.462184874,55519.7478991597,53959.0336134454,52398.3193277311,57570,58607.6923076923,60150.5092786834,59520.4970765635
2025/04/04,56900,58200,55700,55700,58688.2352941177,60403.9495798319,61744.6638655462,63272.8781512605,64801.0924369748,57400,56972.5210084034,55631.8067226891,54103.5924369748,52575.3781512605,58416.25,59240.8653846154,59365.4795144646,59053.504170735
2025/04/03,57600,58500,56900,57600,58641.1764705882,60325.462184874,61635.462184874,63132.6050420168,64629.7478991597,57000,56956.8907563025,55646.8907563025,54149.7478991597,52652.6050420168,59122.5,59570.1923076923,58506.7215674157,58477.3086711799
2025/04/02,58800,59400,58300,58900,58405.8823529412,60056.5966386555,61338.025210084,62804.0966386555,64270.1680672269,58200,56755.1680672269,55473.7394957983,54007.6680672269,52541.5966386555,59722.5,59770.1923076923,57829.7222293275,57980.5780242254
2025/04/01,58100,59600,57900,59100,58100,59720,60981.4285714286,62422.1428571429,63862.8571428571,54900,56480,55218.5714285714,53777.8571428571,52337.1428571429,60127.5,59783.6538461538,57149.8756067232,57386.9636281969
2025/03/31,58500,59900,57700,57800,57782.3529411765,59362.3529411765,60608.781512605,62021.9957983193,63435.2100840336,54900,56202.3529411765,54955.9243697479,53542.7100840336,52129.4957983193,60266.25,59683.1730769231,56523.4893683258,56858.3931178513
2025/03/28,61300,61700,60000,60200,57576.4705882353,59114.3277310924,60349.3277310924,61735.756302521,63122.1848739496,54600,56038.6134453782,54803.6134453782,53417.1848739496,52030.756302521,60610,59615.3846153846,55431.0504641747,56125.8897586634
2025/03/27,61200,62000,60400,61600,57211.7647058824,58698.9075630252,59946.0504201681,61313.1932773109,62680.3361344538,54500,55724.6218487395,54477.4789915966,53110.3361344538,51743.1932773109,60597.5,59199.0384615385,54623.9021868494,55490.725410483
2025/03/26,59800,61400,59500,61200,56794.1176470588,58238.4033613445,59490.5462184874,60838.7605042017,62186.974789916,55500,55349.8319327731,54097.6890756303,52749.474789916,51401.2605042017,60207.5,58645.1923076923,54317.8912293618,55180.1177270296
2025/03/25,60800,61300,59500,59800,56400,57801.4285714286,59063.5714285714,60395.3571428571,61727.1428571429,55900,54998.5714285714,53736.4285714286,52404.6428571429,51072.8571428571,59531.25,57950.4807692308,54105.1207656762,54954.1174514315
2025/03/24,61600,62100,60500,60800,56194.1176470588,57564.8319327731,58833.4033613445,60153.0462184874,61472.6890756303,55800,54823.4033613445,53554.8319327731,52235.1890756303,50915.5462184874,58992.5,57420.1923076923,53655.4102234071,54643.838347836
2025/03/21,60900,61700,60400,61700,55947.0588235294,57287.7731092437,58576.3445378151,59890.987394958,61205.6302521008,55700,54606.3445378151,53317.7731092437,52003.1302521009,50688.487394958,58303.75,56789.9038461538,53559.691475183,54543.0889402549
2025/03/20,59200,60300,58500,60200,55682.3529411765,56992.3529411765,58305.9243697479,59617.7100840336,60929.4957983193,55700,54372.3529411765,53058.781512605,51746.9957983193,50435.2100840336,57097.5,56006.7307692308,53996.3779119675,54739.0219344086
2025/03/19,57400,59200,57400,58500,55511.7647058824,56793.1932773109,58134.6218487395,59446.0504201681,60757.4789915966,56000,54230.3361344538,52888.9075630252,51577.4789915966,50266.0504201681,56141.25,55381.25,54446.5462493836,54955.9847453508
2025/03/18,58800,59000,57300,57600,55494.1176470588,56755.5462184874,58112.6890756303,59421.974789916,60731.2605042017,55300,54232.6890756303,52875.5462184874,51566.2605042017,50256.974789916,55481.25,54996.6346153846,54876.7729796115,55218.9819295855
2025/03/17,55500,57800,55400,57600,55541.1764705882,56787.6050420168,58156.8907563025,59464.7478991597,60772.6050420168,55200,54294.7478991597,52925.462184874,51617.6050420168,50309.7478991597,54875,54751.9230769231,55301.384835963,55472.4246679508
2025/03/14,54500,55100,54400,54700,55605.8823529412,56840.8823529412,58225.1680672269,59534.8109243697,60844.4537815126,55400,54370.8823529412,52986.5966386555,51676.9537815126,50367.3109243698,54260,54511.5384615385,56120.0376894596,55977.2782456395
2025/03/13,55800,55900,54200,54700,55735.2941176471,56982.4369747899,58369.5798319328,59686.7226890756,61003.8655462185,55200,54488.1512605042,53101.0084033613,51783.8655462185,50466.7226890756,54147.5,54599.0384615385,56418.354348629,56221.6761257966
2025/03/12,53800,55300,53600,54900,55811.7647058824,57063.9075630252,58454.6218487395,59776.0504201681,61097.4789915966,54900,54559.6218487395,53168.9075630252,51847.4789915966,50526.0504201681,54095,54721.1538461538,56772.7248231762,56498.078588975
2025/03/11,52500,54100,52500,53600,55876.4705882353,57138.6134453782,58530.756302521,59857.8991596639,61185.0420168067,56800,54614.3277310924,53222.1848739496,51895.0420168067,50567.8991596639,54092.5,54943.2692307692,57291.9269026546,56870.3905014081
2025/03/10,53500,54800,53500,53700,56005.8823529412,57274.4537815126,58669.4537815126,60001.2394957983,61333.025210084,56300,54737.3109243698,53342.3109243698,52010.525210084,50678.7394957983,54370,55326.9230769231,57477.5617637184,57050.7622702466
2025/03/07,53500,54200,53400,53700,56129.4117647059,57417.9831932773,58791.5546218487,60122.6260504202,61453.6974789916,55400,54840.8403361345,53467.268907563,52136.1974789916,50805.1260504202,54668.75,55668.75,57415.9140673756,56998.8041202988
2025/03/06,54100,54500,54000,54300,56247.0588235294,57560.6302521008,58913.487394958,60246.7016806723,61579.9159663866,55900,54933.487394958,53580.6302521008,52247.4159663866,50914.2016806723,55153.75,55982.2115384615,57211.6159030996,56846.2218244704
2025/03/05,55100,55400,54000,54000,56323.5294117647,57664.9579831933,58990.6722689076,60324.243697479,61657.8151260504,53700,54982.1008403361,53656.3865546219,52322.8151260504,50989.243697479,55627.5,56291.3461538462,57042.256740714,56697.8149384206
2025/03/04,53900,55000,53800,54500,56305.8823529412,57663.025210084,58973.025210084,60306.5966386555,61640.1680672269,53900,54948.7394957983,53638.7394957983,52305.1680672269,50971.5966386555,56222.5,56635.5769230769,56519.0136132832,56289.9417781019
2025/02/28,55400,55700,54500,54500,56276.4705882353,57645.756302521,58936.4705882353,60266.4705882353,61596.4705882353,53900,54907.1848739496,53616.4705882353,52286.4705882353,50956.4705882353,56765,56948.0769230769,56026.2201739464,55934.8017674764
2025/02/27,56500,57100,56200,56300,56182.3529411765,57566.6386554622,58843.0672268908,60173.4243697479,61503.781512605,55700,54798.0672268908,53521.6386554622,52191.281512605,50860.9243697479,57285,57144.2307692308,55362.5196708087,55519.6129651224
2025/02/26,57000,57100,56100,56600,55970.5882352941,57357.731092437,58622.731092437,59948.8025210084,61274.8739495798,57600,54583.4453781513,53318.4453781513,51992.3739495798,50666.3025210084,57476.25,57098.5576923077,54872.2862461906,55151.1839090167
2025/02/25,56600,57800,56500,57200,55641.1764705882,57031.8907563025,58296.1764705882,59623.6764705882,60951.1764705882,58900,54250.462184874,52986.1764705882,51658.6764705882,50331.1764705882,57648.75,56949.5192307692,54330.1192664384,54748.9331022587
2025/02/24,57300,57700,57200,57300,55358.8235294118,56750.9663865546,58027.3949579832,59361.6806722689,60695.9663865546,59100,53966.6806722689,52690.2521008403,51355.9663865546,50021.6806722689,57531.25,56738.9423076923,53846.4393622272,54375.2053478024
2025/02/21,58400,58500,57100,58200,55147.0588235294,56542.0588235294,57830.6302521008,59172.4159663866,60514.2016806723,57800,53752.0588235294,52463.487394958,51121.7016806723,49779.9159663866,57307.5,56475.9615384615,53292.9829347763,53953.4346836248
2025/02/20,59100,59100,58100,58400,54882.3529411765,56255.9243697479,57568.781512605,58911.9957983193,60255.2100840336,60200,53508.781512605,52195.9243697479,50852.7100840336,49509.4957983193,56931.25,56108.1730769231,52962.9517096425,53648.8158984817
2025/02/19,57400,58900,57300,58700,54641.1764705882,55994.0336134454,57331.1764705882,58676.1764705882,60021.1764705882,61600,53288.3193277311,51951.1764705882,50606.1764705882,49261.1764705882,56496.25,55648.5576923077,52665.0975859919,53304.9448624116
2025/02/18,56200,57200,55900,56900,54335.2941176471,55661.0084033613,57021.7226890756,58364.9369747899,59708.1512605042,61200,53009.5798319328,51648.8655462185,50305.6512605042,48962.4369747899,55893.75,55093.75,52776.2149693739,53232.2120426913
2025/02/17,56100,56500,55700,56000,54129.4117647059,55439.4117647059,56820.1260504202,58165.4831932773,59510.8403361344,59800,52819.4117647059,51438.6974789916,50093.3403361345,48747.9831932773,55592.5,54789.4230769231,52795.157807233,53191.4172690116
2025/02/14,56000,57300,56000,56000,53994.1176470588,55284.8319327731,56691.2605042017,58039.8319327731,59388.4033613445,60800,52703.4033613445,51296.974789916,49948.4033613445,48599.8319327731,55358.75,54507.2115384615,52719.0601694631,53127.7571892337
2025/02/13,56100,56400,55600,55800,53894.1176470588,55170.5462184874,56596.2605042017,57947.3319327731,59298.4033613445,61700,52617.6890756303,51191.974789916,49840.9033613445,48489.8319327731,54922.5,54235.5769230769,52739.1484634117,53135.5531246876
2025/02/12,55100,55900,54500,55800,53770.5882352941,55035.5882352941,56485.5882352941,57843.0882352941,59200.5882352941,60200,52505.5882352941,51055.5882352941,49698.0882352941,48340.5882352941,54442.5,53847.1153846154,52867.9804240794,53243.1730695498
2025/02/11,55500,56300,55000,55700,53658.8235294118,54923.1092436975,56388.8235294118,57753.8235294118,59118.8235294118,58500,52394.5378151261,50928.8235294118,49563.8235294118,48198.8235294118,53940,53542.3076923077,53148.4888151141,53455.2943791357
2025/02/10,53000,55900,52900,55600,53564.7058823529,54841.1344537815,56311.8487394958,57685.4201680672,59058.9915966387,57600,52288.2773109244,50817.5630252101,49443.9915966387,48070.4201680672,53515,53340.3846153846,53492.8205238,53671.0482316178
2025/02/07,53900,54200,53600,53700,53547.0588235294,54835.6302521008,56301.3445378151,57678.487394958,59055.6302521008,57600,52258.487394958,50792.7731092437,49415.6302521009,48038.487394958,52936.25,53171.6346153846,54135.4698397068,54090.5006568497
2025/02/06,53400,54000,53200,54000,53688.2352941177,55001.0924369748,56454.6638655462,57837.8781512605,59221.0924369748,54700,52375.3781512605,50921.8067226891,49538.5924369748,48155.3781512605,52843.75,53209.1346153846,54311.6999744712,54196.5503315045
2025/02/05,53600,53800,52800,52900,53882.3529411765,55219.4957983193,56663.781512605,58054.4957983193,59445.2100840336,54700,52545.2100840336,51100.9243697479,49710.2100840336,48319.4957983193,52782.5,53174.0384615385,54642.2566125192,54363.8869679413
2025/02/04,51600,53600,51500,52700,54029.4117647059,55390.1260504202,56814.4117647059,58206.9117647059,59599.4117647059,54900,52668.6974789916,51244.4117647059,49851.9117647059,48459.4117647059,52893.75,53251.4423076923,54794.788673033,54437.3148293502
2025/02/03,51100,51400,50800,51000,54217.6470588235,55598.3613445378,57003.3613445378,58396.218487395,59789.0756302521,53600,52836.9327731093,51431.9327731093,50039.0756302521,48646.218487395,53116.25,53413.9423076923,55071.2301179757,54638.4467461663
2025/01/31,52200,53000,51700,52400,54417.6470588235,55824.0756302521,57214.7899159664,58613.3613445378,60011.9327731092,53700,53011.218487395,51620.5042016807,50221.9327731093,48823.3613445378,53572.5,53816.3461538462,54958.3768769826,54713.2004452692
2025/01/24,53600,53800,53200,53700,54476.4705882353,55902.1848739496,57282.1848739496,58685.0420168067,60087.8991596639,53700,53050.756302521,51670.756302521,50267.8991596639,48865.0420168067,53753.75,54086.0576923077,54959.4369639723,54829.6707134028
2025/01/23,53700,54100,53500,53700,54447.0588235294,55897.0588235294,57263.487394958,58671.7016806723,60079.9159663866,54300,52997.0588235294,51630.6302521008,50222.4159663866,48814.2016806723,53766.25,54163.9423076923,55093.6192382278,54959.9679922078
2025/01/22,53400,54400,53100,54300,54447.0588235294,55912.7731092437,57269.2016806723,58680.2731092437,60091.3445378151,54000,52981.3445378151,51624.9159663866,50213.8445378151,48802.7731092437,53851.25,54273.5576923077,55092.8277083479,54963.5153241244
2025/01/21,53700,54300,53300,53500,54405.8823529412,55876.5966386555,57225.1680672269,58634.8109243697,60044.4537815126,54500,52935.1680672269,51586.5966386555,50176.9537815126,48767.3109243698,53853.75,54339.9038461538,55202.4339453522,54991.4906012912
2025/01/20,53600,53900,53300,53400,54458.8235294118,55924.537815126,57275.9663865546,58684.537815126,60093.1092436975,54500,52993.1092436975,51641.6806722689,50233.1092436975,48824.5378151261,54056.25,54498.5576923077,55073.2725914702,54870.387013032
2025/01/17,53800,54100,53200,53700,54464.7058823529,55918.2773109244,57279.7058823529,58687.2058823529,60094.7058823529,56300,53011.1344537815,51649.7058823529,50242.2058823529,48834.705882353,54370,54734.6153846154,54884.8184205979,54729.6077302029
2025/01/16,54200,55000,54100,54300,54423.5294117647,55867.8151260504,57232.8151260504,58637.4579831933,60042.1008403361,56600,52979.243697479,51614.243697479,50209.6008403361,48804.9579831933,54636.25,54840.8653846154,54788.5189566665,54679.6735445466
2025/01/15,54100,54700,53500,53700,54352.9411764706,55777.2268907563,57161.512605042,58565.7983193277,59970.0840336134,57200,52928.6554621849,51544.3697478992,50140.0840336135,48735.7983193277,54916.25,54913.9423076923,54774.4282452646,54655.7925211361
2025/01/14,54200,54600,53700,53900,54423.5294117647,55828.5294117647,57233.5294117647,58638.5294117647,60043.5294117647,57300,53018.5294117647,51613.5294117647,50208.5294117647,48803.5294117647,55320,54984.6153846154,54567.3463189631,54541.4638591635
2025/01/13,54600,55000,54100,54100,54441.1764705882,55831.8907563025,57261.8907563025,58672.2478991597,60082.6050420168,58200,53050.462184874,51620.462184874,50210.1050420168,48799.7478991597,55438.75,54937.9807692308,54188.5031385367,54293.7624296295
2025/01/10,56100,56500,55200,55300,54529.4117647059,55909.4117647059,57345.8403361345,58754.0546218487,60162.268907563,58400,53149.4117647059,51712.9831932773,50304.768907563,48896.5546218487,55562.5,54839.4230769231,53645.6436069049,53938.2960211349
2025/01/09,57600,57700,56100,56100,54576.4705882353,55942.8991596639,57394.3277310924,58803.256302521,60212.1848739496,58700,53210.0420168067,51758.6134453782,50349.6848739496,48940.756302521,55372.5,54654.8076923077,53284.8013732502,53681.0040517845
2025/01/08,54800,57500,54700,57300,54564.7058823529,55921.1344537815,57387.5630252101,58798.9915966387,60210.4201680672,56900,53208.2773109244,51741.8487394958,50330.4201680672,48918.9915966387,54946.25,54452.4038461538,53184.9924632389,53596.0578810944
2025/01/07,56800,57300,55400,55400,54370.5882352941,55719.1596638656,57199.8739495798,58614.5168067227,60029.1596638656,56000,53022.0168067227,51541.3025210084,50126.6596638656,48712.0168067227,54355,54151.9230769231,53620.1405461042,53822.9603062841
2025/01/06,54400,56200,54300,55900,54288.2352941177,55639.6638655462,57150.3781512605,58581.4495798319,60012.5210084034,56000,52936.8067226891,51426.0924369748,49995.0210084034,48563.9495798319,54066.25,54040.8653846154,53720.2617166852,53858.4165959176
2025/01/03,52800,55100,52800,54400,54141.1764705882,55502.6050420168,57065.462184874,58527.6050420168,59989.7478991597,55800,52779.7478991597,51216.8907563025,49754.7478991597,48292.6050420168,53655,53867.3076923077,54250.3978367905,54180.5429344289
2025/01/02,52700,53600,52300,53400,54123.5294117647,55488.5294117647,57107.1008403361,58598.8865546218,60090.6722689076,55800,52758.5294117647,51139.9579831933,49648.1722689076,48156.3865546219,53573.75,53843.75,54559.2063460549,54381.1555677671
2024/12/30,53300,54000,53100,53200,54141.1764705882,55525.462184874,57203.3193277311,58734.3907563025,60265.462184874,55700,52756.8907563025,51079.0336134454,49547.962184874,48016.8907563025,53677.5,53960.5769230769,54609.5118205471,54423.6224909124
2024/12/27,53500,54100,53200,53700,54135.2941176471,55540.2941176471,57282.4369747899,58856.0084033613,60429.5798319328,55600,52730.2941176471,50988.1512605042,49414.5798319328,47841.0084033613,53720,54053.8461538462,54587.7975867592,54437.0149030705
2024/12/26,54500,54600,53500,53600,54129.4117647059,55559.4117647059,57360.1260504202,58975.4831932773,60590.8403361344,53700,52699.4117647059,50898.6974789916,49283.3403361345,47667.9831932773,53778.75,54161.0576923077,54683.2249983358,54523.11083536
2024/12/24,53700,54500,53600,54400,54129.4117647059,55565.8403361345,57438.6974789916,59093.3403361345,60747.9831932773,54000,52692.9831932773,50820.1260504202,49165.4831932773,47510.8403361345,54065,54336.5384615385,54762.7744318714,54616.3396937243
2024/12/23,53400,54000,53300,53500,54117.6470588235,55569.0756302521,57496.9327731092,59186.5756302521,60876.218487395,52900,52666.218487395,50738.3613445378,49048.718487395,47359.0756302521,54138.75,54403.3653846154,55045.501808844,54801.8756256595
2024/12/20,52700,53100,51900,53000,54235.2941176471,55701.7226890756,57682.4369747899,59406.0084033613,61129.5798319328,52700,52768.8655462185,50788.1512605042,49064.5798319328,47341.0084033613,54380,54419.2307692308,54979.1463687698,54735.7373387019
2024/12/19,53500,53800,53100,53100,54429.4117647059,55910.1260504202,57939.4117647059,59694.4117647059,61449.4117647059,51000,52948.6974789916,50919.4117647059,49164.4117647059,47409.4117647059,54752.5,54504.8076923077,54839.1402987884,54699.7287058468
2024/12/18,54100,55400,54000,54900,54735.2941176471,56246.0084033613,58309.5798319328,60096.7226890756,61883.8655462185,52400,53224.5798319328,51161.0084033613,49373.8655462185,47586.7226890756,55051.25,54542.7884615385,54478.6382898129,54516.1731779207
2024/12/17,54700,55200,54000,54200,54911.7647058824,56474.6218487395,58546.0504201681,60363.1932773109,62180.3361344538,53700,53348.9075630252,51277.4789915966,49460.3361344538,47643.1932773109,54911.25,54465.8653846154,54547.0500774293,54591.1134000314
2024/12/16,56300,56600,55200,55600,55017.6470588235,56636.218487395,58721.9327731092,60574.0756302521,62426.218487395,53700,53399.0756302521,51313.3613445378,49461.218487395,47609.0756302521,54860,54484.6153846154,54483.9044148384,54652.3872209221
2024/12/13,55800,56300,55500,56100,55064.7058823529,56742.5630252101,58831.1344537815,60714.3487394958,62597.5630252101,54300,53386.8487394958,51298.2773109244,49415.0630252101,47531.8487394958,54483.75,54355.2884615385,54576.3973968393,54715.240731842
2024/12/12,54000,56500,53900,55900,55017.6470588235,56759.7899159664,58834.0756302521,60742.2899159664,62650.5042016807,53500,53275.5042016807,51201.218487395,49293.0042016807,47384.7899159664,54127.5,54283.6538461538,54928.7529153256,54920.8235646863
2024/12/11,53600,54200,53400,54000,55041.1764705882,56841.8907563025,58889.0336134454,60812.962184874,62736.8907563025,53400,53240.462184874,51193.3193277311,49269.3907563025,47345.462184874,53763.75,54216.8269230769,55431.6257833688,55200.8383454093
2024/12/10,54500,54500,53700,54000,55200,57072.8571428571,59086.4285714286,61029.6428571429,62972.8571428571,53700,53327.1428571429,51313.5714285714,49370.3571428571,47427.1428571429,53686.25,54306.25,55611.154363334,55326.2642257275
2024/12/09,53500,54600,53200,53400,55170.5882352941,57098.4453781513,59085.5882352941,61043.0882352941,63000.5882352941,54300,53242.731092437,51255.5882352941,49298.0882352941,47340.5882352941,53740,54492.3076923077,55858.3761182293,55502.547101041
2024/12/06,53900,54400,52700,54100,54964.7058823529,56945.4201680672,58910.4201680672,60883.2773109244,62856.1344537815,53700,52983.9915966387,51018.9915966387,49046.1344537815,47073.2773109244,53941.25,54746.6346153846,55977.6238580113,55627.304219654
2024/12/05,53200,54400,53200,53700,54758.8235294118,56788.1092436975,58728.8235294118,60713.8235294118,62698.8235294118,53900,52729.5378151261,50788.8235294118,48803.8235294118,46818.8235294118,54213.75,55093.75,56376.2831455027,55948.1315566294
2024/12/04,52000,53400,52000,53100,54717.6470588235,56781.218487395,58694.0756302521,60682.2899159664,62670.5042016807,54100,52654.0756302521,50741.218487395,48753.0042016807,46764.7899159664,54656.25,55471.6346153846,56618.2943989446,56156.2828624077
2024/12/03,53100,54400,53100,53600,54829.4117647059,56900.8403361345,58788.6974789916,60768.3403361345,62747.9831932773,55300,52757.9831932773,50870.1260504202,48890.4831932773,46910.8403361345,55157.5,55668.2692307692,56397.1212454377,56014.3557618674
2024/12/02,54300,54400,53100,53600,55029.4117647059,57115.1260504202,58964.4117647059,60931.9117647059,62899.4117647059,56100,52943.6974789916,51094.4117647059,49126.9117647059,47159.4117647059,55802.5,55700.9615384615,55982.4224364785,55686.9013358975
2024/11/29,55100,55300,53800,54200,55258.8235294118,57347.3949579832,59163.1092436975,61115.2521008403,63067.3949579832,57300,53170.2521008403,51354.5378151261,49402.3949579832,47450.2521008403,56338.75,55691.8269230769,55456.6119783007,55338.3953063327
2024/11/28,56000,56400,55200,55500,55441.1764705882,57515.462184874,59311.1764705882,61246.1764705882,63181.1764705882,55400,53366.8907563025,51571.1764705882,49636.1764705882,47701.1764705882,56650,55776.9230769231,55045.3633229595,55147.2807903949
2024/11/27,57700,57800,56000,56300,55564.7058823529,57611.8487394958,59401.1344537815,61319.3487394958,63237.5630252101,55900,53517.5630252101,51728.2773109244,49810.0630252101,47891.8487394958,56815,55832.6923076923,54882.3512316838,55144.3436541222
2024/11/26,57900,58900,57500,58300,55705.8823529412,57719.4537815126,59495.8823529412,61390.8823529412,63285.8823529412,54400,53692.3109243698,51915.8823529412,50020.8823529412,48125.8823529412,56540,55684.6153846154,54896.6999416194,55283.6575001099
2024/11/25,57400,57900,56700,57900,55705.8823529412,57693.025210084,59458.025210084,61334.0966386555,63210.1680672269,53400,53718.7394957983,51953.7394957983,50077.6680672269,48201.5966386555,55815,55128.8461538462,55374.5211973699,55614.5879474105
2024/11/22,56000,56700,55900,56000,55782.3529411765,57747.3529411765,59485.9243697479,61337.7100840336,63189.4957983193,53200,53817.3529411765,52078.781512605,50226.9957983193,48375.2100840336,55238.75,54649.5192307692,55939.4868093633,55969.1557487801
2024/11/21,54900,56900,54700,56400,55964.7058823529,57905.4201680672,59619.7058823529,61447.2058823529,63274.7058823529,53700,54023.9915966387,52309.7058823529,50482.2058823529,48654.7058823529,54801.25,54523.5576923077,56268.6561085326,56244.3231344062
2024/11/20,56100,56500,54800,55300,56152.9411764706,58065.7983193277,59757.9411764706,61560.4411764706,63362.9411764706,53600,54240.0840336134,52547.9411764706,50745.4411764706,48942.9411764706,54063.75,54524.5192307692,57011.047701656,56827.5724600063
2024/11/19,56500,57500,55900,56300,56317.6470588235,58205.5042016807,59874.0756302521,61652.2899159664,63430.5042016807,54400,54429.7899159664,52761.218487395,50983.0042016807,49204.7899159664,53700,54746.1538461538,57498.9387851572,57235.5875121458
2024/11/18,57000,57500,55900,56700,56294.1176470588,58143.4033613445,59792.6890756303,61541.974789916,63291.2605042017,53500,54444.8319327731,52795.5462184874,51046.2605042017,49296.974789916,53445,54932.6923076923,58416.1264529904,57868.271397847
2024/11/15,50300,54200,50300,53500,56288.2352941177,58103.9495798319,59731.0924369748,61452.5210084034,63173.9495798319,53000,54472.5210084034,52845.3781512605,51123.9495798319,49402.5210084034,53312.5,55062.5,59703.6160543158,58636.8673017034
2024/11/14,50200,51800,49900,49900,56617.6470588235,58413.3613445378,60028.3613445378,61733.718487395,63439.0756302521,53100,54821.9327731093,53206.9327731093,51501.5756302521,49796.218487395,53918.75,55553.3653846154,60632.0160592992,59279.4323988337
2024/11/13,52000,53000,50500,50600,57076.4705882353,58865.756302521,60472.8991596639,62171.1134453782,63869.3277310924,54900,55287.1848739496,53680.0420168067,51981.8277310924,50283.6134453782,55228.75,56418.75,60370.6229845623,59230.5435403925
2024/11/12,54600,54600,53000,53000,57570.5882352941,59347.0168067227,60958.4453781513,62652.3739495798,64346.3025210084,54200,55794.1596638656,54182.731092437,52488.8025210084,50794.8739495798,56380,57103.8461538462,59755.8911242473,58966.0340122761
2024/11/11,56700,56800,55000,55000,57935.2941176471,59700.2941176471,61311.0084033613,62998.8655462185,64686.7226890756,55600,56170.2941176471,54559.5798319328,52871.7226890756,51183.8655462185,57227.5,57629.8076923077,59291.8918840011,58780.7452793749
2024/11/08,58000,58300,57000,57000,58211.7647058824,59950.3361344538,61571.7647058824,63251.7647058824,64931.7647058824,56100,56473.1932773109,54851.7647058824,53171.7647058824,51491.7647058824,57853.75,58043.75,58983.8651871969,58669.7241874766
2024/11/07,56900,58100,56800,57500,58358.8235294118,60073.1092436975,61710.2521008403,63385.9663865546,65061.6806722689,55900,56644.5378151261,55007.3949579832,53331.6806722689,51655.9663865546,58146.25,58233.1730769231,58877.9725024716,58601.4363946467
2024/11/06,57600,58000,56300,57300,58564.7058823529,60256.8487394958,61914.7058823529,63589.7058823529,65264.7058823529,54000,56872.5630252101,55214.7058823529,53539.7058823529,51864.7058823529,58353.75,58328.3653846154,58987.2718312367,58716.2556265474
2024/11/05,57800,58100,57200,57600,58770.5882352941,60439.1596638656,62123.4453781513,63799.8739495798,65476.3025210084,54000,57102.0168067227,55417.731092437,53741.3025210084,52064.8739495798,58446.25,58313.9423076923,59043.8900762582,58838.4517191138
2024/11/04,58600,59400,58400,58700,58870.5882352941,60519.8739495798,62237.731092437,63921.3025210084,65604.8739495798,53400,57221.3025210084,55503.4453781513,53819.8739495798,52136.3025210084,58583.75,58332.2115384615,59065.3498100147,58941.7925491692
2024/11/01,59000,59600,58100,58300,58882.3529411765,60509.4957983193,62255.2100840336,63941.6386554622,65628.0672268908,54100,57255.2100840336,55509.4957983193,53823.0672268908,52136.6386554622,58548.75,58387.9807692308,59249.0883503733,59095.7861131212
2024/10/31,58500,61200,58300,59200,59000,60615,62385,64077.5,65770,53700,57385,55615,53922.5,52230,58271.25,58454.3269230769,59469.9329016587,59344.0188087996
2024/10/30,59100,59800,58600,59100,59105.8823529412,60713.025210084,62498.025210084,64194.0966386555,65890.1680672269,53100,57498.7394957983,55713.7394957983,54017.6680672269,52321.5966386555,57998.75,58503.3653846154,59954.4467224904,59736.9547233906
2024/10/29,58000,59600,57300,59600,59194.1176470588,60805.5462184874,62601.2605042017,64304.8319327731,66008.4033613445,53600,57582.6890756303,55786.974789916,54083.4033613445,52379.8319327731,58005,58517.3076923077,60437.4940265732,60094.531691477
2024/10/28,55700,58500,55700,58100,59294.1176470588,60904.8319327731,62725.5462184874,64441.2605042017,66156.974789916,53600,57683.4033613445,55862.6890756303,54146.974789916,52431.2605042017,57821.25,58496.6346153846,61162.067532561,60544.7789707293
2024/10/25,56000,56900,55800,55900,59494.1176470588,61115.5462184874,62952.6890756303,64681.974789916,66411.2605042017,54200,57872.6890756303,56035.5462184874,54306.2605042017,52576.974789916,57998.75,58668.75,61771.0747992253,60975.1560540923
2024/10/24,58200,58500,56600,56600,59982.3529411765,61619.4957983193,63465.2100840336,65206.6386554622,66948.0672268908,55500,58345.2100840336,56499.4957983193,54758.0672268908,53016.6386554622,58647.5,59183.6538461538,61746.4678889356,61070.9395517864
2024/10/23,57500,60000,57100,59100,60458.8235294118,62116.6806722689,63965.2521008403,65718.4663865546,67471.6806722689,56300,58800.9663865546,56952.3949579832,55199.1806722689,53445.9663865546,59220,59600,61637.7118267243,61112.494064976
2024/10/22,58800,58900,57700,57700,60641.1764705882,62325.462184874,64186.1764705882,65958.6764705882,67731.1764705882,58300,58956.8907563025,57096.1764705882,55323.6764705882,53551.1764705882,59272.5,59697.1153846154,62033.0419526747,61397.9691780236
2024/10/21,59000,59600,58500,59000,60964.7058823529,62682.5630252101,64543.9915966387,66333.6344537815,68123.2773109244,57900,59246.8487394958,57385.4201680672,55595.7773109244,53806.1344537815,59677.5,59918.2692307692,62144.7210348883,61603.6580522114
2024/10/18,59900,60100,59100,59200,61176.4705882353,62922.1848739496,64781.4705882353,66583.9705882353,68386.4705882353,56000,59430.756302521,57571.4705882353,55768.9705882353,53966.4705882353,59938.75,60199.5192307692,62661.628107088,62113.5041755893
2024/10/17,59400,60100,59100,59700,61400,63170,65020.7142857143,66831.0714285714,68641.4285714286,56400,59630,57779.2857142857,55968.9285714286,54158.5714285714,60061.25,60523.5576923077,63038.1516766102,62490.0147456314
2024/10/16,59400,60000,59200,59500,61600,63385,65223.5714285714,67035.3571428571,68847.1428571429,55300,59815,57976.4285714286,56164.6428571429,54352.8571428571,60037.5,60675.9615384615,63443.2034162366,62857.388480416
2024/10/15,61100,61400,60100,61000,61888.2352941177,63683.9495798319,65508.2352941177,67318.2352941177,69128.2352941177,56300,60092.5210084034,58268.2352941177,56458.2352941177,54648.2352941177,60230,60930.7692307692,63766.6764602419,63197.0762605996
2024/10/14,59500,61200,59400,60800,62200,64020.7142857143,65817.1428571429,67625.7142857143,69434.2857142857,56700,60379.2857142857,58582.8571428571,56774.2857142857,54965.7142857143,60261.25,61023.5576923077,64445.3258044083,63701.5680763818
2024/10/11,59100,60100,59000,59300,62441.1764705882,64278.3193277311,66046.8907563025,67849.7478991597,69652.6050420168,53500,60604.0336134454,58835.462184874,57032.6050420168,55229.7478991597,60453.75,61320.6730769231,65261.4542955936,64308.2340368969
2024/10/10,60100,60200,58900,58900,62847.0588235294,64692.7731092437,66442.7731092437,68240.6302521009,70038.487394958,49900,61001.3445378151,59251.3445378151,57453.487394958,55655.6302521008,60991.25,61804.3269230769,65680.6359796508,64690.2913138393
2024/10/08,60000,61000,59900,60300,63352.9411764706,65201.512605042,66938.6554621849,68731.512605042,70524.3697478992,50600,61504.3697478992,59767.2268907563,57974.3697478992,56181.512605042,61457.5,62222.1153846154,66058.4558684426,65152.3388789978
2024/10/07,60200,61900,59500,61000,63858.8235294118,65719.5378151261,67425.2521008403,69208.4663865546,70991.6806722689,53000,61998.1092436975,60292.3949579832,58509.1806722689,56725.9663865546,62028.75,62634.1346153846,66727.6500502275,65811.1079102115
2024/10/04,61000,61700,60500,60600,64329.4117647059,66190.8403361345,67864.4117647059,69631.9117647059,71399.4117647059,55000,62467.9831932773,60794.4117647059,59026.9117647059,57259.4117647059,62498.75,62884.1346153846,67379.4248766305,66404.3505681162
2024/10/02,60500,61900,59900,61300,64882.3529411765,66741.6386554622,68392.3529411765,70147.3529411765,71902.3529411765,57000,63023.0672268908,61372.3529411765,59617.3529411765,57862.3529411765,62808.75,63249.5192307692,67844.661121906,66915.0783775625
2024/09/30,64200,64300,61500,61500,65541.1764705882,67391.8907563025,69028.3193277311,70771.8907563025,72515.462184874,57500,63690.462184874,62054.0336134454,60310.462184874,58566.8907563025,63111.25,63600.4807692308,68504.5132215131,67615.3392764971
2024/09/27,64700,65400,64200,64200,66300,68138.5714285714,69761.4285714286,71492.1428571429,73222.8571428571,57300,64461.4285714286,62838.5714285714,61107.8571428571,59377.1428571429,63402.5,64066.3461538462,68954.619345861,68176.9252950861
2024/09/26,63900,64900,63700,64700,66894.1176470588,68718.4033613445,70351.974789916,72080.9033613445,73809.8319327731,57600,65069.8319327731,63436.2605042017,61707.3319327731,59978.4033613445,63413.75,64382.2115384615,70019.9760735066,69052.1796752185
2024/09/25,63800,64200,62200,62200,67441.1764705882,69237.6050420168,70906.1764705882,72638.6764705882,74371.1764705882,58700,65644.7478991597,63976.1764705882,62243.6764705882,60511.1764705882,63266.25,64598.5576923077,71443.9654778344,70140.806337922
2024/09/24,62800,63400,62400,63200,68276.4705882353,70045.0420168067,71805.756302521,73570.3991596639,75335.0420168067,58300,66507.8991596639,64747.1848739496,62982.5420168067,61217.8991596639,63736.25,65244.7115384615,72469.6337357456,71104.85305965
2024/09/23,62300,63500,62200,62600,69017.6470588235,70767.6470588235,72636.218487395,74445.5042016807,76254.7899159664,59200,67267.6470588235,65399.0756302521,63589.7899159664,61780.5042016807,64315,65944.2307692308,73759.1106351035,72233.5573270286
2024/09/20,63800,64700,63000,63000,69811.7647058824,71548.9075630252,73533.1932773109,75393.9075630252,77254.6218487395,59100,68074.6218487395,66090.3361344538,64229.6218487395,62368.9075630252,64938.75,66787.9807692308,74798.8785973574,73219.1026256584
2024/09/19,64000,64400,62200,63100,70676.4705882353,72382.1848739496,74502.8991596639,76416.1134453782,78329.3277310925,59600,68970.756302521,66850.0420168067,64936.8277310924,63023.6134453782,65633.75,67586.0576923077,75602.4740802501,73992.7897781838
2024/09/13,65000,65500,64300,64400,71570.5882352941,73244.1596638656,75504.8739495798,77472.0168067227,79439.1596638656,58100,69897.0168067227,67636.3025210084,65669.1596638656,63702.0168067227,66505,68528.8461538462,76400.1283947239,74855.5782063537
2024/09/12,66000,66600,65200,66300,72388.2352941177,74038.9495798319,76431.8067226891,78453.5924369748,80475.3781512605,55900,70737.5210084034,68344.6638655462,66322.8781512605,64301.0924369748,67461.25,69473.5576923077,77015.9377044573,75497.4180640859
2024/09/11,65100,65500,64200,64900,73129.4117647059,74765.8403361345,77265.8403361345,79334.0546218487,81402.268907563,56600,71492.9831932773,68992.9831932773,66924.768907563,64856.5546218487,68237.5,70356.7307692308,77884.011601739,76220.9220570634
2024/09/10,67000,67300,66000,66200,73917.6470588235,75540.5042016807,78154.0756302521,80272.2899159664,82390.5042016807,59100,72294.7899159664,69681.218487395,67563.0042016807,65444.7899159664,69335,71436.5384615385,78240.9893696566,76696.8266211715
2024/09/09,66900,68200,66600,67500,74741.1764705882,76374.7478991597,79090.462184874,81265.1050420168,83439.7478991597,57700,73107.6050420168,70391.8907563025,68217.2478991597,66042.6050420168,70452.5,72389.4230769231,78462.9986836687,77038.9713908908
2024/09/06,69100,69700,68000,68900,75311.7647058824,76980.3361344538,79780.3361344538,82014.6218487395,84248.9075630252,59000,73643.1932773109,70843.1932773109,68608.9075630252,66374.6218487395,71698.75,73361.0576923077,78561.7471676127,77249.9591967205
2024/09/05,70100,71200,69000,69000,75735.2941176471,77496.0084033614,80328.1512605042,82624.5798319328,84921.0084033614,59200,73974.5798319328,71142.4369747899,68846.0084033614,66549.5798319328,72670,74176.9230769231,78759.0682355443,77519.6814088598
2024/09/04,69800,71100,69800,70000,76117.6470588235,77986.2184873949,80835.5042016807,83194.4327731092,85553.3613445378,59700,74249.0756302521,71399.7899159664,69040.8613445378,66681.9327731092,73613.75,74978.3653846154,78468.6755096895,77442.6062542588
2024/09/03,74100,74300,72500,72500,76394.1176470588,78378.4033613445,81228.4033613445,83645.5462184874,86062.6890756303,59500,74409.8319327731,71559.8319327731,69142.6890756303,66725.5462184874,74735,75851.9230769231,78077.7680588176,77343.8436577002
2024/09/02,74500,74700,73500,74400,76447.0588235294,78567.7731092437,81388.487394958,83859.2016806723,86329.9159663866,61000,74326.3445378151,71505.6302521009,69034.9159663866,66564.2016806723,75427.5,76395.1923076923,77985.8205146457,77407.6433086699
2024/08/30,74400,75000,74100,74300,76464.7058823529,78725.4201680672,81461.1344537815,83959.3487394958,86457.5630252101,60800,74203.9915966387,71468.2773109244,68970.0630252101,66471.8487394958,75841.25,76704.3269230769,78288.335773039,77714.2309257256
2024/08/29,73600,74700,73500,74000,76358.8235294118,78751.6806722689,81407.3949579832,83931.6806722689,86455.9663865546,59300,73965.9663865546,71310.2521008403,68785.9663865546,66261.6806722689,76468.75,77037.9807692308,78288.3598365846,77785.8903542064
2024/08/28,75800,76400,75400,76400,76205.8823529412,78705.8823529412,81300.1680672269,83847.3109243698,86394.4537815126,58900,73705.8823529412,71111.5966386555,68564.4537815126,66017.3109243697,77167.5,77333.6538461538,77886.5064182049,77601.2712813282
2024/08/27,75700,76500,75600,75800,76394.1176470588,79007.6890756303,81532.6890756303,84101.974789916,86671.2605042017,60300,73780.5462184874,71255.5462184874,68686.2605042017,66116.974789916,77595,77455.7692307692,77769.623272064,77488.3178345547
2024/08/26,78100,78200,76000,76100,76823.5294117647,79539.243697479,81986.3865546218,84567.8151260504,87149.243697479,61000,74107.8151260504,71660.6722689076,69079.243697479,66497.8151260504,77992.5,77500.9615384615,77435.9515530467,77284.9652092227
2024/08/23,77700,78400,77500,77700,77282.3529411765,80082.3529411765,82449.4957983193,85033.0672268908,87616.6386554622,60600,74482.3529411765,72115.2100840336,69531.6386554622,66948.0672268908,78212.5,77362.5,76829.1382470532,76868.7925124971
2024/08/22,78700,78900,77800,78300,77476.4705882353,80308.6134453782,82602.1848739496,85165.0420168067,87727.8991596639,61300,74644.3277310925,72350.756302521,69787.8991596639,67225.0420168067,78325,76982.6923076923,76544.5410829064,76647.8452257823
2024/08/21,77900,78600,77800,78300,77647.0588235294,80496.3445378151,82716.3445378151,85250.987394958,87785.6302521009,61500,74797.7731092437,72577.7731092437,70043.1302521009,67508.487394958,77990,76807.6923076923,77027.1282637386,77133.2110135474
2024/08/20,79500,79800,78700,78900,77800,80650,82805.7142857143,85308.5714285714,87811.4285714286,64200,74950,72794.2857142857,70291.4285714286,67788.5714285714,77463.75,76686.0576923077,77826.0567683382,77928.1618511289
2024/08/19,80100,80100,78000,78300,77888.2352941177,80708.9495798319,82813.9495798319,85276.8067226891,87739.6638655462,64700,75067.5210084034,72962.5210084034,70499.6638655462,68036.8067226891,76861.25,76615.8653846154,78756.0170889097,78742.6524975194
2024/08/16,79400,80200,78700,80200,78105.8823529412,80841.5966386555,82945.1680672269,85364.8109243698,87784.4537815126,62200,75370.1680672269,73266.5966386555,70846.9537815126,68427.3109243697,76138.75,76357.2115384615,79515.1010394733,79400.7782342155
2024/08/14,77400,77800,77000,77200,78323.5294117647,80979.243697479,83069.9579831933,85443.1722689076,87816.3865546218,63200,75667.8151260504,73577.1008403361,71203.8865546218,68830.6722689076,74908.75,75845.6730769231,81134.5008211021,80536.3613753477
2024/08/13,76500,76600,75500,76100,78664.7058823529,81258.9915966387,83318.9915966387,85646.1344537815,87973.2773109244,62600,76070.4201680672,74010.4201680672,71683.2773109244,69356.1344537815,74808.75,76137.9807692308,82321.3292727149,81426.3556599043
2024/08/12,75200,75900,74800,75500,79152.9411764706,81677.9411764706,83710.0840336134,85988.6554621849,88267.2268907563,63000,76627.9411764706,74595.7983193277,72317.2268907563,70038.6554621849,74886.25,76740.8653846154,83324.2466110899,82167.7276736651
2024/08/09,75700,75800,74200,74700,79823.5294117647,82270.6722689076,84278.5294117647,86506.0294117647,88733.5294117647,63100,77376.3865546218,75368.5294117647,73141.0294117647,70913.5294117647,75001.25,77515.8653846154,84354.7101689584,82936.8634915775
2024/08/08,73200,73900,72500,73400,80529.4117647059,82896.5546218487,84867.9831932773,87037.268907563,89206.5546218487,64400,78162.268907563,76190.8403361345,74021.5546218487,71852.268907563,75885,78263.4615384615,85424.9722828947,83801.2892837056
2024/08/07,73000,76000,72800,74700,81370.5882352941,83664.1596638656,85578.4453781513,87682.3739495798,89786.3025210084,66300,79077.0168067227,77162.731092437,75058.8025210084,72954.8739495798,77342.5,79120.1923076923,86068.14789131,84436.2249122226
2024/08/06,74900,75300,72300,72500,82076.4705882353,84296.4705882353,86145.756302521,88180.3991596639,90215.0420168067,64900,79856.4705882353,78007.1848739496,75972.5420168067,73937.8991596639,78650,79880.7692307692,86852.6207661507,85125.6047371649
2024/08/05,76700,76900,70200,71400,82776.4705882353,84932.1848739496,86710.756302521,88677.8991596639,90645.0420168067,66200,80620.756302521,78842.1848739496,76875.0420168067,74907.8991596639,79993.75,80928.3653846154,86751.6313946521,85368.7871974264
2024/08/02,81000,81400,79500,79600,83729.4117647059,85834.4117647059,87555.1260504202,89467.9831932773,91380.8403361345,67500,81624.4117647059,79903.6974789916,77990.8403361345,76077.9831932773,81636.25,82179.3269230769,85618.2806013162,85136.3074594395
2024/08/01,86000,86100,83100,83100,84211.7647058824,86315.3361344538,87989.6218487395,89878.5504201681,91767.4789915966,68900,82108.1932773109,80433.9075630252,78544.9789915966,76656.0504201681,82035,82759.6153846154,85519.1239888976,85287.1729557047
2024/07/31,81200,83900,80900,83900,84488.2352941177,86578.9495798319,88214.6638655462,90077.8781512605,91941.0924369748,69000,82397.5210084034,80761.8067226891,78898.5924369748,77035.3781512605,81758.75,82891.8269230769,85744.3354607075,85385.919037144
2024/07/30,80400,81000,80000,81000,84694.1176470588,86754.1176470588,88358.4033613445,90190.5462184874,92022.6890756303,70000,82634.1176470588,81029.8319327731,79197.6890756303,77365.5462184874,81600,82942.3076923077,86438.9700143002,85755.7738595518
2024/07/29,81600,82000,81100,81200,85052.9411764706,87085.0840336134,88670.0840336134,90478.6554621849,92287.2268907563,72500,83020.7983193277,81435.7983193277,79627.2268907563,77818.6554621849,82258.75,83564.9038461538,86732.4351285661,86021.1407904731
2024/07/26,80700,81300,80400,80900,85252.9411764706,87260.7983193277,88830.7983193277,90619.7268907563,92408.6554621849,74400,83245.0840336134,81675.0840336134,79886.1554621849,78097.2268907563,82782.5,84162.5,86875.1758691181,86140.6509050131
2024/07/25,80400,81000,80100,80400,85305.8823529412,87277.3109243697,88843.7394957983,90612.6680672269,92381.5966386555,74300,83334.4537815126,81768.025210084,79999.0966386555,78230.1680672269,83557.5,84852.8846153846,86837.031609761,86173.0634638104
2024/07/24,82900,83300,81900,82000,85388.2352941177,87302.5210084034,88884.6638655462,90632.8781512605,92381.0924369748,74000,83473.9495798319,81891.8067226891,80143.5924369748,78395.3781512605,84601.25,85515.8653846154,86404.0304076022,86002.2007055846
2024/07/23,84200,84700,83400,83900,85376.4705882353,87225.756302521,88830.0420168067,90556.8277310925,92283.6134453782,76400,83527.1848739496,81922.8991596639,80196.1134453782,78469.3277310925,85221.25,85862.0192307692,85869.5059534778,85693.2376701776
2024/07/22,84400,84900,82600,83000,85235.2941176471,87013.8655462185,88648.1512605042,90354.5798319328,92061.0084033614,75800,83456.7226890756,81822.4369747899,80116.0084033614,78409.5798319328,85832.5,86120.1923076923,85342.0037726085,85258.4903290053
2024/07/19,85600,86100,84100,84400,85152.9411764706,86873.6554621849,88524.3697478992,90210.0840336134,91895.7983193277,76100,83432.2268907563,81781.512605042,80095.7983193277,78410.0840336134,86502.5,86374.0384615385,84212.9083683614,84448.6753478617
2024/07/18,83800,86900,83800,86900,84970.5882352941,86644.8739495798,88319.8739495798,89994.5168067227,91669.1596638656,77700,83296.3025210084,81621.3025210084,79946.6596638656,78272.0168067227,86715,86486.5384615385,83204.6377786622,83746.1649169685
2024/07/17,87100,88000,86400,86700,84611.7647058824,86247.4789915966,87950.3361344538,89619.6218487395,91288.9075630252,78300,82976.0504201681,81273.1932773109,79603.9075630252,77934.6218487395,86816.25,86321.6346153846,82756.8674811332,83371.6809691579
2024/07/16,86900,88000,86700,87700,84252.9411764706,85857.2268907563,87600.0840336134,89273.6554621849,90947.2268907563,78300,82648.6554621849,80905.7983193277,79232.2268907563,77558.6554621849,86951.25,86146.6346153846,81999.8298460943,82724.9933221242
2024/07/15,84700,87300,84100,86700,83800,85385,87161.4285714286,88842.1428571429,90522.8571428571,78900,82215,80438.5714285714,78757.8571428571,77077.1428571429,86767.5,85718.2692307692,81528.2622103438,82219.4412090468
2024/07/12,85900,86100,84100,84400,83500,85070,86872.1428571429,88558.2142857143,90244.2857142857,78300,81930,80127.8571428571,78441.7857142857,76755.7142857143,86531.25,85204.3269230769,81043.2745398489,81784.0491200045
2024/07/11,88500,88800,86700,87600,83311.7647058824,84878.1932773109,86723.9075630252,88429.9789915966,90136.0504201681,80200,81745.3361344538,79899.6218487395,78193.5504201681,76487.4789915966,86638.75,84903.3653846154,79826.08754753,80975.2565135483
2024/07/10,87600,88000,87100,87800,82852.9411764706,84435.0840336134,86325.0840336134,88061.1554621849,89797.2268907563,77200,81270.7983193277,79380.7983193277,77644.7268907563,75908.6554621849,85976.25,84271.6346153846,79099.7237446345,80334.4854720776
2024/07/09,87800,88200,86900,87800,82282.3529411765,83886.6386554622,85814.4957983193,87580.5672268908,89346.6386554622,76100,80678.0672268908,78750.2100840336,76984.1386554622,75218.0672268908,84982.5,83577.8846153846,78559.4019002999,79807.7208162827
2024/07/08,87900,88600,86900,87400,81800,83434.2857142857,85387.8571428571,87181.7857142857,88975.7142857143,75500,80165.7142857143,78212.1428571429,76418.2142857143,74624.2857142857,83995,82951.9230769231,78387.4729576467,79555.4903772422
2024/07/05,85600,87100,85200,87100,81282.3529411765,82933.0672268908,84915.2100840336,86731.6386554622,88548.0672268908,74700,79631.6386554622,77649.4957983193,75833.0672268908,74016.6386554622,83053.75,82332.2115384615,78452.2692760214,79449.0909586395
2024/07/04,82900,84700,82400,84600,80658.8235294118,82333.8235294118,84333.8235294118,86171.3235294118,88008.8235294118,73400,78983.8235294118,76983.8235294118,75146.3235294118,73308.8235294118,82100,81657.6923076923,78796.9294813325,79461.0901506885
2024/07/03,82300,82300,81000,81800,80105.8823529412,81808.7394957983,83830.1680672269,85692.3109243697,87554.4537815126,74700,78403.025210084,76381.5966386555,74519.4537815126,72657.3109243698,81550,81157.6923076923,78843.0703002425,79286.3941406102
2024/07/02,82500,82600,81500,81800,79747.0588235294,81489.9159663866,83524.2016806723,85412.7731092437,87301.3445378151,72500,78004.2016806723,75969.9159663866,74081.3445378151,72192.7731092437,81387.5,80960.5769230769,78505.8352380375,78992.4176409785
2024/07/01,81500,82100,81300,81800,79482.3529411765,81258.781512605,83301.6386554622,85211.281512605,87120.9243697479,71400,77705.9243697479,75663.0672268908,73753.4243697479,71843.7815126051,81275,80825,78010.2101682275,78531.9465220932
2024/06/28,81900,81900,80800,81500,79223.5294117647,81025.6722689076,83074.9579831933,85000.6722689076,86926.3865546218,79600,77421.3865546218,75372.1008403361,73446.3865546218,71520.6722689076,81117.5,80583.6538461538,77442.1845774141,77981.9623159093
2024/06/27,81300,81600,80500,81600,78858.8235294118,80704.5378151261,82748.8235294118,84693.8235294118,86638.8235294118,83100,77013.1092436975,74968.8235294118,73023.8235294118,71078.8235294118,80861.25,80235.0961538462,76919.613652291,77495.9823356798
2024/06/26,80100,81400,79900,81300,78511.7647058824,80401.7647058824,82436.7647058824,84399.2647058824,86361.7647058824,83900,76621.7647058824,74586.7647058824,72624.2647058824,70661.7647058824,80642.5,79789.4230769231,76618.6378952965,77194.3433419668
2024/06/25,80600,81800,80100,80800,78052.9411764706,79980.7983193277,81995.0840336134,83966.1554621849,85937.2268907563,81000,76125.0840336134,74110.7983193277,72139.7268907563,70168.6554621849,80526.25,79529.3269230769,76452.9606070604,77029.529935584
2024/06/24,79700,80900,79500,80600,77623.5294117647,79577.1008403361,81587.8151260504,83569.9579831933,85552.1008403361,81200,75669.9579831933,73659.243697479,71677.1008403361,69694.9579831933,80288.75,79261.0576923077,76166.9130447779,76780.2800558347
2024/06/21,80700,80800,80000,80000,77305.8823529412,79288.025210084,81276.5966386555,83261.9537815126,85247.3109243697,80900,75323.7394957983,73335.1680672269,71349.8109243698,69364.4537815126,79782.5,78800.9615384615,75893.4372631542,76553.4196343891
2024/06/20,81500,82200,81200,81600,77164.7058823529,79164.7058823529,81121.8487394958,83100.4201680672,85078.9915966387,80400,75164.7058823529,73207.5630252101,71228.9915966387,69250.4201680672,79442.5,78335.5769230769,75456.7618579482,76243.3225785587
2024/06/19,81100,82500,80500,81200,76905.8823529412,78927.3109243697,80851.5966386555,82824.4537815126,84797.3109243697,82000,74884.4537815126,72960.1680672269,70987.3109243698,69014.4537815126,78773.75,77655.2884615385,75394.841470835,76070.7009094686
2024/06/18,78700,80200,78600,79800,76594.1176470588,78628.4033613445,80523.4033613445,82488.0462184874,84452.6890756303,83900,74559.8319327731,72664.8319327731,70700.1890756303,68735.5462184874,78060,77115.3846153846,75499.9264307634,75992.4036727178
2024/06/17,79200,79500,78000,78100,76505.8823529412,78548.7394957983,80422.3109243697,82380.525210084,84338.7394957983,83000,74463.025210084,72589.4537815126,70631.2394957983,68673.025210084,77450,76788.4615384615,75735.899239529,76099.7512004653
2024/06/14,79700,80500,79000,79600,76482.3529411765,78531.6386554622,80392.3529411765,82347.3529411765,84302.3529411765,84400,74433.0672268908,72572.3529411765,70617.3529411765,68662.3529411765,77035,76594.2307692308,75793.3921547465,76185.1622104899
2024/06/13,78400,79000,77800,78600,76411.7647058824,78456.0504201681,80308.9075630252,82257.4789915966,84206.0504201681,86900,74367.4789915966,72514.6218487395,70566.0504201681,68617.4789915966,76561.25,76258.1730769231,76258.1849756719,76416.1641926824
2024/06/12,75300,77100,75200,76500,76429.4117647059,78464.4117647059,80302.268907563,82238.6974789916,84175.1260504202,86700,74394.4117647059,72556.5546218487,70620.1260504202,68683.6974789916,76122.5,75835.5769230769,76796.0845621861,76698.4315433299
2024/06/11,75900,76000,75100,75200,76482.3529411765,78496.6386554622,80345.9243697479,82277.7100840336,84209.4957983193,87700,74468.0672268908,72618.7815126051,70686.9957983193,68755.2100840336,75815,75717.3076923077,77278.5053753492,77091.6336952976
2024/06/10,76100,76600,75600,75700,76658.8235294118,78669.5378151261,80523.8235294118,82456.3235294118,84388.8235294118,86700,74648.1092436975,72793.8235294118,70861.3235294118,68928.8235294118,75865,75813.4615384615,77432.8250715515,77322.0600410787
2024/06/07,78400,78600,77100,77300,76811.7647058824,78800.3361344538,80676.0504201681,82608.1932773109,84540.3361344538,84400,74823.1932773109,72947.4789915966,71015.3361344538,69083.1932773109,75763.75,76036.0576923077,77691.5686591076,77639.8873512706
2024/06/05,78000,78000,76800,77400,76876.4705882353,78833.6134453782,80740.756302521,82672.8991596639,84605.0420168067,87600,74919.3277310925,73012.1848739496,71080.0420168067,69147.8991596639,75377.5,76091.3461538462,78279.010442468,78068.3657582301
2024/06/04,74900,76100,74900,75300,76982.3529411765,78906.6386554622,80859.4957983193,82798.0672268908,84736.6386554622,87800,75058.0672268908,73105.2100840336,71166.6386554622,69228.0672268908,75063.75,75997.5961538462,78903.5552750761,78415.6117391564
2024/06/03,74400,76400,74200,75700,77241.1764705882,79136.1764705882,81126.1764705882,83068.6764705882,85011.1764705882,87800,75346.1764705882,73356.1764705882,71413.6764705882,69471.1764705882,75481.25,76296.6346153846,79265.7902605017,78683.2356954655
2024/05/31,74500,74700,73500,73500,77570.5882352941,79444.1596638656,81467.0168067227,83415.231092437,85363.4453781513,87400,75697.0168067227,73674.1596638656,71725.9453781513,69777.731092437,75756.25,76521.6346153846,79721.3491115409,78955.1047926371
2024/05/30,74800,75200,73500,73500,78029.4117647059,79890.1260504202,81947.9831932773,83907.268907563,85866.5546218487,87100,76168.6974789916,74110.8403361345,72151.5546218487,70192.268907563,76302.5,77016.3461538462,79559.0172633222,78901.8362350587
2024/05/29,77700,78200,75200,75200,78270.5882352941,80123.4453781513,82203.4453781513,84169.8739495798,86136.3025210084,84600,76417.731092437,74337.731092437,72371.3025210084,70404.8739495798,77120,77573.0769230769,79203.6435988375,78792.0884148832
2024/05/28,76500,78000,76200,77600,78435.2941176471,80273.1512605042,82382.4369747899,84356.0084033614,86329.5798319328,81800,76597.4369747899,74488.1512605042,72514.5798319328,70541.0084033614,77507.5,77883.6538461538,78897.5563794371,78666.8093550201
2024/05/27,75300,78200,74000,77200,78429.4117647059,80278.6974789916,82405.1260504202,84392.9831932773,86380.8403361345,81800,76580.1260504202,74453.6974789916,72465.8403361345,70477.9831932773,77625,78063.4615384615,79267.353690433,78972.2498639078
2024/05/24,76800,77000,75700,75900,78400,80254.2857142857,82384.2857142857,84376.4285714286,86368.5714285714,81800,76545.7142857143,74415.7142857143,72423.5714285714,70431.4285714286,77863.75,78289.9038461538,79458.7022507962,79142.232672792
2024/05/23,77700,79100,77100,78300,78447.0588235294,80322.7731092437,82446.3445378151,84445.987394958,86445.6302521009,81500,76571.3445378151,74447.7731092437,72448.1302521009,70448.487394958,78170,78511.5384615385,78944.9473605561,78834.1268489639
2024/05/22,78100,78700,77300,77700,78329.4117647059,80236.5546218487,82365.1260504202,84382.9831932773,86400.8403361345,81600,76422.268907563,74293.6974789916,72275.8403361345,70257.9831932773,78216.25,78556.25,78915.3044454618,78773.6048427235
2024/05/21,78500,79000,78200,78400,78382.3529411765,80335.2100840336,82446.6386554622,84478.781512605,86510.9243697479,81300,76429.4957983193,74318.0672268908,72285.9243697479,70253.7815126051,78401.25,78673.5576923077,78744.0710194069,78660.1413073909
2024/05/20,78100,79100,77900,78900,78211.7647058824,80201.7647058824,82293.1932773109,84333.9075630252,86374.6218487395,80800,76221.7647058824,74130.3361344538,72089.6218487395,70048.9075630252,78582.5,78789.4230769231,78638.1122648158,78545.6073375654
2024/05/17,78600,78800,77200,77400,78047.0588235294,80069.9159663866,82139.9159663866,84186.3445378151,86232.7731092437,80600,76024.2016806723,73954.2016806723,71907.7731092437,69861.3445378151,78762.5,78854.8076923077,78756.58916783,78573.4530245233
2024/05/16,80200,80300,78100,78200,78058.8235294118,80116.6806722689,82150.9663865546,84197.0378151261,86243.1092436975,80000,76000.9663865546,73966.6806722689,71920.6092436975,69874.5378151261,79005,78825,78528.9977409545,78452.518314825
2024/05/14,78600,78800,77900,78300,78141.1764705882,80221.1764705882,82214.0336134454,84250.462184874,86286.8907563025,81600,76061.1764705882,74068.3193277311,72031.8907563025,69995.462184874,79302.5,78827.8846153846,78535.9637690217,78519.1735501297
2024/05/13,79400,79900,77600,78400,78176.4705882353,80285.756302521,82232.8991596639,84261.1134453782,86289.3277310925,81200,76067.1848739496,74120.0420168067,72091.8277310925,70063.6134453782,79552.5,78670.1923076923,78390.7676347982,78463.1660468129
2024/05/10,80400,81100,78900,79200,78270.5882352941,80397.0168067227,82302.0168067227,84317.731092437,86333.4453781513,79800,76144.1596638656,74239.1596638656,72223.4453781513,70207.731092437,79366.25,78475.4807692308,78183.1058955793,78388.8845440128
2024/05/09,81100,81500,79700,79700,78447.0588235294,80577.0588235294,82447.7731092437,84448.1302521009,86448.487394958,78100,76317.0588235294,74446.3445378151,72445.987394958,70445.6302521009,79090,78257.6923076923,78189.9215683243,78478.6340764545
2024/05/08,80800,81400,80500,81300,78682.3529411765,80805.9243697479,82673.781512605,84669.4957983193,86665.2100840336,79600,76558.781512605,74690.9243697479,72695.2100840336,70699.4957983193,78657.5,78041.3461538462,78397.0795521455,78723.5336057342
2024/05/07,79600,81300,79400,81300,78847.0588235294,80975.6302521009,82827.0588235294,84817.0588235294,86807.0588235294,78600,76718.487394958,74867.0588235294,72877.0588235294,70887.0588235294,78028.75,77780.2884615385,79208.8158324372,79307.4464194458
2024/05/03,79000,79000,77500,77600,78982.3529411765,81093.781512605,82931.6386554622,84906.281512605,86880.9243697479,76500,76870.9243697479,75033.0672268908,73058.4243697479,71083.7815126051,77206.25,77367.7884615385,80386.906189367,80078.6264942764
2024/05/02,77600,78600,77300,78000,79388.2352941177,81479.6638655462,83319.6638655462,85285.3781512605,87251.0924369748,75200,77296.8067226891,75456.8067226891,73491.0924369748,71525.3781512605,76982.5,77450.9615384615,81029.5548658545,80651.5388183479
2024/04/30,77000,78500,76600,77500,79770.5882352941,81840.5882352941,83678.4453781513,85632.3739495798,87586.3025210084,75700,77700.5882352941,75862.731092437,73908.8025210084,71954.8739495798,77017.5,77645.1923076923,81894.771969718,81359.551976109
2024/04/29,77400,77600,76200,76700,80229.4117647059,82263.6974789916,84091.5546218487,86022.6260504202,87953.6974789916,77300,78195.1260504202,76367.268907563,74436.1974789916,72505.1260504202,76948.75,78030.2884615385,82666.4760802479,81984.0841804269
2024/04/26,77800,77900,76500,76700,80664.7058823529,82657.5630252101,84482.5630252101,86391.4915966387,88300.4201680672,77400,78671.8487394958,76846.8487394958,74937.9201680672,73028.9915966387,77026.25,78433.1730769231,83184.8351572322,82435.0917465254
2024/04/25,77300,77500,76300,76300,81152.9411764706,83100.0840336134,84920.7983193277,86804.7268907563,88688.6554621849,75300,79205.7983193277,77385.0840336134,75501.1554621849,73617.2268907563,77322.5,78939.4230769231,83664.7160469763,82859.5861097782
2024/04/24,77500,78800,77200,78600,81488.2352941177,83393.2352941177,85202.5210084034,87059.6638655462,88916.8067226891,75700,79583.2352941177,77773.9495798319,75916.8067226891,74059.6638655462,78021.25,79623.5576923077,83892.3805533399,83124.085022882
2024/04/23,76400,76800,75500,75500,81711.7647058824,83582.4789915966,85381.0504201681,87215.6932773109,89050.3361344538,73500,79841.0504201681,78042.4789915966,76207.8361344538,74373.1932773109,78370,80200,84627.831092573,83604.6870681152
2024/04/22,77400,77500,75100,76100,82023.5294117647,83891.3865546218,85654.243697479,87469.6008403361,89284.9579831933,73500,80155.6722689076,78392.8151260504,76577.4579831933,74762.1008403361,79357.5,81068.2692307692,84471.576116507,83604.3758962543
2024/04/19,78300,78700,76300,77600,82241.1764705882,84092.6050420168,85815.462184874,87602.6050420168,89389.7478991597,75200,80389.7478991597,78666.8907563025,76879.7478991597,75092.6050420168,80436.25,81879.3269230769,84145.4285528768,83523.3966750038
2024/04/18,78800,80100,78300,79600,82376.4705882353,84214.3277310925,85899.3277310925,87660.756302521,89422.1848739496,77600,80538.6134453782,78853.6134453782,77092.1848739496,75330.756302521,81477.5,82479.8076923077,83533.1868779972,83142.0355891117
2024/04/17,80700,80800,78900,78900,82294.1176470588,84134.1176470588,85769.8319327731,87507.6890756303,89245.5462184874,77200,80454.1176470588,78818.4033613445,77080.5462184874,75342.6890756303,82233.75,82893.75,82918.2679644466,82630.4203136962
2024/04/16,81200,81300,79400,80000,82294.1176470588,84131.974789916,85699.1176470588,87401.6176470588,89104.1176470588,75900,80456.2605042017,78889.1176470588,77186.6176470588,75484.1176470588,83103.75,83366.8269230769,81699.0393876885,81732.6270745705
2024/04/15,82900,83200,81200,82200,82252.9411764706,84080.7983193277,,,,78300,80425.0840336134,,,,83810,83615.3846153846,80380.8832709186,80790.850491417
2024/04/12,84700,84900,83200,83700,81941.1764705882,83766.1764705882,,,,77700,80116.1764705882,,,,84215,83701.9230769231,79370.5332789511,80038.3340815701
2024/04/11,83200,84700,82500,84100,81300,83120.7142857143,,,,78400,79479.2857142857,,,,84268.75,83384.1346153846,78449.6844316374,79263.0439360825
2024/04/09,84500,84900,83100,83600,80635.2941176471,82444.5798319328,,,,78900,78826.0084033614,,,,84162.5,83077.8846153846,77662.4165387655,78596.0571460358
2024/04/08,85200,86000,84500,84500,79970.5882352941,81769.1596638656,,,,77400,78172.0168067227,,,,84127.5,82737.5,76675.7216839272,77825.3841705358
2024/04/05,84500,85000,83800,84500,79370.5882352941,81133.4453781513,,,,78200,77607.731092437,,,,83583.75,82151.4423076923,75663.6629499912,76945.5585182244
2024/04/04,85200,85500,84300,85300,78758.8235294118,80481.6806722689,,,,78300,77035.9663865546,,,,83086.25,81413.9423076923,74533.6669011847,75940.145731575
2024/04/03,84300,85000,83500,84100,78052.9411764706,79737.9411764706,,,,78400,76367.9411764706,,,,82192.5,80489.4230769231,73815.4609870564,75189.420623689
2024/04/02,82900,85000,82900,85000,77364.7058823529,79000.4201680672,,,,79200,75728.9915966387,,,,81437.5,79710.5769230769,73092.2783186525,74494.832729823
2024/04/01,83200,83300,82000,82000,76676.4705882353,78243.6134453782,,,,79700,75109.3277310925,,,,80571.25,78942.7884615385,73089.2659139457,74274.9816462933
2024/03/29,81200,82500,80900,82400,76100,,,,,81300,,,,,79872.5,78320.1923076923,72540.1964152256,73747.6348152709
2024/03/28,79400,81000,79200,80800,75541.1764705882,,,,,81300,,,,,78922.5,77370.1923076923,72372.6649697924,73450.8315049716
2024/03/27,79200,80000,79200,79800,75123.5294117647,,,,,77600,,,,,78272.5,76547.1153846154,72106.2383106799,73134.9985377451
2024/03/26,79700,80100,79200,79900,74835.2941176471,,,,,78000,,,,,77513.75,75828.3653846154,,
2024/03/25,79600,79800,77800,78200,74452.9411764706,,,,,77500,,,,,76453.75,75182.2115384615,,
2024/03/22,79600,79900,77800,78900,74158.8235294118,,,,,76700,,,,,75657.5,74722.1153846154,,
2024/03/21,79200,79300,77700,79300,73805.8823529412,,,,,76700,,,,,74647.5,74172.1153846154,,
2024/03/20,73700,77200,73400,76900,,,,,,76300,,,,,73716.25,73571.6346153846,,
2024/03/19,72300,73000,71700,72800,,,,,,78600,,,,,73211.25,73212.0192307692,,
2024/03/18,72600,73000,72500,72800,,,,,,75500,,,,,73223.75,73189.9038461538,,
2024/03/15,73400,73700,72300,72300,,,,,,76100,,,,,73190,73200,,
2024/03/14,74400,74500,73600,74300,,,,,,77600,,,,,73377.5,,,
2024/03/13,73700,74100,73500,74100,,,,,,79600,,,,,73205,,,
2024/03/12,72600,73500,72100,73300,,,,,,78900,,,,,73041.25,,,
2024/03/11,72900,73100,72300,72400,,,,,,80000,,,,,73075,,,
2024/03/08,72800,73400,72600,73300,,,,,,82200,,,,,73356.25,,,
2024/03/07,73100,73300,72200,72200,,,,,,83700,,,,,,,,
2024/03/06,73200,73500,72700,72900,,,,,,84100,,,,,,,,
2024/03/05,74600,74800,73700,73700,,,,,,83600,,,,,,,,
2024/03/04,74300,75000,74000,74900,,,,,,84500,,,,,,,,
2024/02/29,72600,73400,72000,73400,,,,,,84500,,,,,,,,
2024/02/28,72900,73900,72800,73200,,,,,,85300,,,,,,,,
2024/02/27,73100,73400,72700,72900,,,,,,84100,,,,,,,,
