Date,Open,High,Low,Close,Volume,Adj Close,Change
2010-03-11,0.6424999833106995,0.6604999899864197,0.6424999833106995,0.6604999899864197,3702000,0.600864052772522,
2010-03-12,0.6610000133514404,0.6653329730033875,0.6441670060157776,0.6441670060157776,4548000,0.586005449295044,-0.024728212291082574
2010-03-15,0.6311669945716858,0.6380000114440918,0.6141669750213623,0.6238330006599426,534000,0.5675075650215149,-0.031566356497521264
2010-03-16,0.6316670179367065,0.6751670241355896,0.630666971206665,0.6744999885559082,1260000,0.6136000156402588,0.08121883235155214
2010-03-17,0.699999988079071,0.7070000171661377,0.6861670017242432,0.6988329887390137,2610000,0.6357359886169434,0.036075612447676875
2010-03-18,0.6988329887390137,0.7008330225944519,0.6721670031547546,0.681833028793335,1584000,0.6202709078788757,-0.024326212728385532
2010-03-19,0.6733329892158508,0.6736670136451721,0.6396669745445251,0.650833010673523,1596000,0.592069685459137,-0.04546570320108123
2010-03-22,0.6380000114440918,0.7003329992294312,0.6343330144882202,0.6978330016136169,3804000,0.6348262429237366,0.07221513071602725
2010-03-23,0.7076669931411743,0.7455000281333923,0.7073330283164978,0.7428330183029175,6114000,0.6757631301879883,0.06448536624843748
2010-03-24,0.7356669902801514,0.7356669902801514,0.6980000138282776,0.7016670107841492,2034000,0.6383140683174133,-0.055417579058099076
2010-03-25,0.7319999933242798,0.7425000071525574,0.6974999904632568,0.6981670260429382,2034000,0.6351300477981567,-0.00498809932263955
2010-03-26,0.7168329954147339,0.7204999923706055,0.6735000014305115,0.6871669888496399,2322000,0.6251232624053955,-0.015755595413384338
2010-03-29,0.7093330025672913,0.7136669754981995,0.7006670236587524,0.7056670188903809,1380000,0.6419529318809509,0.02692217516401829
2010-03-30,0.7166669964790344,0.7266669869422913,0.6981670260429382,0.7191669940948486,1920000,0.6542341113090515,0.019130800849522123
2010-03-31,0.7246670126914978,0.7300000190734863,0.7041670083999634,0.7080000042915344,1080000,0.6440752744674683,-0.015527672842340468
2010-04-01,0.7278329730033875,0.7571669816970825,0.6984999775886536,0.710332989692688,1644000,0.646197497844696,0.0032951771002998065
2010-04-05,0.7373329997062683,0.7733330130577087,0.6901670098304749,0.7705000042915344,1500000,0.7009322047233582,0.08470254862423965
2010-04-06,0.7558330297470093,0.7696670293807983,0.7471669912338257,0.7588329911231995,1998000,0.6903187036514282,-0.015142132515706619
2010-04-07,0.7628329992294312,0.7821670174598694,0.741832971572876,0.7663329839706421,3414000,0.6971414089202881,0.009883588266690113
2010-04-08,0.7524999976158142,0.7524999976158142,0.714667022228241,0.7391669750213623,4470000,0.6724281311035156,-0.035449353632833414
2010-04-09,0.7476670145988464,0.7591670155525208,0.730666995048523,0.7588329911231995,1254000,0.6903187036514282,0.02660564766339668
2010-04-12,0.7703329920768738,0.7975000143051147,0.7611669898033142,0.7778329849243164,2400000,0.7076031565666199,0.02503843931850369
2010-04-13,0.7821670174598694,0.7966669797897339,0.7721670269966125,0.7928329706192017,2904000,0.7212488055229187,0.019284327079989838
2010-04-14,0.8420000076293945,0.8976669907569885,0.8420000076293945,0.8948330283164978,6504000,0.8140393495559692,0.12865264371842944
2010-04-15,0.9108330011367798,0.9231669902801514,0.8923329710960388,0.9024999737739563,12666000,0.8210141062736511,0.008568017959599494
2010-04-16,0.8916670083999634,0.8916670083999634,0.828499972820282,0.8691669702529907,4452000,0.7906904816627502,-0.03693407699678708
2010-04-19,0.8399999737739563,0.8654999732971191,0.7918329834938049,0.8398330211639404,5712000,0.7640052437782288,-0.03374949818964246
2010-04-20,0.8643329739570618,0.886667013168335,0.8583329916000366,0.8805000185966492,2922000,0.8010004162788391,0.04842271785925689
2010-04-21,0.886667013168335,0.9061669707298279,0.8140000104904175,0.8529999852180481,5772000,0.775983452796936,-0.03123229164995467
2010-04-22,0.8363329768180847,0.9039999842643738,0.7973330020904541,0.9011669754981995,6594000,0.8198015093803406,0.056467750427731556
2010-04-23,0.9160000085830688,0.9160000085830688,0.8686670064926147,0.9051669836044312,3600000,0.8234402537345886,0.0044386980603903226
2010-04-26,0.913332998752594,0.9380000233650208,0.9068329930305481,0.9131669998168945,3846000,0.830717921257019,0.008838166169745643
2010-04-27,0.875,0.906499981880188,0.8159999847412109,0.8186669945716858,5112000,0.7447501420974731,-0.10348600558732146
2010-04-28,0.835332989692688,0.8791670203208923,0.7935000061988831,0.8349999785423279,6864000,0.7596085071563721,0.019950705328223517
2010-04-29,0.835332989692688,0.8666669726371765,0.8255000114440918,0.8636670112609863,5838000,0.7856873273849487,0.03433177659321962
2010-04-30,0.8416669964790344,0.8416669964790344,0.7453330159187317,0.7471669912338257,10104000,0.6797056794166565,-0.13488997322830043
2010-05-03,0.7576670050621033,0.8140000104904175,0.7576670050621033,0.8021669983863831,4926000,0.7297399640083313,0.07361139851980569
2010-05-04,0.7854999899864197,0.7854999899864197,0.6613330245018005,0.6959999799728394,19164000,0.6331588625907898,-0.13235026949139805
2010-05-05,0.6850000023841858,0.7058330178260803,0.6414999961853027,0.6736670136451721,7920000,0.6128422021865845,-0.032087596221682
2010-05-06,0.6666669845581055,0.695667028427124,0.41666701436042786,0.6163330078125,17448000,0.5606848001480103,-0.08510733741057208
2010-05-07,0.6000000238418579,0.618166983127594,0.5143330097198486,0.5788329839706421,12372000,0.5265705585479736,-0.060843770115369344
2010-05-10,0.6800000071525574,0.6826670169830322,0.6468330025672913,0.6800000071525574,7206000,0.618603527545929,0.174777571395355
2010-05-11,0.6436669826507568,0.7024999856948853,0.6355000138282776,0.6669999957084656,27720000,0.6067770719528198,-0.01911766368728174
2010-05-12,0.6779999732971191,0.7246670126914978,0.6779999732971191,0.7211670279502869,42330000,0.6560534834861755,0.08120994391354808
2010-05-13,0.7018330097198486,0.7308329939842224,0.6554999947547913,0.664667010307312,28992000,0.6046546697616577,-0.07834525907758172
2010-05-14,0.6489999890327454,0.6489999890327454,0.5676670074462891,0.6039999723434448,15846000,0.5494653582572937,-0.09127433289613318
2010-05-17,0.5911669731140137,0.6348329782485962,0.5699999928474426,0.6290000081062317,19140000,0.5722079277038574,0.04139078958197606
2010-05-18,0.6445000171661377,0.6553329825401306,0.5691670179367065,0.5776669979095459,16128000,0.5255099534988403,-0.08161050800497949
2010-05-19,0.5748329758644104,0.6041669845581055,0.5466669797897339,0.5868330001831055,21306000,0.5338483452796936,0.01586727700687307
2010-05-20,0.5416669845581055,0.5761669874191284,0.5043330192565918,0.5389999747276306,10638000,0.49033403396606445,-0.0815104560250528
2010-05-21,0.5166670083999634,0.5989999771118164,0.503832995891571,0.574167013168335,11220000,0.522325873374939,0.06524497233691906
2010-05-24,0.5628330111503601,0.584833025932312,0.5403329730033875,0.5403329730033875,10944000,0.49154677987098694,-0.05892717517547108
2010-05-25,0.4943329989910126,0.5526670217514038,0.4749999940395355,0.5525000095367432,10818000,0.5026151537895203,0.02251766436855851
2010-05-26,0.5803329944610596,0.6036670207977295,0.546500027179718,0.5496670007705688,14250000,0.5000380873680115,-0.005127617587825428
2010-05-27,0.5923330187797546,0.6341670155525208,0.5839999914169312,0.6333330273628235,10578000,0.5761498212814331,0.152212205708119
2010-05-28,0.6406670212745667,0.6406670212745667,0.5771669745445251,0.6028329730033875,9288000,0.5484036803245544,-0.048158003833207896
2010-06-01,0.5989999771118164,0.621167004108429,0.5618330240249634,0.5618330240249634,4530000,0.5111055970191956,-0.06801212079385321
2010-06-02,0.581833004951477,0.6225000023841858,0.5641670227050781,0.6218330264091492,11094000,0.5656883716583252,0.10679329946528715
2010-06-03,0.6330000162124634,0.652999997138977,0.6150000095367432,0.6456670165061951,9102000,0.5873702764511108,0.03832860122383375
2010-06-04,0.6290000081062317,0.6305000185966492,0.5525000095367432,0.5616670250892639,13650000,0.5109546184539795,-0.13009800604569866
2010-06-07,0.569832980632782,0.578000009059906,0.4950000047683716,0.49900001287460327,18312000,0.45394569635391235,-0.11157324431624094
2010-06-08,0.5018330216407776,0.5041670203208923,0.45683300495147705,0.4934999942779541,12504000,0.44894224405288696,-0.011022081071631717
2010-06-09,0.5070000290870667,0.5385000109672546,0.47749999165534973,0.4836669862270355,8634000,0.4399970769882202,-0.019925041874226057
2010-06-10,0.5093330144882202,0.5386670231819153,0.5015000104904175,0.5368329882621765,9504000,0.4883629381656647,0.10992274343526232
2010-06-11,0.5180000066757202,0.5621669888496399,0.5133330225944519,0.5598329901695251,6510000,0.5092862248420715,0.0428438684101804
2010-06-14,0.5868330001831055,0.6025000214576721,0.5691670179367065,0.5705000162124634,6924000,0.5189900398254395,0.019053943283528385
2010-06-15,0.5833330154418945,0.6696670055389404,0.5833330154418945,0.6654999852180481,14508000,0.6054126024246216,0.16652053690775914
2010-06-16,0.6513329744338989,0.6896669864654541,0.6340000033378601,0.6746670007705688,14226000,0.6137518286705017,0.013774629235366875
2010-06-17,0.6880000233650208,0.6894999742507935,0.6361669898033142,0.6703330278396606,8724000,0.6098092198371887,-0.00642386974012088
2010-06-18,0.6735000014305115,0.6825000047683716,0.6566669940948486,0.6658329963684082,4656000,0.6057155728340149,-0.006713128078673192
2010-06-21,0.695667028427124,0.7131670117378235,0.6359999775886536,0.6481670141220093,9054000,0.5896445512771606,-0.026532151970168005
2010-06-22,0.6513329744338989,0.6769999861717224,0.6083329916000366,0.6140000224113464,9888000,0.5585625767707825,-0.05271325285959605
2010-06-23,0.6200000047683716,0.6424999833106995,0.5864999890327454,0.619333028793335,8076000,0.5634139180183411,0.008685677829529004
2010-06-24,0.6085000038146973,0.6106669902801514,0.5578330159187317,0.5653330087661743,11754000,0.5142896175384521,-0.08719060265907419
2010-06-25,0.5718330144882202,0.5734999775886536,0.536666989326477,0.5671669840812683,8718000,0.5159579515457153,0.0032440619717157837
2010-06-28,0.5615000128746033,0.5923330187797546,0.5528330206871033,0.5738329887390137,4248000,0.5220221877098083,0.011753160612025582
2010-06-29,0.5446670055389404,0.5446670055389404,0.48583298921585083,0.4956670105457306,23970000,0.4509136378765106,-0.13621729619457956
2010-06-30,0.4984999895095825,0.5146669745445251,0.46766701340675354,0.47166699171066284,10842000,0.4290805757045746,-0.04841964126005416
2010-07-01,0.4749999940395355,0.4863330125808716,0.4345000088214874,0.47350001335144043,10716000,0.4307481050491333,0.0038862622846036476
2010-07-02,0.47450000047683716,0.4814999997615814,0.4443329870700836,0.46766701340675354,7032000,0.42544180154800415,-0.012318901330964804
2010-07-06,0.4956670105457306,0.5049999952316284,0.4548330008983612,0.4668329954147339,24060000,0.42468294501304626,-0.0017833586036872795
2010-07-07,0.46700000762939453,0.5410000085830688,0.46700000762939453,0.540166974067688,13650000,0.49139589071273804,0.15708825077328625
2010-07-08,0.5601670145988464,0.5601670145988464,0.5106670260429382,0.5361670255661011,14706000,0.48775678873062134,-0.007405022323866972
2010-07-09,0.5385000109672546,0.5563330054283142,0.527167022228241,0.5546669960021973,7512000,0.5045864582061768,0.03450411822055521
2010-07-12,0.5573329925537109,0.5821670293807983,0.5509999990463257,0.5758330225944519,8718000,0.5238416194915771,0.03815988105441703
2010-07-13,0.5966669917106628,0.6186670064926147,0.5863329768180847,0.6128330230712891,11688000,0.5575006604194641,0.06425473883059252
2010-07-14,0.6399999856948853,0.6466670036315918,0.5953329801559448,0.6071670055389404,16902000,0.552346408367157,-0.009245613925882634
2010-07-15,0.5989999771118164,0.605666995048523,0.5680000185966492,0.5993329882621765,11166000,0.5452197790145874,-0.01290257409460216
2010-07-16,0.588333010673523,0.5923330187797546,0.541333019733429,0.5423330068588257,7878000,0.4933662414550781,-0.09510569669897151
2010-07-19,0.559499979019165,0.5855000019073486,0.5471670031547546,0.5833330154418945,7908000,0.5306642651557922,0.07559932378178402
2010-07-20,0.5394999980926514,0.5851669907569885,0.5196670293807983,0.5849999785423279,14142000,0.5321807861328125,0.0028576525866113034
2010-07-21,0.5961670279502869,0.5961670279502869,0.5456669926643372,0.5494999885559082,10890000,0.49988609552383423,-0.06068374579239588
2010-07-22,0.5583329796791077,0.6116669774055481,0.5583329796791077,0.5998330116271973,10308000,0.5456746220588684,0.0915978600901608
2010-07-23,0.5950000286102295,0.6154999732971191,0.5798329710960388,0.6113330125808716,7092000,0.5561362504959106,0.019172004092401718
2010-07-26,0.6116669774055481,0.6368330121040344,0.5931670069694519,0.6333330273628235,8622000,0.5761498212814331,0.03598695691088927
2010-07-27,0.6471670269966125,0.6471670269966125,0.6123329997062683,0.6203330159187317,10470000,0.5643236637115479,-0.020526343775601585
2010-07-28,0.612500011920929,0.6265000104904175,0.5783330202102661,0.5881670117378235,17106000,0.5350620150566101,-0.05185280060141473
2010-07-29,0.5948330163955688,0.5960000157356262,0.5301669836044312,0.5525000095367432,24666000,0.5026151537895203,-0.0606409429452649
2010-07-30,0.539667010307312,0.5456669926643372,0.5076670050621033,0.5351669788360596,13908000,0.48684725165367126,-0.03137200072669122
2010-08-02,0.5621669888496399,0.5716670155525208,0.5421670079231262,0.5634999871253967,19812000,0.512622058391571,0.05294237015699088
2010-08-03,0.5636669993400574,0.5648329854011536,0.5323330163955688,0.546500027179718,11742000,0.49715694785118103,-0.030168518782762055
2010-08-04,0.5483329892158508,0.5641670227050781,0.5323330163955688,0.5625,8508000,0.5117124915122986,0.02927716747399245
2010-08-05,0.5593330264091492,0.5669999718666077,0.5433329939842224,0.5490000247955322,7224000,0.4994312822818756,-0.023999955919053795
2010-08-06,0.5388330221176147,0.5609999895095825,0.5291669964790344,0.5496670007705688,7914000,0.5000380873680115,0.0012148924315349419
2010-08-09,0.5536670088768005,0.5666670203208923,0.5400000214576721,0.558667004108429,7584000,0.5082253217697144,0.016373555853349764
2010-08-10,0.5416669845581055,0.5416669845581055,0.5008329749107361,0.5158330202102661,18732000,0.4692588448524475,-0.07667176257620789
2010-08-11,0.4826669991016388,0.48316699266433716,0.4406670033931732,0.453667014837265,30720000,0.41270574927330017,-0.12051575400826553
2010-08-12,0.42149999737739563,0.4415000081062317,0.40666699409484863,0.43549999594688416,27768000,0.39617908000946045,-0.040044830891876826
2010-08-13,0.43766701221466064,0.4494999945163727,0.42149999737739563,0.4223330020904541,9888000,0.3842008709907532,-0.030234199722095956
2010-08-16,0.4183329939842224,0.43983298540115356,0.4083330035209656,0.4266670048236847,15528000,0.3881436884403229,0.010262050826665758
2010-08-17,0.4431670010089874,0.4580000042915344,0.4334999918937683,0.4429999887943268,14430000,0.4030018448829651,0.038280400841849804
2010-08-18,0.44699999690055847,0.4645000100135803,0.438167005777359,0.4578329920768738,10218000,0.416495680809021,0.03348307823419283
2010-08-19,0.45249998569488525,0.45933300256729126,0.4288330078125,0.43483299016952515,11196000,0.3955722749233246,-0.050236663380271995
2010-08-20,0.43883299827575684,0.45283299684524536,0.4306670129299164,0.43983298540115356,8682000,0.4001208245754242,0.01149865659843119
2010-08-23,0.452333003282547,0.45433300733566284,0.4238330125808716,0.42433300614356995,15390000,0.3860202729701996,-0.035240602165039325
2010-08-24,0.40733298659324646,0.41666701436042786,0.39316698908805847,0.4028330147266388,13998000,0.3664615750312805,-0.050667732902344165
2010-08-25,0.39716699719429016,0.4201669991016388,0.3824999928474426,0.41499999165534973,19578000,0.377530038356781,0.03020352474577437
2010-08-26,0.4223330020904541,0.42466700077056885,0.3869999945163727,0.3913330137729645,15816000,0.35599979758262634,-0.05702886351390646
2010-08-27,0.4031670093536377,0.41916701197624207,0.3713330030441284,0.414667010307312,22824000,0.3772270679473877,0.05962695635969251
2010-08-30,0.4086669981479645,0.41416698694229126,0.3840000033378601,0.3846670091152191,11874000,0.3499356806278229,-0.07234720980060538
2010-08-31,0.38166698813438416,0.3894999921321869,0.3548330068588257,0.360166996717453,17046000,0.3276478052139282,-0.06369148332766861
2010-09-01,0.37483298778533936,0.40549999475479126,0.37483298778533936,0.3936670124530792,21294000,0.35812312364578247,0.09301245267041103
2010-09-02,0.4003329873085022,0.4198330044746399,0.3923330008983612,0.4198330044746399,32310000,0.38192662596702576,0.06646732185790993
2010-09-03,0.4363330006599426,0.44749999046325684,0.41666701436042786,0.43799999356269836,39972000,0.39845338463783264,0.04327194121098654
2010-09-07,0.4341669976711273,0.4375,0.4099999964237213,0.4143329858779907,24540000,0.37692317366600037,-0.0540342649144806
2010-09-08,0.4161669909954071,0.4188329875469208,0.39583298563957214,0.4074999988079071,55176000,0.37070709466934204,-0.01649153531815528
2010-09-09,0.42283299565315247,0.4238330125808716,0.4043329954147339,0.40916699171066284,16536000,0.3722235858440399,0.00409078014142894
2010-09-10,0.40549999475479126,0.4106670022010803,0.375667005777359,0.39316698908805847,50568000,0.35766828060150146,-0.03910384499910624
2010-09-13,0.4050000011920929,0.4331670105457306,0.40450000762939453,0.4321669936180115,34164000,0.3931470215320587,0.09919450414800224
2010-09-14,0.42833301424980164,0.461667001247406,0.41633298993110657,0.4533329904079437,29940000,0.4124019145965576,0.04897643064486479
2010-09-15,0.4440000057220459,0.4508329927921295,0.43149998784065247,0.4498330056667328,20400000,0.40921804308891296,-0.0077205604164422015
2010-09-16,0.4408330023288727,0.460999995470047,0.43799999356269836,0.45933300256729126,15978000,0.41786032915115356,0.021118941431337968
2010-09-17,0.4659999907016754,0.46799999475479126,0.45249998569488525,0.45966699719429016,14418000,0.41816404461860657,0.0007271296099609081
2010-09-20,0.4598329961299896,0.467833012342453,0.4458329975605011,0.46516698598861694,39192000,0.42316746711730957,0.011965159186753782
2010-09-21,0.4634999930858612,0.47416698932647705,0.4576669931411743,0.4620000123977661,18630000,0.42028647661209106,-0.006808250985654296
2010-09-22,0.4560000002384186,0.46050000190734863,0.4325000047683716,0.4428330063819885,25320000,0.40296605229377747,-0.04148702489487266
2010-09-23,0.43050000071525574,0.4743329882621765,0.42216700315475464,0.4513329863548279,21150000,0.4107007682323456,0.019194549300390884
2010-09-24,0.47166699171066284,0.5076670050621033,0.47166699171066284,0.5049999952316284,25266000,0.4595363438129425,0.11890779202787694
2010-09-27,0.5088329911231995,0.5101670026779175,0.49050000309944153,0.4963330030441284,20460000,0.45164957642555237,-0.017162360929379283
2010-09-28,0.5023329854011536,0.522333025932312,0.48183301091194153,0.5195000171661377,25440000,0.47273093461990356,0.046676352327813087
2010-09-29,0.5099999904632568,0.5426669716835022,0.5099999904632568,0.531000018119812,31692000,0.4831955134868622,0.022136670979159057
2010-09-30,0.5393329858779907,0.550000011920929,0.5048329830169678,0.5195000171661377,36396000,0.47273093461990356,-0.021657251527775867
2010-10-01,0.5321670174598694,0.5354999899864197,0.5021669864654541,0.5139999985694885,24258000,0.4677259922027588,-0.010587138431008447
2010-10-04,0.5109999775886536,0.5113329887390137,0.475832998752594,0.49300000071525574,25332000,0.4486165940761566,-0.040856027067466494
2010-10-05,0.5033329725265503,0.5285000205039978,0.5033329725265503,0.5238329768180847,24222000,0.47667375206947327,0.06254153358640124
2010-10-06,0.5233330130577087,0.524167001247406,0.48750001192092896,0.5058330297470093,22194000,0.4602943956851959,-0.03436199679602536
2010-10-07,0.5046669840812683,0.5131670236587524,0.48833298683166504,0.5059999823570251,20838000,0.46044620871543884,0.00033005478131653554
2010-10-08,0.5024999976158142,0.5248330235481262,0.48583298921585083,0.5224999785423279,29346000,0.47546079754829407,0.032608689250231304
2010-10-11,0.5224999785423279,0.5473330020904541,0.5224999785423279,0.5320000052452087,20370000,0.48410549759864807,0.0181818700344909
2010-10-12,0.5253329873085022,0.550000011920929,0.515999972820282,0.5433329939842224,18330000,0.49441832304000854,0.021302610201648475
2010-10-13,0.5485000014305115,0.5541669726371765,0.5306670069694519,0.5458329916000366,27384000,0.4966931641101837,0.0046012254795755325
2010-10-14,0.5468329787254333,0.556833028793335,0.5318329930305481,0.541333019733429,19338000,0.4925982654094696,-0.0082442284285833
2010-10-15,0.5526670217514038,0.5583329796791077,0.5288329720497131,0.5536670088768005,22374000,0.5038220286369324,0.022784475902551282
2010-10-18,0.550832986831665,0.550832986831665,0.5273330211639404,0.5408329963684082,21282000,0.4921432137489319,-0.02318002030575761
2010-10-19,0.5238329768180847,0.5463330149650574,0.5011669993400574,0.5181670188903809,37842000,0.4715179204940796,-0.04190938354395002
2010-10-20,0.5186669826507568,0.5348330140113831,0.5083330273628235,0.5268329977989197,24378000,0.4794037342071533,0.0167242965928176
2010-10-21,0.5295000076293945,0.5321670174598694,0.5043330192565918,0.5189999938011169,22062000,0.4722760021686554,-0.014868096779299345
2010-10-22,0.5189999938011169,0.5523329973220825,0.5189999938011169,0.5498329997062683,29832000,0.5003330707550049,0.05940848992951375
2010-10-25,0.5583329796791077,0.5773329734802246,0.5583329796791077,0.5678330063819885,12414000,0.516712486743927,0.03273722509441268
2010-10-26,0.5598329901695251,0.5691670179367065,0.5418329834938049,0.5606669783592224,10962000,0.510191798210144,-0.01261995682220951
2010-10-27,0.5626670122146606,0.6129999756813049,0.5625,0.6121670007705688,19632000,0.5570554137229919,0.09185492350924607
2010-10-28,0.6138330101966858,0.6175000071525574,0.5910000205039978,0.6136670112609863,13932000,0.5584202408790588,0.002450328894777698
2010-10-29,0.6086670160293579,0.6299999952316284,0.6076670289039612,0.6251670122146606,10818000,0.5688851475715637,0.018739806348794463
2010-11-01,0.6296669840812683,0.6378329992294312,0.6039999723434448,0.6188330054283142,19554000,0.5631211996078491,-0.010131703468978848
2010-11-02,0.6301670074462891,0.6403329968452454,0.6216670274734497,0.6308330297470093,11472000,0.574040949344635,0.019391377339981197
2010-11-03,0.6371669769287109,0.6516669988632202,0.621999979019165,0.6516669988632202,18366000,0.5929991006851196,0.03302612281504391
2010-11-04,0.6694999933242798,0.7138329744338989,0.6694999933242798,0.7114999890327454,18684000,0.6474457383155823,0.09181528337923961
2010-11-05,0.7186669707298279,0.7366669774055481,0.7093330025672913,0.7263330221176147,18162000,0.660943329334259,0.020847552092072785
2010-11-08,0.7223330140113831,0.7415000200271606,0.7143329977989197,0.7273330092430115,17436000,0.6618531942367554,0.001376761203120358
2010-11-09,0.7273330092430115,0.7294999957084656,0.6919999718666077,0.6996669769287109,14748000,0.6366777420043945,-0.03803764157919165
2010-11-10,0.6990000009536743,0.7023329734802246,0.6729999780654907,0.7005000114440918,14172000,0.6374359726905823,0.0011906157398446915
2010-11-11,0.6470000147819519,0.6833329796791077,0.6215000152587891,0.6759999990463257,24570000,0.6151416897773743,-0.03497503497146126
2010-11-12,0.6708329916000366,0.7073330283164978,0.6546670198440552,0.6743329763412476,16152000,0.6136246919631958,-0.0024660099222335585
2010-11-15,0.6893330216407776,0.694832980632782,0.6593329906463623,0.6593329906463623,14220000,0.5999751687049866,-0.02224418235672121
2010-11-16,0.6431670188903809,0.6639999747276306,0.6213330030441284,0.6313329935073853,16314000,0.5744958519935608,-0.042467156256701055
2010-11-17,0.6290000081062317,0.6514999866485596,0.6218330264091492,0.6294999718666077,7788000,0.5728277564048767,-0.002903414932576509
2010-11-18,0.6486669778823853,0.6728330254554749,0.6486669778823853,0.664667010307312,10518000,0.6048288941383362,0.05586503576231494
2010-11-19,0.660332977771759,0.7020000219345093,0.660332977771759,0.6970000267028809,9654000,0.6342511177062988,0.04864543582600778
2010-11-22,0.6990000009536743,0.7243329882621765,0.6928330063819885,0.722832977771759,32064000,0.6577582955360413,0.03706305606770122
2010-11-23,0.7001670002937317,0.718999981880188,0.695667028427124,0.703499972820282,22074000,0.6401658654212952,-0.02674615788985435
2010-11-24,0.7188330292701721,0.7638329863548279,0.7188330292701721,0.7598329782485962,24210000,0.69142746925354,0.08007534840759001
2010-11-26,0.7484999895095825,0.7583330273628235,0.738332986831665,0.7471669912338257,6378000,0.6799014210700989,-0.01666943575411195
2010-11-29,0.7346670031547546,0.746167004108429,0.7138329744338989,0.7419999837875366,12354000,0.6751998066902161,-0.006915465360369577
2010-11-30,0.7193329930305481,0.725832998752594,0.7073330283164978,0.7145000100135803,14658000,0.6501755714416504,-0.03706196007388407
2010-12-01,0.7498329877853394,0.785332977771759,0.7498329877853394,0.7829999923706055,16272000,0.7125087380409241,0.09587121259203779
2010-12-02,0.7875000238418579,0.828499972820282,0.7848330140113831,0.8270000219345093,13560000,0.7525475025177002,0.05619416346440764
2010-12-03,0.8148329854011536,0.8431670069694519,0.8083329796791077,0.8389999866485596,10824000,0.763467013835907,0.014510235061397037
2010-12-06,0.8418329954147339,0.8418329954147339,0.8133329749107361,0.8346670269966125,11808000,0.7595241665840149,-0.005164433517162892
2010-12-07,0.8610000014305115,0.871167004108429,0.8320000171661377,0.8330000042915344,22344000,0.7580074071884155,-0.0019972308131981364
2010-12-08,0.8420000076293945,0.8586670160293579,0.8266670107841492,0.8558329939842224,8406000,0.7787848114967346,0.02741055171074991
2010-12-09,0.8706669807434082,0.8763329982757568,0.853833019733429,0.8619999885559082,7170000,0.7843965888023376,0.007205838773492568
2010-12-10,0.8651670217514038,0.8728330135345459,0.8528329730033875,0.8643329739570618,7374000,0.7865195870399475,0.002706479619636548
2010-12-13,0.881833016872406,0.881833016872406,0.8416669964790344,0.8481670022010803,8994000,0.7718090415000916,-0.01870340741713339
2010-12-14,0.8479999899864197,0.8519999980926514,0.8183330297470093,0.8264999985694885,11034000,0.7520925998687744,-0.025545680951232108
2010-12-15,0.8201670050621033,0.8341670036315918,0.7966669797897339,0.800832986831665,13974000,0.7287362217903137,-0.031055065677251248
2010-12-16,0.8076670169830322,0.8218330144882202,0.7921670079231262,0.8149999976158142,5910000,0.7416276931762695,0.017690343700998312
2010-12-17,0.8190000057220459,0.836667001247406,0.816332995891571,0.8316670060157776,5250000,0.7567943334579468,0.020450317114994787
2010-12-20,0.828000009059906,0.8373330235481262,0.8115000128746033,0.8221669793128967,24018000,0.748149573802948,-0.011422873138123069
2010-12-21,0.8326669931411743,0.8476669788360596,0.828499972820282,0.8395000100135803,7824000,0.7639222145080566,0.021082129466168942
2010-12-22,0.8266670107841492,0.8416669964790344,0.8130000233650208,0.8403329849243164,10470000,0.7646801471710205,0.0009922273982136964
2010-12-23,0.8258330225944519,0.8406670093536377,0.8258330225944519,0.8333330154418945,4158000,0.7583104372024536,-0.00832999490440367
2010-12-27,0.8178330063819885,0.8403329849243164,0.8025000095367432,0.8358330130577087,7362000,0.7605852484703064,0.0029999982833854855
2010-12-28,0.8333330154418945,0.8414999842643738,0.8153330087661743,0.8251670002937317,6186000,0.7508796453475952,-0.012760937408966222
2010-12-29,0.828499972820282,0.8324999809265137,0.8178330063819885,0.828499972820282,3360000,0.7539124488830566,0.004039149075719006
2010-12-30,0.828499972820282,0.8395000100135803,0.824167013168335,0.8358330130577087,3732000,0.7605852484703064,0.008850984282430918
2010-12-31,0.8293330073356628,0.8376669883728027,0.8199999928474426,0.8331670165061951,6024000,0.758159339427948,-0.003189628203079331
2011-01-03,0.8495000004768372,0.8791670203208923,0.8420000076293945,0.8518329858779907,11646000,0.7751448154449463,0.02240363456785599
2011-01-04,0.8596670031547546,0.8721669912338257,0.828000009059906,0.8546670079231262,10098000,0.7777236700057983,0.0033269691267172607
2011-01-05,0.8424999713897705,0.8694999814033508,0.8341670036315918,0.8629999756813049,4482000,0.7853066921234131,0.009749958382538004
2011-01-06,0.8705000281333923,0.9129999876022339,0.8705000281333923,0.9108330011367798,9810000,0.8288331031799316,0.05542645052534634
2011-01-07,0.9166669845581055,0.929332971572876,0.8748329877853394,0.9168329834938049,21936000,0.8342930674552917,0.006587357231827129
2011-01-10,0.911666989326477,0.9508330225944519,0.8999999761581421,0.945667028427124,9960000,0.8605313897132874,0.031449615636034656
2011-01-11,0.961667001247406,0.961667001247406,0.9353330135345459,0.9561669826507568,9942000,0.8700859546661377,0.01110322545674114
2011-01-12,0.9748330116271973,1.0099999904632568,0.9571670293807983,1.0098329782485962,9696000,0.9189205169677734,0.0561261752095461
2011-01-13,1.0108330249786377,1.025833010673523,0.9898329973220825,1.0095000267028809,8448000,0.9186176657676697,-0.0003297095191848731
2011-01-14,1.0240000486373901,1.0920000076293945,1.0199999809265137,1.0920000076293945,18042000,0.993690550327301,0.08172360450149374
2011-01-18,1.0800000429153442,1.0920000076293945,1.0626670122146606,1.0791670083999634,13842000,0.9820127487182617,-0.011751830714076705
2011-01-19,1.0525000095367432,1.057332992553711,0.9966670274734497,1.003999948501587,14754000,0.9136127233505249,-0.06965285198055082
2011-01-20,0.984499990940094,0.984499990940094,0.9304999709129333,0.9674999713897705,18720000,0.8803985714912415,-0.036354560741054365
2011-01-21,1.0,1.002500057220459,0.9474999904632568,0.9508330225944519,12576000,0.8652322292327881,-0.017226820969697076
2011-01-24,0.9613329768180847,1.0216670036315918,0.9599999785423279,1.0195000171661377,12990000,0.9277175068855286,0.07221772166086571
2011-01-25,1.0063329935073853,1.0178329944610596,0.9743329882621765,0.9981669783592224,13026000,0.9083048105239868,-0.020925000929586934
2011-01-26,1.0183329582214355,1.031499981880188,0.9898329973220825,1.025833010673523,16392000,0.9334801435470581,0.027716837877944656
2011-01-27,1.0464999675750732,1.088333010673523,1.0464999675750732,1.0824999809265137,19854000,0.9850453734397888,0.055239955883058744
2011-01-28,1.1039999723434448,1.1039999723434448,0.9701669812202454,0.9948329925537109,36168000,0.9052707552909851,-0.08098567197919804
2011-01-31,1.0033329725265503,1.0204999446868896,0.9666669964790344,1.0061670541763306,12234000,0.9155846238136292,0.011392928971450056
2011-02-01,1.0360000133514404,1.0933330059051514,1.0343329906463623,1.0789999961853027,22254000,0.9818606972694397,0.07238653035463849
2011-02-02,1.067167043685913,1.1119999885559082,1.0570000410079956,1.0973329544067383,18420000,0.9985430836677551,0.016990693499768117
2011-02-03,1.0978330373764038,1.1048330068588257,1.064666986465454,1.0985000133514404,10446000,0.9996051788330078,0.001063541325370121
2011-02-04,1.108667016029358,1.1660000085830688,1.1030000448226929,1.1634999513626099,16854000,1.058753490447998,0.05917154048351758
2011-02-07,1.1759999990463257,1.1916669607162476,1.140166997909546,1.1514999866485596,21102000,1.047833800315857,-0.01031367874145317
2011-02-08,1.1518330574035645,1.1583329439163208,1.1221669912338257,1.1488330364227295,8292000,1.045406699180603,-0.0023160662238409513
2011-02-09,1.1339999437332153,1.1506669521331787,1.1124999523162842,1.1269999742507935,12252000,1.0255393981933594,-0.019004556345211365
2011-02-10,1.090000033378601,1.1393330097198486,1.0786670446395874,1.136667013168335,12342000,1.034335970878601,0.008577674479511854
2011-02-11,1.128999948501587,1.1741670370101929,1.1104999780654907,1.1626670360565186,8436000,1.0579954385757446,0.02287391345659917
2011-02-14,1.176332950592041,1.2161669731140137,1.1714999675750732,1.1891670227050781,15360000,1.0821094512939453,0.022792412467838696
2011-02-15,1.187000036239624,1.1883330345153809,1.1398329734802246,1.1551669836044312,14406000,1.0511702299118042,-0.028591474916033865
2011-02-16,1.1798330545425415,1.2023329734802246,1.1653330326080322,1.1916669607162476,10158000,1.084384560585022,0.03159714364232147
2011-02-17,1.1846669912338257,1.25,1.1749999523162842,1.2441669702529907,15246000,1.1321579217910767,0.04405594118778633
2011-02-18,1.2558330297470093,1.25600004196167,1.2165000438690186,1.2298330068588257,13470000,1.1191145181655884,-0.011520932267837236
2011-02-22,1.1663329601287842,1.1743329763412476,1.0750000476837158,1.0833330154418945,40812000,0.9858037829399109,-0.1191218568699125
2011-02-23,1.0943330526351929,1.0943330526351929,0.9816669821739197,1.0251669883728027,35844000,0.9328740835189819,-0.0536917330497545
2011-02-24,1.0390000343322754,1.0826669931411743,1.015166997909546,1.0758329629898071,41208000,0.9789787530899048,0.04942216750211981
2011-02-25,1.1109999418258667,1.1593329906463623,1.1071670055389404,1.1571669578552246,38130000,1.0529905557632446,0.0756009507641271
2011-02-28,1.1816669702529907,1.1816669702529907,1.0851670503616333,1.1221669912338257,38628000,1.021141767501831,-0.03024625477231946
2011-03-01,1.137166976928711,1.1446670293807983,1.0528329610824585,1.0551669597625732,37800000,0.9601734280586243,-0.059705936812119
2011-03-02,1.0535000562667847,1.1386669874191284,1.0531669855117798,1.1001670360565186,51600000,1.001121997833252,0.04264735156611699
2011-03-03,1.1398329734802246,1.1741670370101929,1.1373330354690552,1.1640000343322754,33474000,1.0592081546783447,0.058021187859402135
2011-03-04,1.155500054359436,1.164667010307312,1.1045000553131104,1.1273330450057983,31500000,1.0258421897888184,-0.03150084900771588
2011-03-07,1.1291669607162476,1.1441669464111328,1.0011670589447021,1.034000039100647,50460000,0.9409117698669434,-0.0827909785121852
2011-03-08,1.042667031288147,1.0709999799728394,1.0076669454574585,1.0394999980926514,26598000,0.9459167718887329,0.005319109075458295
2011-03-09,1.0211670398712158,1.0211670398712158,0.9411669969558716,0.9468330144882202,66846000,0.8615922927856445,-0.08914572753676109
2011-03-10,0.8996670246124268,0.9166669845581055,0.8703330159187317,0.8751670122146606,60888000,0.7963782548904419,-0.07569022327796238
2011-03-11,0.8585000038146973,0.9075000286102295,0.8568329811096191,0.8985000252723694,37662000,0.8176106214523315,0.026661211782495364
2011-03-14,0.8945000171661377,0.9296669960021973,0.8774999976158142,0.8948330283164978,37458000,0.8142738342285156,-0.004081243019175229
2011-03-15,0.8048329949378967,0.8803330063819885,0.7823330163955688,0.8623329997062683,39852000,0.7846994996070862,-0.0363196569435682
2011-03-16,0.8651670217514038,0.8920000195503235,0.7885000109672546,0.8066669702529907,35268000,0.7340450882911682,-0.06455282294918407
2011-03-17,0.8423330187797546,0.8661670088768005,0.8270000219345093,0.8361669778823853,37530000,0.7608891129493713,0.03657024362872163
2011-03-18,0.878000020980835,0.878000020980835,0.8341670036315918,0.8445000052452087,32274000,0.7684720754623413,0.00996574557862484
2011-03-21,0.8746669888496399,0.9068329930305481,0.8706669807434082,0.8881670236587524,39534000,0.8082079887390137,0.05170754072507622
2011-03-22,0.894333004951477,0.894333004951477,0.8626670241355896,0.8673329949378967,24156000,0.7892495393753052,-0.023457331972348117
2011-03-23,0.8613330125808716,0.8958330154418945,0.8399999737739563,0.8908330202102661,25218000,0.8106338977813721,0.027094582368623055
2011-03-24,0.9221670031547546,0.9626669883728027,0.9088330268859863,0.9564999938011169,44664000,0.870388925075531,0.0737141216154642
2011-03-25,0.9653329849243164,0.9801669716835022,0.9468330144882202,0.9484999775886536,31548000,0.8631091713905334,-0.008363843454584297
2011-03-28,0.963333010673523,0.9769999980926514,0.9484999775886536,0.953000009059906,22812000,0.8672040104866028,0.004744366449741744
2011-03-29,0.9493330121040344,0.9793329834938049,0.9235000014305115,0.9791669845581055,29970000,0.8910152316093445,0.027457476652085422
2011-03-30,1.002166986465454,1.008167028427124,0.9595000147819519,0.9823330044746399,29814000,0.893896222114563,0.0032333809926845536
2011-03-31,0.9748330116271973,0.9871670007705688,0.9458330273628235,0.9573330283164978,20958000,0.8711469173431396,-0.02544959402184832
2011-04-01,0.9785000085830688,0.9785000085830688,0.9136670231819153,0.9238330125808716,33942000,0.8406630158424377,-0.0349930637978062
2011-04-04,0.9288330078125,0.9373329877853394,0.883167028427124,0.8999999761581421,27054000,0.8189753890037537,-0.02579799173461894
2011-04-05,0.9416670203208923,0.9811670184135437,0.9406669735908508,0.958666980266571,44274000,0.8723609447479248,0.06518556184730429
2011-04-06,0.987500011920929,1.0069999694824219,0.9760000109672546,1.005666971206665,30012000,0.9151296615600586,0.04902640010301074
2011-04-07,1.0058330297470093,1.0058330297470093,0.9599999785423279,0.9909999966621399,20022000,0.9017831087112427,-0.014584325591330494
2011-04-08,1.0080000162124634,1.0166670083999634,0.9521669745445251,0.9666669964790344,20496000,0.8796405792236328,-0.024553986140326223
2011-04-11,0.9736670255661011,0.9736670255661011,0.9328330159187317,0.9406669735908508,18594000,0.8559812903404236,-0.026896566224858698
2011-04-12,0.9166669845581055,0.9166669845581055,0.8684999942779541,0.8830000162124634,31302000,0.8035060167312622,-0.06130432873416691
2011-04-13,0.900833010673523,0.9079999923706055,0.8736670017242432,0.890500009059906,33960000,0.8103307485580444,0.008493762978185604
2011-04-14,0.8716670274734497,0.8936669826507568,0.8529999852180481,0.8923329710960388,18072000,0.811998724937439,0.002058351507562506
2011-04-15,0.8863329887390137,0.9171670079231262,0.8725000023841858,0.9100000262260437,17262000,0.8280753493309021,0.019798725030080178
2011-04-18,0.8773329854011536,0.8824999928474426,0.839667022228241,0.8613330125808716,29268000,0.7837895154953003,-0.053480233233623276
2011-04-19,0.8560000061988831,0.8733329772949219,0.8500000238418579,0.8716670274734497,22242000,0.7931933403015137,0.011997699776551629
2011-04-20,0.9498329758644104,0.9833329916000366,0.9433330297470093,0.9833329916000366,52812000,0.8948062062263489,0.1281062155697843
2011-04-21,1.0041669607162476,1.0041669607162476,0.9679999947547913,0.980666995048523,22464000,0.8923802375793457,-0.002711183875947931
2011-04-25,0.9778329730033875,0.9981669783592224,0.9711670279502869,0.9835000038146973,13536000,0.8949583768844604,0.0028888590933298097
2011-04-26,0.9853330254554749,1.0333329439163208,0.984499990940094,1.0308330059051514,30864000,0.938029944896698,0.048127099041040955
2011-04-27,1.0199999809265137,1.0341670513153076,0.992667019367218,1.0306669473648071,26574000,0.9378787875175476,-0.00016109160202759654
2011-04-28,1.0201669931411743,1.030500054359436,0.9894999861717224,1.0101670026779175,25950000,0.9192245602607727,-0.019889979725558837
2011-04-29,1.004667043685913,1.0295000076293945,1.0043330192565918,1.024999976158142,12540000,0.9327221512794495,0.014683684421390675
2011-05-02,1.034999966621399,1.034999966621399,0.9866669774055481,0.9929999709129333,21006000,0.9036030769348145,-0.0312195180385757
2011-05-03,0.9833329916000366,0.9876670241355896,0.9368330240249634,0.9563329815864563,33096000,0.870236873626709,-0.036925468681299756
2011-05-04,0.9804999828338623,0.9811670184135437,0.9231669902801514,0.9580000042915344,20118000,0.8717541694641113,0.0017431404512606719
2011-05-05,0.9416670203208923,0.9925000071525574,0.9358329772949219,0.9638329744338989,41994000,0.877061665058136,0.006088695319660387
2011-05-06,1.0,1.0178329944610596,0.9729999899864197,0.9850000143051147,40860000,0.8963232040405273,0.02196131532400436
2011-05-09,0.9850000143051147,0.9853330254554749,0.956833004951477,0.9764999747276306,18708000,0.8885884284973145,-0.008629481679226836
2011-05-10,0.9903330206871033,0.9983329772949219,0.9725000262260437,0.9891669750213623,19446000,0.9001151323318481,0.01297183883416353
2011-05-11,0.993166983127594,1.004667043685913,0.9476670026779175,0.9664999842643738,18096000,0.8794887661933899,-0.022915232038048017
2011-05-12,0.9526669979095459,1.0153330564498901,0.9495000243186951,1.0061670541763306,25260000,0.9155846238136292,0.04104197677990484
2011-05-13,1.0008330345153809,1.0084999799728394,0.9641669988632202,0.9671670198440552,16488000,0.8800956010818481,-0.03876099318736059
2011-05-16,0.9645000100135803,0.988332986831665,0.9226670265197754,0.9261670112609863,23142000,0.8427867293357849,-0.04239185967040071
2011-05-17,0.9160000085830688,0.9168329834938049,0.866832971572876,0.8926669955253601,35832000,0.8123025894165039,-0.03617059917737253
2011-05-18,0.9028329849243164,0.9516670107841492,0.9020000100135803,0.9430000185966492,17988000,0.8581045269966125,0.05638499387071727
2011-05-19,0.9315000176429749,0.9319999814033508,0.894333004951477,0.9194999933242798,20982000,0.8367200493812561,-0.0249204929044875
2011-05-20,0.921500027179718,0.9276670217514038,0.8968330025672913,0.9110000133514404,10974000,0.8289851546287537,-0.009244132718380205
2011-05-23,0.8801670074462891,0.8801670074462891,0.853833019733429,0.8550000190734863,23688000,0.7780268788337708,-0.06147090390475196
2011-05-24,0.8701670169830322,0.8713330030441284,0.8335000276565552,0.8356670141220093,23982000,0.7604342699050903,-0.022611701193208322
2011-05-25,0.8293330073356628,0.8663330078125,0.8199999928474426,0.8576670289039612,19098000,0.7804535031318665,0.026326293140894297
2011-05-26,0.8548330068588257,0.8873329758644104,0.8456670045852661,0.881833016872406,14706000,0.8024439811706543,0.028176421797777795
2011-05-27,0.8993330001831055,0.9211670160293579,0.8993330001831055,0.9131669998168945,19008000,0.8309571743011475,0.03553278494336798
2011-05-31,0.9416670203208923,0.9541670083999634,0.9269999861717224,0.9541670083999634,15954000,0.8682660460472107,0.04489869716195405
2011-06-01,0.9468330144882202,0.9468330144882202,0.8666669726371765,0.867667019367218,17838000,0.7895532846450806,-0.0906549778720569
2011-06-02,0.8690000176429749,0.8934999704360962,0.8541669845581055,0.8679999709129333,16122000,0.7898564338684082,0.0003837319366570835
2011-06-03,0.840499997138977,0.8600000143051147,0.818166971206665,0.8218330144882202,38124000,0.7478458285331726,-0.053187739598834605
2011-06-06,0.8176670074462891,0.8281670212745667,0.8001670241355896,0.8018329739570618,18660000,0.7296462655067444,-0.024335893275853726
2011-06-07,0.8264999985694885,0.8385000228881836,0.8133329749107361,0.8136669993400574,14688000,0.7404148578643799,0.01475871630047143
2011-06-08,0.8028330206871033,0.8029999732971191,0.7571669816970825,0.7648329734802246,36198000,0.6959771513938904,-0.06001721330647636
2011-06-09,0.7674999833106995,0.7816669940948486,0.7544999718666077,0.7673329710960388,25770000,0.6982519626617432,0.003268684408882727
2011-06-10,0.7583330273628235,0.7620000243186951,0.7145000100135803,0.7301669716835022,22752000,0.664432168006897,-0.04843529577446626
2011-06-13,0.7304999828338623,0.7423329949378967,0.7016670107841492,0.7088329792022705,18828000,0.6450187563896179,-0.029217964258289042
2011-06-14,0.7336670160293579,0.7620000243186951,0.7336670160293579,0.7484999895095825,15768000,0.6811146140098572,0.05596101122714936
2011-06-15,0.7319999933242798,0.741832971572876,0.703000009059906,0.7045000195503235,13464000,0.6410759091377258,-0.058784195826225516
2011-06-16,0.7101669907569885,0.710332989692688,0.6625000238418579,0.680666983127594,17418000,0.6193884015083313,-0.033829717191408926
2011-06-17,0.7046669721603394,0.7046669721603394,0.6441670060157776,0.6510000228881836,23820000,0.5923923254013062,-0.04358513189973434
2011-06-20,0.6470000147819519,0.661666989326477,0.6438329815864563,0.652999997138977,18750000,0.5942121744155884,0.003072156959258665
2011-06-21,0.6650000214576721,0.7055000066757202,0.6541669964790344,0.7021669745445251,30174000,0.638952910900116,0.07529399329397535
2011-06-22,0.6921669840812683,0.7118330001831055,0.6856669783592224,0.6918330192565918,20856000,0.6295492053031921,-0.014717233453818701
2011-06-23,0.6666669845581055,0.7245000004768372,0.6536669731140137,0.7229999899864197,41520000,0.6579102277755737,0.04504984564529502
2011-06-24,0.7161669731140137,0.7161669731140137,0.6664999723434448,0.6713330149650574,21660000,0.6108947992324829,-0.07146193047987837
2011-06-27,0.6713330149650574,0.6926670074462891,0.6516669988632202,0.6828330159187317,15390000,0.6213595271110535,0.0171300989186014
2011-06-28,0.6909999847412109,0.7095000147819519,0.6865000128746033,0.7088329792022705,24696000,0.6450187563896179,0.03807660537409219
2011-06-29,0.7151669859886169,0.7236670255661011,0.6955000162124634,0.7118330001831055,16728000,0.6477488875389099,0.00423233832067349
2011-06-30,0.7166669964790344,0.7699999809265137,0.7166669964790344,0.7633330225944519,30492000,0.6946123242378235,0.07234846150445273
2011-07-01,0.7691670060157776,0.8166670203208923,0.757332980632782,0.8131669759750366,25212000,0.7399598360061646,0.06528468165992174
2011-07-05,0.8088330030441284,0.8176670074462891,0.7791669964790344,0.7910000085830688,15444000,0.7197885513305664,-0.027260043812512458
2011-07-06,0.7828329801559448,0.7831670045852661,0.7534999847412109,0.7726669907569885,10506000,0.7031058073043823,-0.023177013435082716
2011-07-07,0.7943329811096191,0.8316670060157776,0.788332998752594,0.8183330297470093,18822000,0.7446607351303101,0.05910183757854259
2011-07-08,0.7868329882621765,0.7900000214576721,0.7561669945716858,0.7816669940948486,16896000,0.7112956047058105,-0.04480576283655091
2011-07-11,0.7663329839706421,0.7870000004768372,0.7350000143051147,0.7415000200271606,22608000,0.674744725227356,-0.05138629924396432
2011-07-12,0.7191669940948486,0.7225000262260437,0.6675000190734863,0.6781669855117798,46284000,0.6171134114265442,-0.08541204693839521
2011-07-13,0.6945000290870667,0.7033330202102661,0.6635000109672546,0.6710000038146973,27108000,0.6105917692184448,-0.010568166617066943
2011-07-14,0.6736670136451721,0.6978330016136169,0.636667013168335,0.6408330202102661,41184000,0.5831407904624939,-0.04495824654683911
2011-07-15,0.6538329720497131,0.6543329954147339,0.6274999976158142,0.6510000228881836,24444000,0.5923923254013062,0.01586529151475613
2011-07-18,0.6428329944610596,0.6504999995231628,0.6091669797897339,0.6230000257492065,25644000,0.5669129490852356,-0.04301074678116623
2011-07-19,0.6426669955253601,0.6890000104904175,0.6426669955253601,0.6846669912338257,31746000,0.6230281591415405,0.09898388914263645
2011-07-20,0.7014999985694885,0.7081670165061951,0.663332998752594,0.675832986831665,21420000,0.6149897575378418,-0.01290262932968489
2011-07-21,0.6708329916000366,0.6983330249786377,0.644333004951477,0.694333016872406,32058000,0.631824254989624,0.027373671308158487
2011-07-22,0.6978330016136169,0.7483329772949219,0.6978330016136169,0.7413330078125,40338000,0.6745927333831787,0.06769084833644157
2011-07-25,0.7193329930305481,0.7286670207977295,0.6978330016136169,0.7129999995231628,17520000,0.6488105058670044,-0.038219002783838274
2011-07-26,0.7260000109672546,0.7558330297470093,0.7260000109672546,0.7308329939842224,30282000,0.6650381088256836,0.02501121244458049
2011-07-27,0.7070000171661377,0.7070000171661377,0.6463329792022705,0.650833010673523,54816000,0.5922402143478394,-0.10946411008973489
2011-07-28,0.6499999761581421,0.6800000071525574,0.6269999742507935,0.6460000276565552,23532000,0.5878424048423767,-0.007425841863746729
2011-07-29,0.6119999885559082,0.6480000019073486,0.602666974067688,0.6305000185966492,33750000,0.5737378001213074,-0.02399382104693437
2011-08-01,0.6568329930305481,0.666333019733429,0.6036670207977295,0.6290000081062317,41922000,0.5723727345466614,-0.0023790808028144594
2011-08-02,0.6148329973220825,0.6269999742507935,0.5708330273628235,0.5731670260429382,44364000,0.5215662717819214,-0.08876467622217232
2011-08-03,0.5766670107841492,0.5960000157356262,0.5388330221176147,0.5913329720497131,48840000,0.5380969047546387,0.03169398304747206
2011-08-04,0.5720000267028809,0.5733330249786377,0.4894999861717224,0.4943329989910126,70020000,0.4498295783996582,-0.1640361313228883
2011-08-05,0.5091670155525208,0.5256670117378235,0.4186669886112213,0.45833298563957214,60150000,0.417070597410202,-0.07282543027659572
2011-08-08,0.4081670045852661,0.4406670033931732,0.3815000057220459,0.38666701316833496,42156000,0.3518564999103546,-0.15636224037253665
2011-08-09,0.40916699171066284,0.4399999976158142,0.3700000047683716,0.4386669993400574,49818000,0.3991750478744507,0.13448260234468012
2011-08-10,0.4244999885559082,0.4541670083999634,0.3930000066757202,0.41233301162719727,35904000,0.3752118647098541,-0.060031841356832594
2011-08-11,0.42983299493789673,0.49116700887680054,0.4269999861717224,0.4736669957637787,29616000,0.43102410435676575,0.14874866286969857
2011-08-12,0.4855000078678131,0.49983298778533936,0.45899999141693115,0.4690000116825104,27114000,0.42677730321884155,-0.009852880025434052
2011-08-15,0.47749999165534973,0.49766701459884644,0.47266700863838196,0.4966669976711273,22326000,0.4519534111022949,0.05899143987089306
2011-08-16,0.4793330132961273,0.4938330054283142,0.44999998807907104,0.46866700053215027,25092000,0.4264742136001587,-0.05637579559396755
2011-08-17,0.4643329977989197,0.49000000953674316,0.44600000977516174,0.4584999978542328,17232000,0.41722261905670166,-0.021693446874589628
2011-08-18,0.42033299803733826,0.42033299803733826,0.3700000047683716,0.37916699051856995,38010000,0.3450317084789276,-0.17302727962254982
2011-08-19,0.3703329861164093,0.40366700291633606,0.35499998927116394,0.3569999933242798,28344000,0.32486027479171753,-0.05846236024916973
2011-08-22,0.3869999945163727,0.38783299922943115,0.35966700315475464,0.367000013589859,21594000,0.33396002650260925,0.028011261771917484
2011-08-23,0.3799999952316284,0.42433300614356995,0.3700000047683716,0.42316699028015137,51924000,0.38507044315338135,0.1530435275489166
2011-08-24,0.42316699028015137,0.4343329966068268,0.3973329961299896,0.42250001430511475,51954000,0.38446351885795593,-0.0015761531271497597
2011-08-25,0.4158329963684082,0.43116700649261475,0.38666701316833496,0.3889999985694885,33522000,0.3539793789386749,-0.07928997538786753
2011-08-26,0.39033299684524536,0.42683300375938416,0.3716669976711273,0.4198330044746399,38676000,0.38203662633895874,0.07926222626873236
2011-08-29,0.4408330023288727,0.4675000011920929,0.4375,0.4666669964790344,29448000,0.4246543049812317,0.11155385952326569
2011-08-30,0.45566698908805847,0.4749999940395355,0.44633299112319946,0.4666669964790344,25152000,0.4246543049812317,0.0
2011-08-31,0.48066699504852295,0.4884999990463257,0.4468330144882202,0.4566670060157776,29664000,0.41555455327033997,-0.021428535848272867
2011-09-01,0.4573329985141754,0.47483301162719727,0.43333300948143005,0.4338330030441284,26106000,0.39477619528770447,-0.05000142920520134
2011-09-02,0.41416698694229126,0.41666701436042786,0.3963330090045929,0.40400001406669617,22992000,0.3676290214061737,-0.06876606613166703
2011-09-06,0.36649999022483826,0.39683300256729126,0.36466699838638306,0.3959999978542328,29136000,0.36034920811653137,-0.01980201963840189
2011-09-07,0.41916701197624207,0.4483329951763153,0.41916701197624207,0.44699999690055847,43224000,0.40675783157348633,0.12878787707746087
2011-09-08,0.4359999895095825,0.4740000069141388,0.43299999833106995,0.4403330087661743,32784000,0.40069109201431274,-0.014914962372734264
2011-09-09,0.4251669943332672,0.46116700768470764,0.4173330068588257,0.4259999990463257,39306000,0.38764840364456177,-0.032550386717566604
2011-09-12,0.4148330092430115,0.46483299136161804,0.4148330092430115,0.46483299136161804,34446000,0.42298537492752075,0.0911572591601566
2011-09-13,0.4731670022010803,0.4966669976711273,0.46183300018310547,0.49300000071525574,43494000,0.4486165940761566,0.06059597721566434
2011-09-14,0.5006669759750366,0.5475000143051147,0.4941670000553131,0.5299999713897705,86268000,0.4822855293750763,0.07505065034652003
2011-09-15,0.5466669797897339,0.5590000152587891,0.5329999923706055,0.5540000200271606,61032000,0.5041248798370361,0.045283113081038495
2011-09-16,0.5533329844474792,0.5733330249786377,0.5485000014305115,0.5558329820632935,62544000,0.5057927966117859,0.003308595613485732
2011-09-19,0.5303329825401306,0.5485000014305115,0.5098329782485962,0.5371670126914978,54882000,0.4888072609901428,-0.03358197511508976
2011-09-20,0.5458329916000366,0.5504999756813049,0.5161669850349426,0.5195000171661377,72882000,0.47273093461990356,-0.032889204117056425
2011-09-21,0.5298330187797546,0.541333019733429,0.4866670072078705,0.4869999885559082,117186000,0.44315677881240845,-0.06256020699963882
2011-09-22,0.44999998807907104,0.45249998569488525,0.413332998752594,0.438167005777359,61854000,0.3987200856208801,-0.10027306761002752
2011-09-23,0.42800000309944153,0.46916699409484863,0.4216670095920563,0.46216699481010437,52566000,0.4205594062805176,0.05477361078378462
2011-09-26,0.47883298993110657,0.47883298993110657,0.42966699600219727,0.4613330066204071,98616000,0.4198005795478821,-0.001804516979928339
2011-09-27,0.4861670136451721,0.5163329839706421,0.47816699743270874,0.48649999499320984,75846000,0.4427017271518707,0.054552759095146675
2011-09-28,0.4950000047683716,0.4950000047683716,0.44350001215934753,0.44449999928474426,57690000,0.40448296070098877,-0.08633092731902658
2011-09-29,0.461667001247406,0.4659999907016754,0.4016669988632202,0.4263330101966858,82098000,0.38795140385627747,-0.040870616686819794
2011-09-30,0.405333012342453,0.41850000619888306,0.3833329975605011,0.38350000977516174,47844000,0.34897464513778687,-0.10046841177455001
2011-10-03,0.37583300471305847,0.38783299922943115,0.3400000035762787,0.34083300828933716,52956000,0.31014883518218994,-0.11125684588858131
2011-10-04,0.33000001311302185,0.38449999690055847,0.32600000500679016,0.38383299112319946,89970000,0.3492775857448578,0.1261614391448822
2011-10-05,0.3848330080509186,0.4230000078678131,0.36899998784065247,0.41999998688697815,78738000,0.3821885585784912,0.09422586541595668
2011-10-06,0.4173330068588257,0.43516701459884644,0.4025000035762787,0.4345000088214874,78432000,0.39538320899009705,0.03452386282671771
2011-10-07,0.4458329975605011,0.45649999380111694,0.4266670048236847,0.44133299589157104,53652000,0.40160104632377625,0.015726091901855144
2011-10-10,0.460332989692688,0.4841670095920563,0.460332989692688,0.476500004529953,30468000,0.4336020052433014,0.0796836152423599
2011-10-11,0.46883299946784973,0.48100000619888306,0.46366700530052185,0.4733330011367798,30294000,0.4307202398777008,-0.006646386910945212
2011-10-12,0.4913330078125,0.5016670227050781,0.48583298921585083,0.48583298921585083,41778000,0.4420948028564453,0.02640844405323617
2011-10-13,0.4776670038700104,0.5203329920768738,0.4761669933795929,0.5163329839706421,45486000,0.4698489010334015,0.0627787643733686
2011-10-14,0.5364999771118164,0.5373330116271973,0.5070000290870667,0.5346670150756836,47322000,0.48653239011764526,0.035508153990185365
2011-10-17,0.5220000147819519,0.5239999890327454,0.4848330020904541,0.4906669855117798,36648000,0.44649356603622437,-0.08229426600718104
2011-10-18,0.49149999022483826,0.5266669988632202,0.47383299469947815,0.522333025932312,52332000,0.4753088653087616,0.06453672522414289
2011-10-19,0.521166980266571,0.521166980266571,0.484499990940094,0.4881669878959656,44826000,0.4442187249660492,-0.06541044954100594
2011-10-20,0.4746670126914978,0.4811669886112213,0.4363330006599426,0.4646669924259186,53466000,0.4228343665599823,-0.048139255731596386
2011-10-21,0.4833329916000366,0.5120000243186951,0.4830000102519989,0.49300000071525574,28434000,0.4486165940761566,0.060974867488256645
2011-10-24,0.5041670203208923,0.5463330149650574,0.5015000104904175,0.5441669821739197,81846000,0.49517709016799927,0.10378698049580071
2011-10-25,0.5323330163955688,0.5443329811096191,0.511667013168335,0.5148329734802246,63798000,0.4684840440750122,-0.053906263434997825
2011-10-26,0.5283330082893372,0.5389999747276306,0.48966699838638306,0.5220000147819519,38490000,0.4750056564807892,0.013921099989534058
2011-10-27,0.5636669993400574,0.5985000133514404,0.5558329820632935,0.5885000228881836,55464000,0.5355188846588135,0.12739464793695432
2011-10-28,0.5796669721603394,0.5931670069694519,0.5755000114440918,0.5931670069694519,25170000,0.5397658944129944,0.007930303992792043
2011-10-31,0.5751670002937317,0.5751670002937317,0.5475000143051147,0.5479999780654907,29562000,0.49866506457328796,-0.0761455515449585
2011-11-01,0.5031669735908508,0.5151669979095459,0.485166996717453,0.49549999833106995,40368000,0.45089155435562134,-0.09580288656169722
2011-11-02,0.5133330225944519,0.5166670083999634,0.4906669855117798,0.503000020980835,15834000,0.45771634578704834,0.015136271796218681
2011-11-03,0.5166670083999634,0.5509999990463257,0.48750001192092896,0.5481669902801514,44694000,0.49881699681282043,0.08979516384759223
2011-11-04,0.5354999899864197,0.5731670260429382,0.5336670279502869,0.5673329830169678,40914000,0.5162575840950012,0.03496378489887042
2011-11-07,0.5591670274734497,0.5695000290870667,0.5333330035209656,0.5648329854011536,44898000,0.5139826536178589,-0.0044065790120639825
2011-11-08,0.5771669745445251,0.5824999809265137,0.5468329787254333,0.5738329887390137,42258000,0.5221725106239319,0.01593391953104173
2011-11-09,0.5364999771118164,0.5364999771118164,0.4946669936180115,0.4959999918937683,41424000,0.4513464570045471,-0.13563702047921955
2011-11-10,0.5205000042915344,0.5214999914169312,0.4866670072078705,0.5091670155525208,21204000,0.46332818269729614,0.02654641910069322
2011-11-11,0.5233330130577087,0.5673329830169678,0.5233330130577087,0.5611670017242432,34920000,0.5106465816497803,0.10212756243704213
2011-11-14,0.5529999732971191,0.5695000290870667,0.5311669707298279,0.5418329834938049,29382000,0.4930533468723297,-0.034453234368792995
2011-11-15,0.538332998752594,0.5733330249786377,0.5351669788360596,0.5638329982757568,45540000,0.5130727887153625,0.04060294491504224
2011-11-16,0.550000011920929,0.5808330178260803,0.5429999828338623,0.5546669960021973,36810000,0.5047318339347839,-0.016256590695453932
2011-11-17,0.550000011920929,0.5533329844474792,0.4721669852733612,0.4916670024394989,73242000,0.44740357995033264,-0.11358165172396306
2011-11-18,0.5018330216407776,0.5018330216407776,0.46950000524520874,0.47699999809265137,32286000,0.4340570271015167,-0.0298311749091853
2011-11-21,0.45683300495147705,0.4591670036315918,0.4300000071525574,0.4496670067310333,39312000,0.4091847240924835,-0.057301868911766585
2011-11-22,0.4446670114994049,0.45833298563957214,0.4251669943332672,0.4334999918937683,28380000,0.39447319507598877,-0.035953304545946474
2011-11-23,0.41966700553894043,0.42033299803733826,0.3923330008983612,0.3926669955253601,31662000,0.3573163151741028,-0.09419376501029919
2011-11-25,0.3886669874191284,0.40366700291633606,0.37633299827575684,0.37633299827575684,22728000,0.34245285391807556,-0.04159758124756463
2011-11-28,0.4198330044746399,0.42283299565315247,0.40266698598861694,0.4148330092430115,23802000,0.3774866759777069,0.1023030431656271
2011-11-29,0.4186669886112213,0.4266670048236847,0.40233299136161804,0.40549999475479126,23424000,0.368993878364563,-0.02249824454724836
2011-11-30,0.43849998712539673,0.47633299231529236,0.43849998712539673,0.47483301162719727,51342000,0.4320851266384125,0.17098154813622668
2011-12-01,0.475832998752594,0.4873329997062683,0.4588330090045929,0.4830000102519989,24264000,0.4395168721675873,0.01719972795660163
2011-12-02,0.49766701459884644,0.5061669945716858,0.47850000858306885,0.4798330068588257,28338000,0.43663495779037476,-0.006556942703833224
2011-12-05,0.503000020980835,0.5091670155525208,0.485166996717453,0.4946669936180115,29232000,0.4501335322856903,0.030914894446913754
2011-12-06,0.4925000071525574,0.4996669888496399,0.47916701436042786,0.4916670024394989,16620000,0.44740357995033264,-0.006064668185298827
2011-12-07,0.485166996717453,0.5131670236587524,0.4733330011367798,0.5090000033378601,20436000,0.4631761610507965,0.035253537073588914
2011-12-08,0.4943329989910126,0.5130000114440918,0.4620000123977661,0.4656670093536377,26226000,0.4237443804740906,-0.08513358290777684
2011-12-09,0.45583298802375793,0.48833298683166504,0.44133299589157104,0.48249998688697815,35904000,0.4390617907047272,0.0361480998121495
2011-12-12,0.45283299684524536,0.45283299684524536,0.42716699838638306,0.44383299350738525,28650000,0.4038759469985962,-0.08013884856052922
2011-12-13,0.45066699385643005,0.45866701006889343,0.40583300590515137,0.41200000047683716,41736000,0.3749087452888489,-0.07172290815738647
2011-12-14,0.4099999964237213,0.4188329875469208,0.3855000138282776,0.39216700196266174,31500000,0.35686132311820984,-0.04813834585247878
2011-12-15,0.41383299231529236,0.4169999957084656,0.3855000138282776,0.391167014837265,20004000,0.35595136880874634,-0.002549901242052788
2011-12-16,0.40400001406669617,0.4161669909954071,0.39500001072883606,0.4003329873085022,18036000,0.36429211497306824,0.02343237574633039
2011-12-19,0.40450000762939453,0.40549999475479126,0.36500000953674316,0.3666670024394989,36264000,0.3336569368839264,-0.08409495579004045
2011-12-20,0.38850000500679016,0.4186669886112213,0.38850000500679016,0.41499999165534973,36492000,0.3776387572288513,0.13181712260520606
2011-12-21,0.41449999809265137,0.41666701436042786,0.3858329951763153,0.4028330147266388,24912000,0.36656707525253296,-0.029318017285203668
2011-12-22,0.4090000092983246,0.44600000977516174,0.40766701102256775,0.4424999952316284,28410000,0.40266290307044983,0.09847003362400053
2011-12-23,0.44383299350738525,0.4498330056667328,0.4334999918937683,0.44883298873901367,15252000,0.40842580795288086,0.014311849888428263
2011-12-27,0.4424999952316284,0.4576669931411743,0.44166699051856995,0.4476670026779175,19536000,0.4073648750782013,-0.002597817206734354
2011-12-28,0.4429999887943268,0.44783300161361694,0.42500001192092896,0.42583298683166504,23736000,0.38749635219573975,-0.04877289528967432
2011-12-29,0.4341669976711273,0.43983298540115356,0.4241670072078705,0.438167005777359,13962000,0.3987200856208801,0.028964451620958398
2011-12-30,0.43833300471305847,0.4433329999446869,0.4320000112056732,0.43266698718070984,15528000,0.39371514320373535,-0.012552333982545072
2012-01-03,0.46000000834465027,0.4699999988079071,0.4449999928474426,0.44850000739097595,20838000,0.4081227779388428,0.03659401035756216
2012-01-04,0.4461669921875,0.4513329863548279,0.4313330054283142,0.44816699624061584,19632000,0.4078197777271271,-0.0007424997656015897
2012-01-05,0.4465000033378601,0.46916699409484863,0.4440000057220459,0.4675000011920929,25092000,0.42541226744651794,0.04313794883079103
2012-01-06,0.46733298897743225,0.4733330011367798,0.45649999380111694,0.47166699171066284,19224000,0.42920419573783875,0.008913348680094968
2012-01-09,0.4796670079231262,0.5016670227050781,0.47666698694229126,0.4978330135345459,27516000,0.45301446318626404,0.0554756264138454
2012-01-10,0.5163329839706421,0.5226669907569885,0.507332980632782,0.5131670236587524,20658000,0.46696799993515015,0.03080151317273483
2012-01-11,0.5034999847412109,0.5239999890327454,0.5024999976158142,0.5195000171661377,16698000,0.47273093461990356,0.012340998574367879
2012-01-12,0.5288329720497131,0.5386670231819153,0.5133330225944519,0.5370000004768372,20850000,0.4886553883552551,0.03368620352730978
2012-01-13,0.522333025932312,0.5226669907569885,0.4988330006599426,0.5019999742507935,24198000,0.45680636167526245,-0.06517695753252306
2012-01-17,0.5220000147819519,0.5248330235481262,0.5061669945716858,0.5084999799728394,17028000,0.4627210795879364,0.012948219233968716
2012-01-18,0.5264999866485596,0.5878329873085022,0.5264999866485596,0.5833330154418945,50442000,0.5308170318603516,0.1471642840045977
2012-01-19,0.6003329753875732,0.6216670274734497,0.5971670150756836,0.6191669702529907,41148000,0.5634250044822693,0.0614296702955357
2012-01-20,0.6166669726371765,0.6313329935073853,0.6098330020904541,0.6281669735908508,17694000,0.5716148018836975,0.014535664481880817
2012-01-23,0.6320000290870667,0.636667013168335,0.6078330278396606,0.6233329772949219,22410000,0.567216157913208,-0.007695400266422681
2012-01-24,0.6131669878959656,0.6351670026779175,0.6098330020904541,0.6276670098304749,11994000,0.571159839630127,0.006952997343989908
2012-01-25,0.6338329911231995,0.6416670083999634,0.6081669926643372,0.6358330249786377,29904000,0.5785909295082092,0.01301010730254637
2012-01-26,0.6441670060157776,0.6543329954147339,0.6073330044746399,0.6161670088768005,22794000,0.560695230960846,-0.03092952918338565
2012-01-27,0.6085000038146973,0.6294999718666077,0.6051669716835022,0.6246669888496399,9660000,0.5684300065040588,0.0137949287293615
2012-01-30,0.6103330254554749,0.6103330254554749,0.5833330154418945,0.6028329730033875,15960000,0.5485616326332092,-0.03495304896207341
2012-01-31,0.6188330054283142,0.6215000152587891,0.5931670069694519,0.6053329706192017,17148000,0.5508365035057068,0.004147081741993741
2012-02-01,0.6256669759750366,0.6600000262260437,0.6226670145988464,0.6451669931411743,39444000,0.5870844125747681,0.06580514271546445
2012-02-02,0.6549999713897705,0.6710000038146973,0.6463329792022705,0.6576669812202454,22602000,0.5984588861465454,0.01937481026146637
2012-02-03,0.680167019367218,0.6951670050621033,0.6721670031547546,0.6855000257492065,26310000,0.6237863898277283,0.042320878687446495
2012-02-06,0.6790000200271606,0.6796669960021973,0.652999997138977,0.6636670231819153,16218000,0.6039188504219055,-0.031849747260664585
2012-02-07,0.6533330082893372,0.6708329916000366,0.6433330178260803,0.6643329858779907,18906000,0.6045250296592712,0.0010034590733203341
2012-02-08,0.6685000061988831,0.7038329839706421,0.6685000061988831,0.6894999742507935,28428000,0.6274263262748718,0.03788309312918092
2012-02-09,0.7008330225944519,0.7008330225944519,0.6788330078125,0.6955000162124634,20448000,0.6328860521316528,0.008702019123625782
2012-02-10,0.6735000014305115,0.6775000095367432,0.6451669931411743,0.6524999737739563,28206000,0.5937573313713074,-0.061826084020350724
2012-02-13,0.6725000143051147,0.675000011920929,0.6343330144882202,0.6593329906463623,18954000,0.5999751687049866,0.01047205693033959
2012-02-14,0.6526669859886169,0.6688330173492432,0.6499999761581421,0.6688330173492432,20418000,0.6086198091506958,0.014408541416329967
2012-02-15,0.6830000281333923,0.7024999856948853,0.675000011920929,0.6778330206871033,32016000,0.6168094873428345,0.013456278479686112
2012-02-16,0.6733329892158508,0.7316669821739197,0.6733329892158508,0.7279999852180481,32184000,0.6624601483345032,0.07401080059524356
2012-02-17,0.7458329796791077,0.7459999918937683,0.7045000195503235,0.7110000252723694,18594000,0.6469907164573669,-0.023351593806127502
2012-02-21,0.7163329720497131,0.7166669964790344,0.6733329892158508,0.6825000047683716,19566000,0.6210564374923706,-0.040084415599113465
2012-02-22,0.6738330125808716,0.6911669969558716,0.6650000214576721,0.6721670031547546,12120000,0.6116536855697632,-0.015139928998423646
2012-02-23,0.6733329892158508,0.6794999837875366,0.6466670036315918,0.6761670112609863,14346000,0.6152935028076172,0.005950914114287054
2012-02-24,0.6800000071525574,0.6909999847412109,0.6673330068588257,0.6711670160293579,8700000,0.6107438206672668,-0.0073946157507801535
2012-02-27,0.6579999923706055,0.6863330006599426,0.6448330283164978,0.6718329787254333,16248000,0.6113496422767639,0.0009922458645470478
2012-02-28,0.6763330101966858,0.714667022228241,0.6763330101966858,0.7058330178260803,25620000,0.6422887444496155,0.05060787454219651
2012-02-29,0.7083330154418945,0.7095000147819519,0.6690000295639038,0.6731669902801514,17994000,0.6125635504722595,-0.04628010693880291
2012-03-01,0.6851670145988464,0.6930000185966492,0.6653329730033875,0.6738330125808716,11220000,0.6131697297096252,0.000989386452896479
2012-03-02,0.6686670184135437,0.6843330264091492,0.6499999761581421,0.6531670093536377,15672000,0.5943640470504761,-0.03066932435987413
2012-03-05,0.6464999914169312,0.6468330025672913,0.5979999899864197,0.6043329834938049,37602000,0.5499265789985657,-0.07476499143482163
2012-03-06,0.5771669745445251,0.590499997138977,0.5665000081062317,0.5860000252723694,25242000,0.5332441329956055,-0.030335855765224018
2012-03-07,0.5961670279502869,0.6209999918937683,0.5914999842643738,0.6141669750213623,33216000,0.5588752627372742,0.04806646507549406
2012-03-08,0.6333330273628235,0.6456670165061951,0.621999979019165,0.6403329968452454,18336000,0.5826855301856995,0.04260408470021182
2012-03-09,0.6396669745445251,0.6626669764518738,0.6391670107841492,0.6610000133514404,25692000,0.601492166519165,0.03227542014548068
2012-03-12,0.661666989326477,0.661666989326477,0.6355000138282776,0.6430000066757202,16902000,0.5851123929023743,-0.027231477022905848
2012-03-13,0.6546670198440552,0.6846669912338257,0.6546670198440552,0.6846669912338257,29352000,0.6230281591415405,0.06480090843781139
2012-03-14,0.6916670203208923,0.7113329768180847,0.6741669774055481,0.6784999966621399,32916000,0.6174166202545166,-0.009007290625435815
2012-03-15,0.6903330087661743,0.7203329801559448,0.6863330006599426,0.7168329954147339,32976000,0.6522986888885498,0.056496682300916756
2012-03-16,0.7174999713897705,0.7256669998168945,0.7093330025672913,0.7183330059051514,17574000,0.6536633968353271,0.002092552240218204
2012-03-19,0.7149999737739563,0.7444999814033508,0.711667001247406,0.7356669902801514,17856000,0.6694368124008179,0.024130847716175685
2012-03-20,0.7188330292701721,0.7273330092430115,0.7024999856948853,0.7213330268859863,16914000,0.6563933491706848,-0.01948430959054792
2012-03-21,0.727167010307312,0.7378330230712891,0.7149999737739563,0.7283329963684082,10542000,0.662763237953186,0.009704213201828571
2012-03-22,0.713333010673523,0.722000002861023,0.6983330249786377,0.7158330082893372,12330000,0.6513885259628296,-0.017162462968721814
2012-03-23,0.7196670174598694,0.7216669917106628,0.6938329935073853,0.7213330268859863,17070000,0.6563933491706848,0.007683382203613087
2012-03-26,0.7398329973220825,0.7518330216407776,0.725832998752594,0.7518330216407776,19938000,0.6841474771499634,0.042282820303487956
2012-03-27,0.7466670274734497,0.7674999833106995,0.7466670274734497,0.75,11262000,0.6824796199798584,-0.0024380701405974925
2012-03-28,0.7491670250892639,0.7548329830169678,0.7076669931411743,0.7229999899864197,20256000,0.6579102277755737,-0.03600001335144043
2012-03-29,0.7096670269966125,0.728833019733429,0.6958330273628235,0.7253329753875732,13368000,0.6600331664085388,0.003226812494419695
2012-03-30,0.7484999895095825,0.7484999895095825,0.7166669964790344,0.7336670160293579,17772000,0.6676172018051147,0.01148995140794673
2012-04-02,0.7283329963684082,0.7403330206871033,0.7018330097198486,0.7329999804496765,16848000,0.6670100688934326,-0.0009091802753944389
2012-04-03,0.7300000190734863,0.7300000190734863,0.6903330087661743,0.699167013168335,24684000,0.6362229585647583,-0.04615684608966275
2012-04-04,0.6723330020904541,0.6743329763412476,0.6341670155525208,0.6514999866485596,43110000,0.5928473472595215,-0.06817688137740963
2012-04-05,0.6489999890327454,0.663332998752594,0.6445000171661377,0.6576669812202454,13242000,0.5984588861465454,0.009465839904939877
2012-04-09,0.6276670098304749,0.6355000138282776,0.6175000071525574,0.6303330063819885,20418000,0.5735859274864197,-0.04156203005287107
2012-04-10,0.6269999742507935,0.6424999833106995,0.5914999842643738,0.5973330140113831,19278000,0.5435566902160645,-0.05235326729916967
2012-04-11,0.6166669726371765,0.6383330225944519,0.6158329844474792,0.6251670122146606,15714000,0.5688851475715637,0.046597120116229185
2012-04-12,0.6294999718666077,0.6675000190734863,0.6276670098304749,0.659500002861023,29892000,0.6001270413398743,0.05491810984194023
2012-04-13,0.6513329744338989,0.6589999794960022,0.6238330006599426,0.6241670250892639,13854000,0.5679751038551331,-0.053575401999209404
2012-04-16,0.640500009059906,0.6436669826507568,0.6085000038146973,0.6251670122146606,26910000,0.5688851475715637,0.0016021146347064974
2012-04-17,0.6380000114440918,0.6625000238418579,0.6380000114440918,0.6541669964790344,25710000,0.5952742099761963,0.04638757915527414
2012-04-18,0.6328330039978027,0.646166980266571,0.6184999942779541,0.6378329992294312,18018000,0.5804105997085571,-0.0249691551813509
2012-04-19,0.6301670074462891,0.661666989326477,0.6050000190734863,0.6169999837875366,19344000,0.5614530444145203,-0.032662178763191885
2012-04-20,0.6175000071525574,0.617667019367218,0.5721669793128967,0.574167013168335,40272000,0.522476315498352,-0.06942134804650357
2012-04-23,0.5534999966621399,0.554332971572876,0.5356670022010803,0.5531669855117798,27534000,0.5033669471740723,-0.03657477210450322
2012-04-24,0.5603330135345459,0.5608329772949219,0.5336670279502869,0.5398330092430115,19170000,0.4912332594394684,-0.024104794064005786
2012-04-25,0.566332995891571,0.5796669721603394,0.5575000047683716,0.5758330225944519,29502000,0.5239924788475037,0.06668731391939509
2012-04-26,0.5803329944610596,0.618166983127594,0.5803329944610596,0.6146669983863831,28902000,0.5593303442001343,0.06743964702990146
2012-04-27,0.6136670112609863,0.6209999918937683,0.5964999794960022,0.6151670217514038,29844000,0.5597853064537048,0.0008134865973501437
2012-04-30,0.6136670112609863,0.6151670217514038,0.6050000190734863,0.6051669716835022,15000000,0.5506855249404907,-0.01625582925338076
2012-05-01,0.6050000190734863,0.6273329854011536,0.5998330116271973,0.6123329997062683,19788000,0.5572063326835632,0.01184140635241726
2012-05-02,0.6000000238418579,0.625,0.5958330035209656,0.6208329796791077,15480000,0.5649411082267761,0.013881303109446463
2012-05-03,0.6234999895095825,0.6248329877853394,0.5740000009536743,0.5763329863548279,26280000,0.5244473814964294,-0.07167788242705897
2012-05-04,0.5674999952316284,0.5766670107841492,0.5375000238418579,0.5391669869422913,31662000,0.49062734842300415,-0.06448702450228105
2012-05-07,0.5311669707298279,0.5475000143051147,0.5311669707298279,0.5358330011367798,21600000,0.48759350180625916,-0.006183586692536713
2012-05-08,0.5256670117378235,0.5301669836044312,0.4931670129299164,0.5264999866485596,33234000,0.47910067439079285,-0.017417767230499148
2012-05-09,0.5023329854011536,0.5285000205039978,0.48833298683166504,0.5220000147819519,33318000,0.4750056564807892,-0.00854695532900629
2012-05-10,0.5325000286102295,0.5325000286102295,0.5028330087661743,0.5153329968452454,21144000,0.468938946723938,-0.012772064651169535
2012-05-11,0.512499988079071,0.5450000166893005,0.5106670260429382,0.5263329744338989,23736000,0.4789486825466156,0.021345377951718536
2012-05-14,0.5105000138282776,0.5203329920768738,0.5033329725265503,0.5108330249786377,18600000,0.4648441970348358,-0.029448942415079227
2012-05-15,0.5088329911231995,0.5231670141220093,0.49149999022483826,0.4946669936180115,18522000,0.4501335322856903,-0.03164641002077395
2012-05-16,0.49916699528694153,0.5044999718666077,0.4699999988079071,0.4718329906463623,32856000,0.4293551445007324,-0.04616035285605069
2012-05-17,0.4746670126914978,0.476500004529953,0.43766701221466064,0.43766701221466064,27282000,0.3982650637626648,-0.0724111690132091
2012-05-18,0.44633299112319946,0.44783300161361694,0.4108330011367798,0.41350001096725464,48906000,0.3762737512588501,-0.055217781036586144
2012-05-21,0.41533300280570984,0.44666698575019836,0.413332998752594,0.44483301043510437,43740000,0.40478596091270447,0.07577508739251515
2012-05-22,0.44566699862480164,0.44566699862480164,0.4269999861717224,0.43616700172424316,29538000,0.3969000577926636,-0.019481487451627588
2012-05-23,0.42066699266433716,0.4424999952316284,0.4099999964237213,0.44133299589157104,27300000,0.40160104632377625,0.011844073822425472
2012-05-24,0.44200000166893005,0.4440000057220459,0.41499999165534973,0.42399999499320984,28086000,0.3858284652233124,-0.03927420124875425
2012-05-25,0.4235000014305115,0.4440000057220459,0.42316699028015137,0.4393329918384552,21594000,0.3997810482978821,0.03616272883562388
2012-05-29,0.4526669979095459,0.47133299708366394,0.4513329863548279,0.46516698598861694,18396000,0.42328932881355286,0.058802763803500246
2012-05-30,0.452333003282547,0.4526669979095459,0.4353330135345459,0.4399999976158142,22146000,0.4003879725933075,-0.05410312668538908
2012-05-31,0.43733298778533936,0.44016700983047485,0.41233301162719727,0.4253329932689667,21192000,0.38704147934913635,-0.03333410096891409
2012-06-01,0.40400001406669617,0.40516701340675354,0.375,0.37549999356269836,45294000,0.34169477224349976,-0.11716231868886684
2012-06-04,0.3768329918384552,0.38850000500679016,0.36033299565315247,0.3703329861164093,27960000,0.3369929790496826,-0.013760339640129238
2012-06-05,0.3716669976711273,0.39899998903274536,0.3716669976711273,0.3953329920768738,36054000,0.35974231362342834,0.06750683006294778
2012-06-06,0.4068329930305481,0.4371669888496399,0.4056670069694519,0.4353330135345459,41736000,0.3961412012577057,0.10118058006626973
2012-06-07,0.4505000114440918,0.45583298802375793,0.4158329963684082,0.4176670014858246,32898000,0.3800656199455261,-0.04058045565000423
2012-06-08,0.40983301401138306,0.4375,0.4083330035209656,0.4359999895095825,22326000,0.3967481553554535,0.04389379088733247
2012-06-11,0.4538330137729645,0.45583298802375793,0.4096669852733612,0.4111669957637787,29760000,0.3741508424282074,-0.0569564090442668
2012-06-12,0.4171670079231262,0.43950000405311584,0.4158329963684082,0.43916699290275574,36006000,0.39963001012802124,0.06809884408879796
2012-06-13,0.43299999833106995,0.4433329999446869,0.41933301091194153,0.4241670072078705,21486000,0.38598039746284485,-0.034155539777113164
2012-06-14,0.4256669878959656,0.429500013589859,0.40733298659324646,0.42283299565315247,21318000,0.38476648926734924,-0.0031450148928350297
2012-06-15,0.42399999499320984,0.44350001215934753,0.42316699028015137,0.4418329894542694,16392000,0.4020560085773468,0.044934983779512105
2012-06-18,0.43366700410842896,0.46866700053215027,0.43366700410842896,0.4625000059604645,31980000,0.42086246609687805,0.046775630157725345
2012-06-19,0.4736669957637787,0.48399999737739563,0.46483299136161804,0.47666698694229126,23340000,0.43375396728515625,0.030631309836216092
2012-06-20,0.48033300042152405,0.4981670081615448,0.47749999165534973,0.4928329885005951,39066000,0.44846463203430176,0.03391466579635605
2012-06-21,0.4876669943332672,0.48833298683166504,0.4300000071525574,0.43116700649261475,48192000,0.3923502266407013,-0.12512551604062494
2012-06-22,0.43833300471305847,0.45399999618530273,0.43666699528694153,0.4490000009536743,21888000,0.4085777997970581,0.04135983086026096
2012-06-25,0.43766701221466064,0.43799999356269836,0.40366700291633606,0.4056670069694519,41736000,0.3691459894180298,-0.09651000866855963
2012-06-26,0.4111669957637787,0.4169999957084656,0.3963330090045929,0.4093329906463623,24744000,0.3724818229675293,0.009036928352387452
2012-06-27,0.4158329963684082,0.4300000071525574,0.41166698932647705,0.42616701126098633,23748000,0.38780033588409424,0.041125491957152205
2012-06-28,0.41233301162719727,0.42216700315475464,0.40083301067352295,0.4176670014858246,30120000,0.3800656199455261,-0.019945255147767238
2012-06-29,0.4490000009536743,0.4708330035209656,0.44633299112319946,0.4699999988079071,48804000,0.42768731713294983,0.12529837678320566
2012-07-02,0.47916701436042786,0.4823330044746399,0.4598329961299896,0.4681670069694519,17688000,0.42601922154426575,-0.0038999826449028774
2012-07-03,0.4733330011367798,0.4894999861717224,0.4690000116825104,0.4894999861717224,18162000,0.4454316794872284,0.045567028185868
2012-07-05,0.47883298993110657,0.4830000102519989,0.4620000123977661,0.4761669933795929,17106000,0.43329909443855286,-0.02723798400160149
2012-07-06,0.4631670117378235,0.46483299136161804,0.4291670024394989,0.44133299589157104,30462000,0.40160104632377625,-0.0731550022835219
2012-07-09,0.4363330006599426,0.4428330063819885,0.41933301091194153,0.4259999990463257,25698000,0.38764840364456177,-0.03474246654562951
2012-07-10,0.41633298993110657,0.4309999942779541,0.3883329927921295,0.39616701006889343,48462000,0.3605012595653534,-0.07003049071412804
2012-07-11,0.39966699481010437,0.40299999713897705,0.3783330023288727,0.38383299112319946,34476000,0.3492775857448578,-0.031133382215619343
2012-07-12,0.375667005777359,0.3761669993400574,0.3561669886112213,0.36649999022483826,49020000,0.3335050344467163,-0.045157663096233924
2012-07-13,0.3691670000553131,0.37950000166893005,0.367000013589859,0.37583300471305847,30048000,0.34199783205986023,0.025465251670251376
2012-07-16,0.3706670105457306,0.3706670105457306,0.3551670014858246,0.36333298683166504,27762000,0.3306231200695038,-0.0332595001626772
2012-07-17,0.3700000047683716,0.37083300948143005,0.3403330147266388,0.3583329916000366,49782000,0.3260732889175415,-0.013761467889908285
2012-07-18,0.35383298993110657,0.4021669924259186,0.3526670038700104,0.39466699957847595,82602000,0.359136164188385,0.10139732826776537
2012-07-19,0.41166698932647705,0.4288330078125,0.41166698932647705,0.4198330044746399,54054000,0.38203662633895874,0.06376516132091736
2012-07-20,0.4183329939842224,0.42066699266433716,0.39833301305770874,0.3988330066204071,30600000,0.3629271984100342,-0.0500198832164499
2012-07-23,0.37333300709724426,0.3935000002384186,0.35933300852775574,0.3869999945163727,36108000,0.35215944051742554,-0.029669089337173604
2012-07-24,0.38999998569488525,0.3930000066757202,0.3716669976711273,0.3833329975605011,30174000,0.3488226532936096,-0.009475444464680627
2012-07-25,0.39149999618530273,0.41916701197624207,0.3913330137729645,0.40366700291633606,43992000,0.36732596158981323,0.053045277826951676
2012-07-26,0.4288330078125,0.4408330023288727,0.41999998688697815,0.4320000112056732,42372000,0.3931082785129547,0.07018906198585029
2012-07-27,0.43833300471305847,0.46583300828933716,0.4318329989910126,0.4620000123977661,44328000,0.4204075038433075,0.06944444540259531
2012-07-30,0.4625000059604645,0.4728330075740814,0.44200000166893005,0.4498330056667328,21042000,0.4093359112739563,-0.02633551169812076
2012-07-31,0.4643329977989197,0.476500004529953,0.45833298563957214,0.46050000190734863,64002000,0.4190424978733063,0.023713236037016472
2012-08-01,0.4681670069694519,0.47350001335144043,0.44999998807907104,0.45966699719429016,20508000,0.41828447580337524,-0.0018089135930688949
2012-08-02,0.44600000977516174,0.47666698694229126,0.4406670033931732,0.45533299446105957,21774000,0.4143405556678772,-0.00942857059498381
2012-08-03,0.47666698694229126,0.4916670024394989,0.4666669964790344,0.4833329916000366,25608000,0.4398197829723358,0.06149345090205549
2012-08-06,0.4925000071525574,0.49950000643730164,0.4881669878959656,0.49183300137519836,15390000,0.44755467772483826,0.017586239555100747
2012-08-07,0.5013329982757568,0.5333330035209656,0.5013329982757568,0.5214999914169312,31686000,0.47455087304115295,0.06031923429046415
2012-08-08,0.5166670083999634,0.5295000076293945,0.5139999985694885,0.5285000205039978,15552000,0.4809206426143646,0.013422874788640682
2012-08-09,0.5256670117378235,0.5411670207977295,0.5249999761581421,0.5381669998168945,14832000,0.4897173047065735,0.018291350875782264
2012-08-10,0.536666989326477,0.546999990940094,0.5329999923706055,0.5451670289039612,13224000,0.496086984872818,0.013007168944674019
2012-08-13,0.5451670289039612,0.5451670289039612,0.5148329734802246,0.5346670150756836,17268000,0.48653239011764526,-0.019260177654887745
2012-08-14,0.5441669821739197,0.5453330278396606,0.5133330225944519,0.5199999809265137,21054000,0.47318586707115173,-0.027432090882011373
2012-08-15,0.5078330039978027,0.5361670255661011,0.5078330039978027,0.5288329720497131,13752000,0.48122361302375793,0.016986522013830108
2012-08-16,0.5286669731140137,0.5566669702529907,0.5273330211639404,0.5563330054283142,14346000,0.5062478184700012,0.052001359279874704
2012-08-17,0.5529999732971191,0.5529999732971191,0.5371670126914978,0.5451670289039612,16194000,0.496086984872818,-0.02007067065121626
2012-08-20,0.5411670207977295,0.5418329834938049,0.5198330283164978,0.5308330059051514,60024000,0.4830435812473297,-0.026292901512455447
2012-08-21,0.5368329882621765,0.5531669855117798,0.5263329744338989,0.5320000052452087,14460000,0.48410549759864807,0.002198430254101158
2012-08-22,0.5238329768180847,0.5283330082893372,0.5105000138282776,0.5208330154418945,16560000,0.4739438593387604,-0.020990582130101965
2012-08-23,0.5163329839706421,0.5181670188903809,0.5009999871253967,0.5103330016136169,12726000,0.4643891155719757,-0.02016003885500417
2012-08-24,0.5049999952316284,0.522333025932312,0.5,0.5186669826507568,11352000,0.47197282314300537,0.016330476396370086
2012-08-27,0.5239999890327454,0.5245000123977661,0.5058330297470093,0.5139999985694885,7974000,0.4677259922027588,-0.00899803580597458
2012-08-28,0.5076670050621033,0.5189999938011169,0.5049999952316284,0.5126670002937317,10518000,0.46651309728622437,-0.0025933818666666886
2012-08-29,0.5108330249786377,0.5198330283164978,0.5016670227050781,0.5136669874191284,8772000,0.4674229919910431,0.0019505587931811785
2012-08-30,0.5049999952316284,0.5049999952316284,0.48533299565315247,0.4881669878959656,13566000,0.4442187249660492,-0.049643056976048205
2012-08-31,0.4984999895095825,0.5134999752044678,0.48583298921585083,0.507332980632782,18720000,0.46165919303894043,0.039261140576963616
2012-09-04,0.5059999823570251,0.5071669816970825,0.47749999165534973,0.4956670105457306,33096000,0.4510434865951538,-0.022994700783104505
2012-09-05,0.49300000071525574,0.5026670098304749,0.4790000021457672,0.48466700315475464,15120000,0.4410337507724762,-0.02219233307228763
2012-09-06,0.4970000088214874,0.5386670231819153,0.4970000088214874,0.5363330245018005,33888000,0.4880484342575073,0.10660107044784506
2012-09-07,0.5288329720497131,0.5323330163955688,0.5151669979095459,0.5263329744338989,13488000,0.4789486825466156,-0.018645225281793243
2012-09-10,0.5180000066757202,0.5198330283164978,0.4956670105457306,0.4988330006599426,19014000,0.45392441749572754,-0.052248244190921334
2012-09-11,0.5040000081062317,0.5139999985694885,0.49549999833106995,0.507332980632782,15582000,0.46165919303894043,0.01703973065453601
2012-09-12,0.511667013168335,0.5221670269966125,0.5028330087661743,0.5105000138282776,18390000,0.46454113721847534,0.006242513923588211
2012-09-13,0.5076670050621033,0.5296670198440552,0.4970000088214874,0.5246670246124268,30066000,0.4774326980113983,0.027751244662874264
2012-09-14,0.5336670279502869,0.5619999766349792,0.5323330163955688,0.5448330044746399,22680000,0.4957832098007202,0.03843576767019008
2012-09-17,0.5523329973220825,0.5523329973220825,0.522832989692688,0.5298330187797546,13680000,0.4821336567401886,-0.02753134551631853
2012-09-18,0.525833010673523,0.5283330082893372,0.5170000195503235,0.5224999785423279,8472000,0.47546079754829407,-0.013840285481481085
2012-09-19,0.5231670141220093,0.5235000252723694,0.5099999904632568,0.512499988079071,11808000,0.46636107563972473,-0.01913873851469783
2012-09-20,0.5059999823570251,0.5084999799728394,0.49000000953674316,0.49916699528694153,18546000,0.4542284607887268,-0.026015596297091936
2012-09-21,0.507332980632782,0.5163329839706421,0.499332994222641,0.4996669888496399,10662000,0.4546833634376526,0.0010016558935570519
2012-09-24,0.4866670072078705,0.48933300375938416,0.47166699171066284,0.477167010307312,20208000,0.43420886993408203,-0.04502994803424687
2012-09-25,0.4830000102519989,0.4880000054836273,0.4406670033931732,0.4406670033931732,29880000,0.4009949862957001,-0.07649314836461873
2012-09-26,0.4316670000553131,0.4359999895095825,0.4148330092430115,0.43299999833106995,29124000,0.3940182328224182,-0.017398636619185615
2012-09-27,0.4428330063819885,0.46549999713897705,0.43516701459884644,0.4620000123977661,22788000,0.4204075038433075,0.06697462858769554
2012-09-28,0.45649999380111694,0.46000000834465027,0.44783300161361694,0.4493330121040344,18846000,0.40888074040412903,-0.0274177488177767
2012-10-01,0.4569999873638153,0.46516698598861694,0.44233301281929016,0.445499986410141,17454000,0.4053928554058075,-0.008530478710978784
2012-10-02,0.4561670124530792,0.4566670060157776,0.4424999952316284,0.45350000262260437,12186000,0.41267263889312744,0.017957388230082527
2012-10-03,0.45866701006889343,0.45866701006889343,0.4429999887943268,0.44600000977516174,11076000,0.40584784746170044,-0.01653802161867679
2012-10-04,0.4501670002937317,0.45750001072883606,0.4403330087661743,0.4563330113887787,13104000,0.4152505695819855,0.02316816454516668
2012-10-05,0.4631670117378235,0.47633299231529236,0.45100000500679016,0.4544999897480011,21108000,0.41358253359794617,-0.004016850841448205
2012-10-08,0.44666698575019836,0.44783300161361694,0.4343329966068268,0.4393329918384552,13800000,0.3997810482978821,-0.033370733226980476
2012-10-09,0.43583300709724426,0.43583300709724426,0.414667010307312,0.4186669886112213,26988000,0.38097554445266724,-0.04703949762742354
2012-10-10,0.4154999852180481,0.41850000619888306,0.4006670117378235,0.4013330042362213,33456000,0.3652021884918213,-0.04140279708342742
2012-10-11,0.41566699743270874,0.41666701436042786,0.40333300828933716,0.4038330018520355,24282000,0.36747702956199646,0.006229235047767734
2012-10-12,0.40233299136161804,0.4083330035209656,0.3966670036315918,0.3970000147819519,20214000,0.36125925183296204,-0.016920328548549968
2012-10-15,0.40266698598861694,0.41666701436042786,0.40266698598861694,0.4143329858779907,23754000,0.37703171372413635,0.04365987519058101
2012-10-16,0.41749998927116394,0.4424999952316284,0.41749998927116394,0.4410000145435333,25398000,0.40129804611206055,0.06436134600539689
2012-10-17,0.42966699600219727,0.4461669921875,0.4273329973220825,0.43799999356269836,19134000,0.39856812357902527,-0.00680276843967953
2012-10-18,0.43266698718070984,0.43799999356269836,0.41999998688697815,0.4269999861717224,17580000,0.38855841755867004,-0.02511417249461978
2012-10-19,0.4238330125808716,0.4241670072078705,0.38966700434684753,0.39033299684524536,56556000,0.3551924526691437,-0.0858711721637645
2012-10-22,0.39583298563957214,0.4006670117378235,0.38416698575019836,0.38966700434684753,23040000,0.35458633303642273,-0.0017062162404422043
2012-10-23,0.37766700983047485,0.39616701006889343,0.37333300709724426,0.39333298802375793,41184000,0.3579222559928894,0.00940799101801093
2012-10-24,0.4059999883174896,0.4059999883174896,0.37483298778533936,0.37516701221466064,38772000,0.3413917124271393,-0.04618472480625002
2012-10-25,0.3941670060157776,0.3941670060157776,0.37883299589157104,0.39033299684524536,27804000,0.3551924526691437,0.04042462193319696
2012-10-26,0.38999998569488525,0.4038330018520355,0.38666701316833496,0.39583298563957214,28536000,0.3601973056793213,0.014090504361093936
2012-10-31,0.4000000059604645,0.4046669900417328,0.3916670083999634,0.3953329920768738,17892000,0.35974231362342834,-0.0012631427416047725
2012-11-01,0.4000000059604645,0.43666699528694153,0.39649999141693115,0.4356670081615448,59682000,0.39644506573677063,0.10202542386552937
2012-11-02,0.4371669888496399,0.44016700983047485,0.4111669957637787,0.41133299469947815,29826000,0.3743017613887787,-0.05585461603978892
2012-11-05,0.4108330011367798,0.4353330135345459,0.4074999988079071,0.4318329989910126,21156000,0.39295631647109985,0.04983797690849445
2012-11-06,0.4359999895095825,0.4538330137729645,0.4318329989910126,0.4490000009536743,36810000,0.4085777997970581,0.039753798349762226
2012-11-07,0.43016698956489563,0.4356670081615448,0.4059999883174896,0.4151670038700104,49578000,0.3777907192707062,-0.0753518864405407
2012-11-08,0.4216670095920563,0.4230000078678131,0.4000000059604645,0.4000000059604645,29484000,0.3639891445636749,-0.03653228163164601
2012-11-09,0.398499995470047,0.41783300042152405,0.397832989692688,0.4028330147266388,39966000,0.36656707525253296,0.00708252180989799
2012-11-12,0.41233301162719727,0.41316699981689453,0.39466699957847595,0.4031670093536377,20754000,0.3668709695339203,0.0008291143346965679
2012-11-13,0.39583298563957214,0.4043329954147339,0.39183300733566284,0.3944999873638153,25692000,0.35898423194885254,-0.021497349209493755
2012-11-14,0.40233299136161804,0.40583300590515137,0.3725000023841858,0.37516701221466064,41352000,0.3413917124271393,-0.04900627571205829
2012-11-15,0.37700000405311584,0.38016700744628906,0.3580000102519989,0.3598330020904541,44232000,0.32743826508522034,-0.04087249045082042
2012-11-16,0.36649999022483826,0.36649999022483826,0.34116700291633606,0.36033299565315247,43050000,0.3278932571411133,0.0013895155802654546
2012-11-19,0.37599998712539673,0.38199999928474426,0.3693329989910126,0.3808329999446869,43926000,0.3465477228164673,0.05689183210761861
2012-11-20,0.37599998712539673,0.37916699051856995,0.3659999966621399,0.3783330023288727,28992000,0.344272643327713,-0.006564550908606415
2012-11-21,0.3799999952316284,0.3840000033378601,0.3753330111503601,0.38016700744628906,13506000,0.34594160318374634,0.004847594859890503
2012-11-23,0.38749998807907104,0.405333012342453,0.38666701316833496,0.39966699481010437,39354000,0.36368614435195923,0.05129321319807145
2012-11-26,0.39899998903274536,0.4083330035209656,0.3959999978542328,0.40633299946784973,27870000,0.3697519600391388,0.016678897042555763
2012-11-27,0.4083330035209656,0.414000004529953,0.4003329873085022,0.40149998664855957,26604000,0.3653540015220642,-0.011894216875369845
2012-11-28,0.3959999978542328,0.41666701436042786,0.3846670091152191,0.4154999852180481,30288000,0.3780936598777771,0.034869237945312825
2012-11-29,0.42149999737739563,0.42649999260902405,0.41100001335144043,0.4189999997615814,28662000,0.3812785744667053,0.008423621343082832
2012-11-30,0.4186669886112213,0.4241670072078705,0.4129999876022339,0.4173330068588257,17814000,0.379761666059494,-0.003978503350129614
2012-12-03,0.4251669943332672,0.42866700887680054,0.4099999964237213,0.4118329882621765,20892000,0.3747568428516388,-0.013178968608418051
2012-12-04,0.4136669933795929,0.42250001430511475,0.40549999475479126,0.4188329875469208,11244000,0.3811265826225281,0.01699717964382197
2012-12-05,0.41533300280570984,0.4235000014305115,0.4090000092983246,0.4161669909954071,11466000,0.3787006437778473,-0.006365297459324459
2012-12-06,0.41816699504852295,0.4320000112056732,0.41666701436042786,0.4309999942779541,22764000,0.3921982944011688,0.03564195047538199
2012-12-07,0.4356670081615448,0.43766701221466064,0.4251669943332672,0.4338330030441284,12366000,0.39477619528770447,0.006573106273285223
2012-12-10,0.4320000112056732,0.44566699862480164,0.4320000112056732,0.4418329894542694,10578000,0.4020560085773468,0.0184402439510285
2012-12-11,0.44816699624061584,0.4715000092983246,0.44783300161361694,0.4684999883174896,43932000,0.4263222813606262,0.06035538201019808
2012-12-12,0.4776670038700104,0.4776670038700104,0.45966699719429016,0.46299999952316284,21654000,0.4213173985481262,-0.011739570824918721
2012-12-13,0.4601669907569885,0.4740000069141388,0.44449999928474426,0.44999998807907104,27486000,0.40948769450187683,-0.028077778525875452
2012-12-14,0.44383299350738525,0.4505000114440918,0.43366700410842896,0.4406670033931732,18882000,0.4009949862957001,-0.020739966518083297
2012-12-17,0.44266700744628906,0.45183300971984863,0.4346669912338257,0.4458329975605011,17166000,0.4056958556175232,0.01172312455334601
2012-12-18,0.4569999873638153,0.4703330099582672,0.44566699862480164,0.46650001406669617,29934000,0.42450231313705444,0.046355959786019474
2012-12-19,0.4684999883174896,0.48283299803733826,0.4684999883174896,0.47016701102256775,24540000,0.4278392195701599,0.007860657760553336
2012-12-20,0.46950000524520874,0.47200000286102295,0.4569999873638153,0.4693329930305481,15660000,0.4270802140235901,-0.0017738760322757452
2012-12-21,0.44666698575019836,0.4563330113887787,0.4300000071525574,0.4544999897480011,23190000,0.41358253359794617,-0.03160443331880047
2012-12-24,0.4620000123977661,0.4715000092983246,0.4449999928474426,0.4505000114440918,9054000,0.4099428951740265,-0.008800832550353022
2012-12-26,0.4519999921321869,0.461667001247406,0.43883299827575684,0.4403330087661743,11136000,0.40069109201431274,-0.0225682628626952
2012-12-27,0.4390000104904175,0.4396669864654541,0.4183329939842224,0.43333300948143005,24114000,0.3943212032318115,-0.015897057784421964
2012-12-28,0.42333298921585083,0.4386669993400574,0.42149999737739563,0.42583298683166504,12612000,0.38749635219573975,-0.017307757511342836
2012-12-31,0.42983299493789673,0.4511669874191284,0.42250001430511475,0.44816699624061584,29208000,0.4078197777271271,0.052447814283066885
2013-01-02,0.47533300518989563,0.5055000185966492,0.4749999940395355,0.5051670074462891,59640000,0.4596881866455078,0.12718475854717015
2013-01-03,0.5033329725265503,0.5078330039978027,0.4903329908847809,0.49616700410842896,23976000,0.45149844884872437,-0.017815896931505426
2013-01-04,0.4975000023841858,0.4996669888496399,0.48566699028015137,0.4945000112056732,14664000,0.4499815106391907,-0.0033597415566783972
2013-01-07,0.4913330078125,0.4959999918937683,0.4793330132961273,0.4894999861717224,14658000,0.4454316794872284,-0.010111273853684932
2013-01-08,0.48566699028015137,0.49216699600219727,0.47166699171066284,0.4733330011367798,20568000,0.4307202398777008,-0.03302754952330289
2013-01-09,0.47633299231529236,0.4878329932689667,0.47633299231529236,0.4873329997062683,15072000,0.443459689617157,0.02957748252470349
2013-01-10,0.5033329725265503,0.5098329782485962,0.49516698718070984,0.5070000290870667,31482000,0.4613563120365143,0.04035644906594116
2013-01-11,0.5013329982757568,0.5166670083999634,0.5013329982757568,0.5158330202102661,11706000,0.4693939685821533,0.01742207222178016
2013-01-14,0.5008329749107361,0.515999972820282,0.4984999895095825,0.5115000009536743,11772000,0.4654511511325836,-0.008400042430059207
2013-01-15,0.5053330063819885,0.505666971206665,0.4966669976711273,0.503832995891571,11472000,0.458474338054657,-0.014989257180466065
2013-01-16,0.5061669945716858,0.5249999761581421,0.5021669864654541,0.5201669931411743,16008000,0.47333791851997375,0.03241946713056976
2013-01-17,0.5323330163955688,0.5541669726371765,0.5286669731140137,0.5531669855117798,35070000,0.5033669471740723,0.06344115025700825
2013-01-18,0.5408329963684082,0.5498329997062683,0.5350000262260437,0.5443329811096191,25674000,0.4953281879425049,-0.01596986919598531
2013-01-22,0.5441669821739197,0.5441669821739197,0.5295000076293945,0.5394999980926514,14790000,0.49093034863471985,-0.008878725310959013
2013-01-23,0.5458329916000366,0.5584999918937683,0.541333019733429,0.5571669936180115,19140000,0.5070067048072815,0.03274697977353114
2013-01-24,0.5343329906463623,0.5566669702529907,0.5299999713897705,0.5423330068588257,15810000,0.4935082793235779,-0.0266239510399926
2013-01-25,0.5478330254554749,0.570667028427124,0.5478330254554749,0.5625,17778000,0.5118597745895386,0.037185627439459745
2013-01-28,0.5683330297470093,0.5720000267028809,0.5608329772949219,0.566332995891571,9876000,0.5153475403785706,0.006814214918348549
2013-01-29,0.5608329772949219,0.5618330240249634,0.5491669774055481,0.5558329820632935,12882000,0.5057927966117859,-0.018540353298235
2013-01-30,0.5533329844474792,0.5674999952316284,0.5533329844474792,0.558667004108429,14028000,0.5083716511726379,0.005098693558297729
2013-01-31,0.5576670169830322,0.5668330192565918,0.5491669774055481,0.5536670088768005,17040000,0.5038220286369324,-0.008949866727153255
2013-02-01,0.5673329830169678,0.5855000019073486,0.5634999871253967,0.5831670165061951,23550000,0.5306661128997803,0.053281136777934224
2013-02-04,0.5699999928474426,0.5879999995231628,0.5565000176429749,0.5578330159187317,17340000,0.5076127648353577,-0.043442101268418076
2013-02-05,0.5683330297470093,0.588333010673523,0.5649999976158142,0.5841670036315918,13062000,0.5315760970115662,0.04720765347581479
2013-02-06,0.5751670002937317,0.5899999737739563,0.5728330016136169,0.5873330235481262,8304000,0.5344569087028503,0.005419717130293655
2013-02-07,0.5926669836044312,0.5926669836044312,0.5633329749107361,0.5796669721603394,14106000,0.527481198310852,-0.01305230777162103
2013-02-08,0.5833330154418945,0.6035000085830688,0.5833330154418945,0.602167010307312,20130000,0.5479556322097778,0.03881545650792928
2013-02-11,0.6031669974327087,0.6088330149650574,0.5943329930305481,0.6048330068588257,7806000,0.5503814220428467,0.004427337442735491
2013-02-12,0.6048330068588257,0.6118329763412476,0.5983330011367798,0.6086670160293579,12744000,0.5538703799247742,0.006338954929797858
2013-02-13,0.6154999732971191,0.6216670274734497,0.602167010307312,0.6134999990463257,9024000,0.5582683086395264,0.007940274221684973
2013-02-14,0.6043329834938049,0.631833016872406,0.6033329963684082,0.6309999823570251,8382000,0.5741928815841675,0.028524830216630548
2013-02-15,0.6341670155525208,0.6368330121040344,0.6121670007705688,0.6188330054283142,15144000,0.5631211996078491,-0.019282055893666827
2013-02-19,0.621167004108429,0.6424999833106995,0.6194999814033508,0.6411669850349426,14514000,0.5834445357322693,0.03609047903185192
2013-02-20,0.6416670083999634,0.6449999809265137,0.5981670022010803,0.5981670022010803,25884000,0.544315755367279,-0.06706518557177255
2013-02-21,0.5816670060157776,0.5901669859886169,0.5538330078125,0.565500020980835,27420000,0.5145896673202515,-0.05461180757220041
2013-02-22,0.5814999938011169,0.6031669974327087,0.5770000219345093,0.600832998752594,29910000,0.5467416048049927,0.06248094864872966
2013-02-25,0.6150000095367432,0.6188330054283142,0.5665000081062317,0.5665000081062317,27048000,0.5154995322227478,-0.0571423186103992
2013-02-26,0.5691670179367065,0.584833025932312,0.5648329854011536,0.5806670188903809,17646000,0.5283911228179932,0.025007962191401223
2013-02-27,0.5835000276565552,0.6158329844474792,0.5803329944610596,0.6066669821739197,12156000,0.5520507097244263,0.044776029010952234
2013-02-28,0.6019999980926514,0.6225000023841858,0.6019999980926514,0.6221669912338257,18894000,0.566155195236206,0.025549452195937183
2013-03-01,0.5926669836044312,0.6083329916000366,0.5761669874191284,0.6001669764518738,21294000,0.5461356043815613,-0.0353603053391236
2013-03-04,0.6031669974327087,0.6053329706192017,0.5835000276565552,0.5976669788360596,10890000,0.5438607335090637,-0.0041655034580442285
2013-03-05,0.6136670112609863,0.6359999775886536,0.6134999990463257,0.6316670179367065,24552000,0.5747997760772705,0.0568879330875216
2013-03-06,0.6449999809265137,0.6453329920768738,0.6286669969558716,0.6345000267028809,22008000,0.5773777365684509,0.004484971805917892
2013-03-07,0.6411669850349426,0.6524999737739563,0.636667013168335,0.6426669955253601,15654000,0.5848094820976257,0.012871502724622674
2013-03-08,0.6583330035209656,0.6583330035209656,0.6274999976158142,0.6441670060157776,29580000,0.5861741900444031,0.002334040025178563
2013-03-11,0.6408330202102661,0.6493330001831055,0.6291670203208923,0.6471670269966125,9966000,0.5889043211936951,0.004657209935960971
2013-03-12,0.6381670236587524,0.6575000286102295,0.6381670236587524,0.6568329930305481,10350000,0.597700297832489,0.014935813523741404
2013-03-13,0.6549999713897705,0.6664999723434448,0.6441670060157776,0.6626669764518738,12882000,0.6030089259147644,0.008881989003640678
2013-03-14,0.6698330044746399,0.6813330054283142,0.6668329834938049,0.6718329787254333,10014000,0.6113496422767639,0.013831988916419569
2013-03-15,0.6718329787254333,0.6718329787254333,0.6330000162124634,0.6391670107841492,22080000,0.5816245079040527,-0.048622156065122546
2013-03-18,0.6126670241355896,0.6305000185966492,0.6046670079231262,0.613332986831665,22266000,0.5581163763999939,-0.040418268647485656
2013-03-19,0.6231669783592224,0.6255000233650208,0.590499997138977,0.6061670184135437,18228000,0.5515954494476318,-0.01168365076063993
2013-03-20,0.6200000047683716,0.6333330273628235,0.6179999709129333,0.6299999952316284,21108000,0.5732827186584473,0.0393175083666879
2013-03-21,0.6281669735908508,0.6281669735908508,0.5981670022010803,0.6001669764518738,20580000,0.5461356043815613,-0.04735399842151766
2013-03-22,0.6100000143051147,0.6291670203208923,0.6081669926643372,0.6190000176429749,14652000,0.5632731318473816,0.03137966920879265
2013-03-25,0.6320000290870667,0.6414999961853027,0.6060000061988831,0.6158329844474792,13764000,0.5603910684585571,-0.005116370121530878
2013-03-26,0.6208329796791077,0.6338329911231995,0.6208329796791077,0.6328330039978027,9618000,0.575860857963562,0.027604918832945913
2013-03-27,0.6225000023841858,0.637499988079071,0.6103330254554749,0.6355000138282776,9366000,0.5782877802848816,0.004214397500804434
2013-03-28,0.6456670165061951,0.6499999761581421,0.6274999976158142,0.6470000147819519,11640000,0.5887523889541626,0.01809598851839178
2013-04-01,0.637499988079071,0.6433330178260803,0.6046670079231262,0.6104999780654907,14892000,0.5555382966995239,-0.056414274934386555
2013-04-02,0.628000020980835,0.628000020980835,0.5863329768180847,0.5929999947547913,23736000,0.5396139025688171,-0.028665002357825098
2013-04-03,0.6166669726371765,0.6166669726371765,0.5511670112609863,0.5573329925537109,25308000,0.5071578621864319,-0.06014671587953191
2013-04-04,0.5580000281333923,0.5799999833106995,0.5461670160293579,0.5786669850349426,17364000,0.5265711545944214,0.038278718048753824
2013-04-05,0.550832986831665,0.5731670260429382,0.5391669869422913,0.5703330039978027,27174000,0.5189875960350037,-0.014402033039152329
2013-04-08,0.5641670227050781,0.5913329720497131,0.5569999814033508,0.5913329720497131,14004000,0.5380969047546387,0.03682053800974017
2013-04-09,0.5858330130577087,0.6200000047683716,0.5808330178260803,0.6075000166893005,19890000,0.552808403968811,0.027340002001830177
2013-04-10,0.613332986831665,0.6488329768180847,0.6129999756813049,0.6464999914169312,29310000,0.588297426700592,0.0641974874999498
2013-04-11,0.6396669745445251,0.6520000100135803,0.6278330087661743,0.6401669979095459,13578000,0.5825344920158386,-0.009795813753230354
2013-04-12,0.6248329877853394,0.6365000009536743,0.6091669797897339,0.630666971206665,11412000,0.5738897919654846,-0.01483991948023411
2013-04-15,0.6140000224113464,0.6255000233650208,0.5823330283164978,0.5856670141220093,22998000,0.5329409837722778,-0.0713529630361911
2013-04-16,0.6001669764518738,0.6225000023841858,0.5943329930305481,0.6208329796791077,15036000,0.5649411082267761,0.06004429942126199
2013-04-17,0.5966669917106628,0.5966669917106628,0.5521669983863831,0.5596669912338257,26514000,0.5092816948890686,-0.09852245361851919
2013-04-18,0.5743330121040344,0.5881670117378235,0.5416669845581055,0.5444999933242798,19272000,0.4954802393913269,-0.027100040107974177
2013-04-19,0.5503330230712891,0.5613330006599426,0.5326669812202454,0.5575000047683716,22866000,0.5073097944259644,0.023875136094537286
2013-04-22,0.5616670250892639,0.5808330178260803,0.539667010307312,0.5745000243186951,22254000,0.5227794051170349,0.030493308349632375
2013-04-23,0.5833330154418945,0.6143329739570618,0.5833330154418945,0.6115000247955322,29820000,0.5564481019973755,0.06440382752066154
2013-04-24,0.6004999876022339,0.6393330097198486,0.6004999876022339,0.6334999799728394,17994000,0.5764675736427307,0.035977030719930525
2013-04-25,0.6401669979095459,0.6639999747276306,0.6383330225944519,0.6520000100135803,18084000,0.5933021903038025,0.029202889701013257
2013-04-26,0.6340000033378601,0.6411669850349426,0.6269999742507935,0.6341670155525208,9282000,0.5770750641822815,-0.027351218078490724
2013-04-29,0.6333330273628235,0.6608330011367798,0.6333330273628235,0.6558330059051514,10020000,0.5967903733253479,0.03416448635972347
2013-04-30,0.6623330116271973,0.6753330230712891,0.6466670036315918,0.6753330230712891,9654000,0.6145346164703369,0.029733204932595125
2013-05-01,0.6786670088768005,0.6786670088768005,0.6541669964790344,0.6563330292701721,9882000,0.5972451567649841,-0.028134258435502657
2013-05-02,0.6716669797897339,0.6865000128746033,0.6585000157356262,0.6834999918937683,12612000,0.6219663619995117,0.04139203942517611
2013-05-03,0.7074999809265137,0.7166669964790344,0.7008330225944519,0.7033330202102661,21360000,0.6400139927864075,0.02901686693740335
2013-05-06,0.7170000076293945,0.7260000109672546,0.7081670165061951,0.7174999713897705,17496000,0.6529054641723633,0.020142593582864965
2013-05-07,0.7279999852180481,0.7279999852180481,0.7048329710960388,0.7164999842643738,10182000,0.6519953608512878,-0.0013937103348725666
2013-05-08,0.7166669964790344,0.7458329796791077,0.7160000205039978,0.7446669936180115,10608000,0.6776267290115356,0.039311946925660646
2013-05-09,0.7448329925537109,0.7664999961853027,0.7419999837875366,0.7565000057220459,15090000,0.6883943676948547,0.015890340521933055
2013-05-10,0.7636669874191284,0.7773330211639404,0.7618330121040344,0.777167022228241,12012000,0.7072007656097412,0.027319254923824143
2013-05-13,0.7791669964790344,0.7791669964790344,0.7505000233650208,0.753832995891571,14652000,0.6859675049781799,-0.030024467931961563
2013-05-14,0.7599999904632568,0.7699999809265137,0.7515000104904175,0.7653329968452454,11418000,0.6964322924613953,0.015255369579667999
2013-05-15,0.7653329968452454,0.7954999804496765,0.7583330273628235,0.7856670022010803,8250000,0.7149357199668884,0.02656883401036292
2013-05-16,0.7921670079231262,0.7983329892158508,0.7678329944610596,0.7706670165061951,8520000,0.7012860774993896,-0.01909203982458485
2013-05-17,0.788332998752594,0.800832986831665,0.7776669859886169,0.7996670007705688,9216000,0.7276752591133118,0.037629720285480284
2013-05-20,0.8041669726371765,0.8091670274734497,0.7904999852180481,0.7951670289039612,16860000,0.7235803008079529,-0.00562730719445903
2013-05-21,0.8036670088768005,0.8036670088768005,0.7860000133514404,0.7935000061988831,9300000,0.7220633029937744,-0.0020964434445627234
2013-05-22,0.8003330230712891,0.8188329935073853,0.7455000281333923,0.7571669816970825,25668000,0.6890012621879578,-0.04578831029359065
2013-05-23,0.734499990940094,0.7603330016136169,0.7141669988632202,0.7563329935073853,18678000,0.6882424354553223,-0.0011014587400892673
2013-05-24,0.7416669726371765,0.7561669945716858,0.7333329916000366,0.7561669945716858,6270000,0.6880912780761719,-0.00021947863854210325
2013-05-28,0.7961670160293579,0.7961670160293579,0.7708330154418945,0.7763329744338989,11004000,0.7064418196678162,0.026668685630263145
2013-05-29,0.7548329830169678,0.793166995048523,0.7548329830169678,0.7858330011367798,5958000,0.7150866985321045,0.012237051646309727
2013-05-30,0.7908329963684082,0.8309999704360962,0.7908329963684082,0.8220000267028809,11388000,0.7479975819587708,0.04602380596613043
2013-05-31,0.8026670217514038,0.8268330097198486,0.7919999957084656,0.7979999780654907,9222000,0.7261582612991333,-0.0291971385130686
2013-06-03,0.7948330044746399,0.8184999823570251,0.7713329792022705,0.800000011920929,14388000,0.7279782891273499,0.0025063081584120184
2013-06-04,0.8066669702529907,0.8358330130577087,0.7990000247955322,0.8106669783592224,24846000,0.7376849055290222,0.013333707849179088
2013-06-05,0.805666983127594,0.805666983127594,0.7701669931411743,0.7730000019073486,13428000,0.70340895652771,-0.04646418006085695
2013-06-06,0.7718330025672913,0.7886670231819153,0.7465000152587891,0.7670000195503235,11610000,0.6979492902755737,-0.00776194352163051
2013-06-07,0.781499981880188,0.8050000071525574,0.765500009059906,0.8036670088768005,11730000,0.7313152551651001,0.04780572150177287
2013-06-10,0.8165000081062317,0.8209999799728394,0.7973330020904541,0.816332995891571,10980000,0.7428407073020935,0.01576024258165387
2013-06-11,0.7991669774055481,0.7994999885559082,0.7613329887390137,0.7641670107841492,16632000,0.6953712105751038,-0.06390282564831029
2013-06-12,0.7829999923706055,0.7878329753875732,0.7335000038146973,0.7361670136451721,17346000,0.6698917746543884,-0.03664120112990077
2013-06-13,0.7319999933242798,0.7838330268859863,0.7285000085830688,0.7806670069694519,14190000,0.7103858590126038,0.060448230495870225
2013-06-14,0.7973330020904541,0.7998329997062683,0.7676669955253601,0.7721670269966125,8658000,0.7026511430740356,-0.010888099403401519
2013-06-17,0.7928329706192017,0.8201670050621033,0.7928329706192017,0.8053330183029175,12372000,0.7328312397003174,0.0429518357385783
2013-06-18,0.8228330016136169,0.8476669788360596,0.8084999918937683,0.8445000052452087,15378000,0.7684720754623413,0.04863452267836732
2013-06-19,0.8458330035209656,0.8560000061988831,0.8144999742507935,0.8169999718666077,16416000,0.7434477806091309,-0.03256368645091501
2013-06-20,0.7864999771118164,0.7864999771118164,0.7329999804496765,0.7408329844474792,19248000,0.6741378903388977,-0.09322764999013278
2013-06-21,0.742667019367218,0.7633330225944519,0.7193329930305481,0.7465000152587891,19020000,0.6792946457862854,0.007649539005794015
2013-06-24,0.7174999713897705,0.7311670184135437,0.6833329796791077,0.7001670002937317,22710000,0.6371329426765442,-0.06206699801472226
2013-06-25,0.718999981880188,0.7558330297470093,0.7171670198440552,0.7519999742507935,13842000,0.6842993497848511,0.07402944431159564
2013-06-26,0.7738329768180847,0.7761669754981995,0.7483329772949219,0.761667013168335,11466000,0.6930963397026062,0.012855105383710486
2013-06-27,0.7833330035209656,0.791333019733429,0.7701669931411743,0.7716670036315918,11340000,0.7021960020065308,0.013129084350994136
2013-06-28,0.7736669778823853,0.7923330068588257,0.7524999976158142,0.7820000052452087,11352000,0.7115986347198486,0.013390493004091342
2013-07-01,0.7878329753875732,0.8013330101966858,0.7738329768180847,0.7761669754981995,8286000,0.7062909603118896,-0.0074591172735097855
2013-07-02,0.7761669754981995,0.8016669750213623,0.7626670002937317,0.7781670093536377,12954000,0.7081108093261719,0.0025768087519499883
2013-07-03,0.7549999952316284,0.800000011920929,0.7549999952316284,0.7904999852180481,6444000,0.7193334102630615,0.01584875189537316
2013-07-05,0.8050000071525574,0.8246669769287109,0.7941669821739197,0.8213329911231995,11562000,0.7473908066749573,0.039004435776993196
2013-07-08,0.8418329954147339,0.8418329954147339,0.7645000219345093,0.7724999785423279,29700000,0.7029540538787842,-0.05945580307700882
2013-07-09,0.7933329939842224,0.8031669855117798,0.7876669764518738,0.7963330149650574,10788000,0.7246415615081787,0.030851827941408283
2013-07-10,0.7943329811096191,0.8278329968452454,0.7938330173492432,0.8236669898033142,14016000,0.7495146989822388,0.034324804227106265
2013-07-11,0.8585000038146973,0.8769999742507935,0.8489999771118164,0.8761669993400574,13638000,0.797288179397583,0.06373936334304209
2013-07-12,0.8833330273628235,0.8948330283164978,0.8761669993400574,0.8911669850349426,8298000,0.8109378814697266,0.017120007608347976
2013-07-15,0.8983330130577087,0.8983330130577087,0.8846669793128967,0.890999972820282,8160000,0.810785710811615,-0.00018740844024212056
2013-07-16,0.8856670260429382,0.9113330245018005,0.8843330144882202,0.8983330130577087,11532000,0.8174586296081543,0.008230123974320103
2013-07-17,0.9110000133514404,0.9113330245018005,0.8933330178260803,0.9006670117378235,13026000,0.819582462310791,0.0025981441694660212
2013-07-18,0.9076669812202454,0.9076669812202454,0.8688330054283142,0.8783329725265503,14046000,0.7992591261863708,-0.024797221303997752
2013-07-19,0.8640000224113464,0.8730000257492065,0.8476669788360596,0.8730000257492065,12150000,0.7944061756134033,-0.006071668654318407
2013-07-22,0.8791670203208923,0.8791670203208923,0.8554999828338623,0.8666669726371765,6804000,0.7886433005332947,-0.007254356157200603
2013-07-23,0.8669999837875366,0.8934999704360962,0.8531669974327087,0.8571670055389404,13200000,0.7799984812736511,-0.01096149662808621
2013-07-24,0.8666669726371765,0.8666669726371765,0.8069999814033508,0.8101670145988464,20934000,0.7372298836708069,-0.0548317779807016
2013-07-25,0.7998329997062683,0.8251670002937317,0.7944999933242798,0.8246669769287109,9228000,0.7504246234893799,0.017897497761056202
2013-07-26,0.8230000138282776,0.8230000138282776,0.7891669869422913,0.8023329973220825,10296000,0.7301011681556702,-0.027082422640235193
2013-07-29,0.8013330101966858,0.8071669936180115,0.7825000286102295,0.7891669869422913,7278000,0.7181205749511719,-0.016409658363466306
2013-07-30,0.7971670031547546,0.8208330273628235,0.7966669797897339,0.815500020980835,7872000,0.7420827746391296,0.033368139410612896
2013-07-31,0.8233330249786377,0.8428329825401306,0.8176670074462891,0.8271669745445251,7854000,0.7526994347572327,0.014306503082192279
2013-08-01,0.8546670079231262,0.8736670017242432,0.8488330245018005,0.871999979019165,11010000,0.793496310710907,0.0542006703052027
2013-08-02,0.8636670112609863,0.8636670112609863,0.8391669988632202,0.8554999828338623,5070000,0.7784817218780518,-0.018922014429245904
2013-08-05,0.8456670045852661,0.8553329706192017,0.843500018119812,0.8514999747276306,3534000,0.7748417854309082,-0.0046756378568022505
2013-08-06,0.852666974067688,0.852666974067688,0.8245000243186951,0.8341670036315918,4620000,0.7590693235397339,-0.020355809290050875
2013-08-07,0.820667028427124,0.8240000009536743,0.7985000014305115,0.8081669807434082,6234000,0.7354099750518799,-0.031168846016434437
2013-08-08,0.8211669921875,0.8220000267028809,0.7961670160293579,0.8106669783592224,4242000,0.7376849055290222,0.003093417171677215
2013-08-09,0.8083329796791077,0.8123329877853394,0.7926669716835022,0.7986670136451721,4308000,0.7267652153968811,-0.014802582360438632
2013-08-12,0.7868329882621765,0.8144999742507935,0.786666989326477,0.8075000047683716,3732000,0.7348029017448425,0.01105966688530824
2013-08-13,0.8149999976158142,0.8378329873085022,0.7985000014305115,0.8345000147819519,8910000,0.759372353553772,0.03343654471101232
2013-08-14,0.8165000081062317,0.8183330297470093,0.7928329706192017,0.7973330020904541,12360000,0.7255513072013855,-0.044538061154150155
2013-08-15,0.7716670036315918,0.7716670036315918,0.7416669726371765,0.742667019367218,10518000,0.6758067011833191,-0.06856104360400528
2013-08-16,0.7425000071525574,0.7714999914169312,0.7381669878959656,0.75,7278000,0.6824796199798584,0.009873847150274617
2013-08-19,0.7398329973220825,0.7590000033378601,0.7341669797897339,0.7348330020904541,6270000,0.6686780452728271,-0.02022266387939453
2013-08-20,0.7365000247955322,0.7570000290870667,0.7360000014305115,0.7494999766349792,6636000,0.6820245385169983,0.019959602389659326
2013-08-21,0.7423329949378967,0.7519999742507935,0.7250000238418579,0.7329999804496765,8808000,0.6670100688934326,-0.02201467204759977
2013-08-22,0.7409999966621399,0.762499988079071,0.7409999966621399,0.7578330039978027,8454000,0.6896075010299683,0.03387861420254312
2013-08-23,0.765999972820282,0.7684999704360962,0.7455000281333923,0.7583330273628235,9096000,0.6900625228881836,0.0006598067943504038
2013-08-26,0.7551670074462891,0.7681670188903809,0.7494999766349792,0.7531669735908508,4092000,0.6853614449501038,-0.0068123813490467144
2013-08-27,0.7250000238418579,0.7278329730033875,0.6938329935073853,0.6970000267028809,16050000,0.6342511177062988,-0.07457436246863636
2013-08-28,0.7026669979095459,0.7310000061988831,0.7026669979095459,0.7200000286102295,6834000,0.6551803946495056,0.03299856675206869
2013-08-29,0.7245000004768372,0.7524999976158142,0.7201669812202454,0.7475000023841858,5964000,0.6802046895027161,0.03819440650167438
2013-08-30,0.7459999918937683,0.7490000128746033,0.7195000052452087,0.7269999980926514,7362000,0.6615502238273621,-0.027424754817590213
2013-09-03,0.7605000138282776,0.7733330130577087,0.7341669797897339,0.7448329925537109,7626000,0.6777778267860413,0.024529566035551564
2013-09-04,0.7590000033378601,0.8069999814033508,0.7524999976158142,0.8019999861717224,17016000,0.7297981977462769,0.07675142507048527
2013-09-05,0.8084999918937683,0.8253329992294312,0.8063330054283142,0.8208330273628235,5136000,0.7469356656074524,0.023482595406265405
2013-09-06,0.8289999961853027,0.8305000066757202,0.7900000214576721,0.8108329772949219,10566000,0.7378360033035278,-0.012182806654393308
2013-09-09,0.8141670227050781,0.8468329906463623,0.8123329877853394,0.8433330059051514,5964000,0.7674100399017334,0.040082272823504406
2013-09-10,0.8623329997062683,0.8916670083999634,0.8619999885559082,0.8901669979095459,10008000,0.8100278377532959,0.055534399432318526
2013-09-11,0.8790000081062317,0.8891670107841492,0.8591669797897339,0.8824999928474426,4254000,0.8030511140823364,-0.00861299630306267
2013-09-12,0.8873329758644104,0.8889999985694885,0.863332986831665,0.8671669960021973,3576000,0.7890984416007996,-0.017374500815317218
2013-09-13,0.8646669983863831,0.8790000081062317,0.8536670207977295,0.8786669969558716,2934000,0.7995630502700806,0.01326157592100663
2013-09-16,0.9101669788360596,0.9114999771118164,0.8863329887390137,0.8891670107841492,6642000,0.8091179132461548,0.011949935373303688
2013-09-17,0.8941670060157776,0.911666989326477,0.8941670060157776,0.9071670174598694,5118000,0.8254973292350769,0.020243673525231376
2013-09-18,0.9058330059051514,0.9328330159187317,0.8945000171661377,0.9304999709129333,6474000,0.846729576587677,0.02572068098154401
2013-09-19,0.9350000023841858,0.9458330273628235,0.9125000238418579,0.9208329916000366,5850000,0.8379329442977905,-0.010389016244043758
2013-09-20,0.9191669821739197,0.9366670250892639,0.9020000100135803,0.906000018119812,4320000,0.824435293674469,-0.016108212472329964
2013-09-23,0.9091669917106628,0.921999990940094,0.883167028427124,0.894333004951477,12870000,0.8138188123703003,-0.012877497720747422
2013-09-24,0.9049999713897705,0.9229999780654907,0.8941670060157776,0.9123330116271973,5820000,0.8301982283592224,0.02012673867123671
2013-09-25,0.9176669716835022,0.9291669726371765,0.8970000147819519,0.914667010307312,4452000,0.8323219418525696,0.0025582749394894577
2013-09-26,0.9268329739570618,0.930167019367218,0.9023330211639404,0.913332998752594,6276000,0.8311080932617188,-0.0014584668952581925
2013-09-27,0.8998330235481262,0.9043329954147339,0.8849999904632568,0.8923329710960388,3846000,0.811998724937439,-0.022992739433740472
2013-09-30,0.867667019367218,0.900833010673523,0.8535000085830688,0.8939999938011169,8412000,0.8135156631469727,0.0018681621760883171
2013-10-01,0.8998330235481262,0.9241669774055481,0.8934999704360962,0.9171670079231262,5850000,0.8345971703529358,0.025913886222199478
2013-10-02,0.8955000042915344,0.9154999852180481,0.8955000042915344,0.9154999852180481,2394000,0.8330801725387573,-0.0018175781408154013
2013-10-03,0.9096670150756836,0.9296669960021973,0.8796669840812683,0.9081670045852661,4836000,0.826407253742218,-0.008009809668140466
2013-10-04,0.9081670045852661,0.9358329772949219,0.9081670045852661,0.9284999966621399,4698000,0.8449097275733948,0.022389045158229814
2013-10-07,0.9068329930305481,0.9333329796791077,0.8966670036315918,0.914667010307312,3126000,0.8323219418525696,-0.014898208297852489
2013-10-08,0.9164999723434448,0.9221670031547546,0.8606669902801514,0.871167004108429,6852000,0.7927382588386536,-0.04755829794743316
2013-10-09,0.8716670274734497,0.8790000081062317,0.831833004951477,0.8600000143051147,7686000,0.7825766801834106,-0.01281842603157679
2013-10-10,0.8856670260429382,0.9226670265197754,0.8830000162124634,0.9185000061988831,10824000,0.8358100056648254,0.06802324525661385
2013-10-11,0.9083330035209656,0.9333329796791077,0.899167001247406,0.9269999861717224,6798000,0.8435446619987488,0.009254196968398132
2013-10-14,0.9014999866485596,0.9484999775886536,0.8999999761581421,0.9451670050621033,5442000,0.860076367855072,0.019597647423282183
2013-10-15,0.9463329911231995,0.9509999752044678,0.9166669845581055,0.9210000038146973,6456000,0.8380849957466125,-0.025569027608848938
2013-10-16,0.9269999861717224,0.9495000243186951,0.9225000143051147,0.9471669793128967,4344000,0.8618961572647095,0.028411482507946006
2013-10-17,0.9325000047683716,0.9691669940948486,0.918166995048523,0.9671670198440552,5004000,0.8800956010818481,0.021115643775574844
2013-10-18,0.9778329730033875,0.9778329730033875,0.9508330225944519,0.9736670255661011,6288000,0.8860104084014893,0.006720665188825414
2013-10-21,0.9816669821739197,0.9866669774055481,0.9716669917106628,0.9851670265197754,4620000,0.8964751958847046,0.011811020247900483
2013-10-22,0.9911670088768005,0.9911670088768005,0.9618330001831055,0.9786670207977295,6168000,0.8905604481697083,-0.00659787177917226
2013-10-23,0.9350000023841858,0.9350000023841858,0.8686670064926147,0.8820000290870667,13896000,0.8025960922241211,-0.09877413834980131
2013-10-24,0.897333025932312,0.9129999876022339,0.897333025932312,0.9035000205039978,5088000,0.8221604824066162,0.024376406698291442
2013-10-25,0.9118329882621765,0.9166669845581055,0.9035000205039978,0.9135000109672546,7236000,0.8312599658966064,0.011068057815514454
2013-10-28,0.913332998752594,0.9358329772949219,0.9073330163955688,0.9323329925537109,3276000,0.8483976721763611,0.020616290487522893
2013-10-29,0.9416670203208923,0.9746670126914978,0.9416670203208923,0.9733330011367798,6594000,0.8857065439224243,0.04397571351708529
2013-10-30,0.9785000085830688,0.9848330020904541,0.9473329782485962,0.9589999914169312,4176000,0.8726639151573181,-0.014725699943502146
2013-10-31,0.9614999890327454,0.992667019367218,0.9601669907569885,0.9753329753875732,6642000,0.8875265121459961,0.01703126602379834
2013-11-01,0.9831669926643372,0.987500011920929,0.9549999833106995,0.964667022228241,4572000,0.8778207898139954,-0.010935704450158568
2013-11-04,0.9768329858779907,0.9768329858779907,0.9571670293807983,0.9628329873085022,2082000,0.876151978969574,-0.0019012103425101179
2013-11-05,0.941332995891571,0.9656670093536377,0.9304999709129333,0.9541670083999634,3276000,0.8682660460472107,-0.009000500629671615
2013-11-06,0.9681670069694519,0.9701669812202454,0.9478330016136169,0.9648330211639404,2826000,0.8779718279838562,0.01117834998493894
2013-11-07,0.9620000123977661,0.9620000123977661,0.9051669836044312,0.9093329906463623,7236000,0.8274682760238647,-0.05752293847760814
2013-11-08,0.9053329825401306,0.940500020980835,0.8999999761581421,0.9394999742507935,5514000,0.85491943359375,0.033174847844229305
2013-11-11,0.9304999709129333,0.9416670203208923,0.921999990940094,0.9388329982757568,2082000,0.854312539100647,-0.000709926549565365
2013-11-12,0.9300000071525574,0.9571670293807983,0.9300000071525574,0.9545000195503235,4428000,0.8685689568519592,0.01668776161824348
2013-11-13,0.9433330297470093,0.9823330044746399,0.9369999766349792,0.9815000295639038,2928000,0.8931382894515991,0.028287071200166602
2013-11-14,0.9808329939842224,0.9808329939842224,0.961667001247406,0.9678329825401306,2946000,0.8807017207145691,-0.013924652686812089
2013-11-15,0.9726669788360596,0.9900000095367432,0.9558330178260803,0.9861670136451721,3630000,0.8973851799964905,0.018943383244620193
2013-11-18,0.9900000095367432,0.9906669855117798,0.9536669850349426,0.9595000147819519,7848000,0.8731189966201782,-0.02704105744183316
2013-11-19,0.9648330211639404,0.9661669731140137,0.9235000014305115,0.9259999990463257,6336000,0.8426347970962524,-0.034914033579498294
2013-11-20,0.9294999837875366,0.9365000128746033,0.9051669836044312,0.9121670126914978,5040000,0.8300473093986511,-0.014938430204183839
2013-11-21,0.9218329787254333,0.9626669883728027,0.9213330149650574,0.9608330130577087,4164000,0.8743319511413574,0.05335207225112648
2013-11-22,0.9573330283164978,0.9661669731140137,0.9481670260429382,0.9624999761581421,2322000,0.8758489489555359,0.0017349144729410515
2013-11-25,0.9676669836044312,0.9676669836044312,0.941332995891571,0.9591670036315918,3900000,0.8728160858154297,-0.003462828684790198
2013-11-26,0.9743329882621765,0.9900000095367432,0.9618330001831055,0.9838330149650574,5604000,0.895261287689209,0.025716075761650803
2013-11-27,0.9738330245018005,0.996999979019165,0.9670000076293945,0.9966670274734497,4746000,0.9069399237632751,0.013044909362843526
2013-11-29,1.0,1.0093330144882202,0.9936670064926147,0.9965000152587891,2976000,0.9067879319190979,-0.00016757072327755473
2013-12-02,1.0053329467773438,1.0069999694824219,0.9871670007705688,0.9911670088768005,5214000,0.9019350409507751,-0.00535173738116157
2013-12-03,0.984499990940094,1.0110000371932983,0.9825000166893005,1.0013329982757568,5022000,0.9111858010292053,0.010256585729660816
2013-12-04,0.9971669912338257,1.0083329677581787,0.9683330059051514,0.9886670112609863,2712000,0.899660050868988,-0.012649125751953316
2013-12-05,0.9900000095367432,1.0069999694824219,0.9879999756813049,0.9951670169830322,3810000,0.9055749177932739,0.006574514622224026
2013-12-06,1.040166974067688,1.040166974067688,1.0183329582214355,1.0295000076293945,4728000,0.9368169903755188,0.03449972724221384
2013-12-09,1.0463329553604126,1.0490000247955322,1.0321669578552246,1.037500023841858,3150000,0.9440968632698059,0.007770778196383832
2013-12-10,1.034000039100647,1.0421669483184814,1.0178329944610596,1.0286669731140137,1938000,0.9360588788986206,-0.008513783638419148
2013-12-11,1.0325000286102295,1.0360000133514404,0.9941669702529907,0.9983329772949219,3504000,0.908456027507782,-0.029488645608270803
2013-12-12,0.9953330159187317,1.0016670227050781,0.9695000052452087,0.9731670022010803,4140000,0.8855556845664978,-0.025207997397853288
2013-12-13,0.9833329916000366,0.9890000224113464,0.961667001247406,0.9679999947547913,4620000,0.8808536529541016,-0.005309476620767528
2013-12-16,0.9890000224113464,1.0246670246124268,0.9890000224113464,1.0069999694824219,3594000,0.916342556476593,0.04028923030883891
2013-12-17,1.0069999694824219,1.0455000400543213,1.0069999694824219,1.0383330583572388,5094000,0.9448549151420593,0.03111528284446874
2013-12-18,1.0405000448226929,1.0618330240249634,0.9923329949378967,1.059000015258789,6684000,0.9636613130569458,0.019903976604816798
2013-12-19,1.057332992553711,1.057332992553711,1.0261670351028442,1.0399999618530273,3366000,0.9463717341423035,-0.017941504373933936
2013-12-20,1.0399999618530273,1.075166940689087,1.0399999618530273,1.066499948501587,7314000,0.9704862236976624,0.025480757327474457
2013-12-23,1.0859999656677246,1.0971670150756836,1.0773329734802246,1.093000054359436,4920000,0.9946001768112183,0.024847732899641706
2013-12-24,1.1013330221176147,1.1130000352859497,1.0950000286102295,1.1059999465942383,2052000,1.0064302682876587,0.01189377089502619
2013-12-26,1.1116670370101929,1.121000051498413,1.1053329706192017,1.1161669492721558,4362000,1.0156817436218262,0.009192588760266407
2013-12-27,1.1195000410079956,1.1265000104904175,1.1108330488204956,1.1131670475006104,2088000,1.0129517316818237,-0.002687681957884158
2013-12-30,1.1078330278396606,1.1286669969558716,1.1078330278396606,1.1216670274734497,2718000,1.0206867456436157,0.007635853030256712
2013-12-31,1.1291669607162476,1.151332974433899,1.1291669607162476,1.150333046913147,4722000,1.0467721223831177,0.025556621294527515
2014-01-02,1.1286669969558716,1.1286669969558716,1.0873329639434814,1.098667025566101,7344000,0.9997570514678955,-0.04491396772933609
2014-01-03,1.1035000085830688,1.1035000085830688,1.0785000324249268,1.0946669578552246,4176000,0.9961175918579102,-0.0036408371397288475
2014-01-06,1.1004999876022339,1.1004999876022339,1.0691670179367065,1.0740000009536743,3546000,0.9773107767105103,-0.018879675460418577
2014-01-07,1.0836670398712158,1.1028330326080322,1.0798330307006836,1.0989999771118164,2796000,1.0000600814819336,0.023277445191753232
2014-01-08,1.1239999532699585,1.149999976158142,1.1166670322418213,1.1475000381469727,4404000,1.0441936254501343,0.04413108466354565
2014-01-09,1.159000039100647,1.159000039100647,1.1101670265197754,1.1231670379638672,2556000,1.022051215171814,-0.021205228212801908
2014-01-10,1.1233329772949219,1.1416670083999634,1.1211669445037842,1.1368329524993896,2616000,1.034487247467041,0.012167303770146853
2014-01-13,1.13100004196167,1.1419999599456787,1.087499976158142,1.0963330268859863,5268000,0.9976330399513245,-0.035625221387506456
2014-01-14,1.1013330221176147,1.1741670370101929,1.0971670150756836,1.1716669797897339,8208000,1.0661849975585938,0.06871447913753492
2014-01-15,1.18483304977417,1.2113330364227295,1.1816669702529907,1.2013330459594727,5568000,1.0931804180145264,0.025319537617303656
2014-01-16,1.1983330249786377,1.2016669511795044,1.1749999523162842,1.1813329458236694,6768000,1.0749804973602295,-0.016648256037799847
2014-01-17,1.1670000553131104,1.185333013534546,1.153499960899353,1.1610000133514404,4092000,1.0564783811569214,-0.017211855932835363
2014-01-21,1.1759999990463257,1.1841670274734497,1.1543329954147339,1.1838330030441284,5472000,1.0772554874420166,0.019666657562540824
2014-01-22,1.1838330030441284,1.225000023841858,1.1755000352859497,1.2243330478668213,3648000,1.1141098737716675,0.03421094421134607
2014-01-23,1.189666986465454,1.2018330097198486,1.1619999408721924,1.1826670169830322,6252000,1.0761946439743042,-0.034031614973053737
2014-01-24,1.1613329648971558,1.1668330430984497,1.0980000495910645,1.099666953086853,8844000,1.0006669759750366,-0.07018041655369
2014-01-27,1.113332986831665,1.113832950592041,1.058500051498413,1.0786670446395874,8034000,0.9815574884414673,-0.019096607739568006
2014-01-28,1.070667028427124,1.0973329544067383,1.057332992553711,1.0918329954147339,4476000,0.9935380816459656,0.012205759729635224
2014-01-29,1.0709999799728394,1.1073329448699951,1.0709999799728394,1.0765000581741333,6654000,0.9795856475830078,-0.014043299025576994
2014-01-30,1.1023329496383667,1.1278330087661743,1.0958329439163208,1.1183329820632935,5076000,1.0176525115966797,0.038860122274506415
2014-01-31,1.084833025932312,1.1169999837875366,1.0720000267028809,1.1009999513626099,3480000,1.0018798112869263,-0.015498989101353944
2014-02-03,1.0985000133514404,1.0985000133514404,1.0221669673919678,1.031499981880188,7428000,0.9386370778083801,-0.06312440740474867
2014-02-04,1.0323330163955688,1.0403330326080322,1.0161670446395874,1.0331670045852661,6804000,0.9401537775993347,0.001616115108445726
2014-02-05,1.027500033378601,1.0511670112609863,1.0023330450057983,1.0373330116271973,4200000,0.9439447522163391,0.004032268765303382
2014-02-06,1.0544999837875366,1.0933330059051514,1.0536669492721558,1.0866669416427612,7758000,0.9888375997543335,0.047558430573974464
2014-02-07,1.1015000343322754,1.1423330307006836,1.0893330574035645,1.1391669511795044,7098000,1.0366109609603882,0.04831287998637057
2014-02-10,1.1323330402374268,1.1614999771118164,1.1318329572677612,1.1566669940948486,4908000,1.0525352954864502,0.015362140639020971
2014-02-11,1.1623330116271973,1.2096669673919678,1.159000039100647,1.2008329629898071,6120000,1.0927249193191528,0.03818382397045972
2014-02-12,1.2200000286102295,1.2403329610824585,1.2136670351028442,1.2346669435501099,8586000,1.1235135793685913,0.028175426227527556
2014-02-13,1.2130000591278076,1.2790000438690186,1.2093329429626465,1.2790000438690186,5844000,1.1638556718826294,0.03590693065081596
2014-02-14,1.278833031654358,1.3049999475479126,1.2625000476837158,1.3001669645309448,7818000,1.1831164360046387,0.016549585563653046
2014-02-18,1.317667007446289,1.317667007446289,1.2833329439163208,1.3106670379638672,5424000,1.1926714181900024,0.008075942336152497
2014-02-19,1.3051669597625732,1.3265000581741333,1.2968330383300781,1.3076670169830322,4584000,1.189941167831421,-0.002288926854752904
2014-02-20,1.310333013534546,1.3416670560836792,1.3035000562667847,1.3385000228881836,5178000,1.217998743057251,0.023578636996050673
2014-02-21,1.3438329696655273,1.351667046546936,1.3061670064926147,1.318166971206665,5064000,1.1994960308074951,-0.015190923671143719
2014-02-24,1.337499976158142,1.3583329916000366,1.3285000324249268,1.3333330154418945,4512000,1.2132965326309204,0.011505404525002039
2014-02-25,1.3281669616699219,1.3386670351028442,1.2918330430984497,1.3138329982757568,6354000,1.1955519914627075,-0.014625016361478838
2014-02-26,1.3226670026779175,1.3678330183029175,1.3226670026779175,1.3393330574035645,5082000,1.2187567949295044,0.0194089044507737
2014-02-27,1.3333330154418945,1.346500039100647,1.310333013534546,1.337499976158142,3162000,1.2170885801315308,-0.001368652282036531
2014-02-28,1.3481669425964355,1.3508330583572388,1.3070000410079956,1.3333330154418945,4836000,1.2132965326309204,-0.0031154847031973354
2014-03-03,1.2934999465942383,1.3200000524520874,1.2725000381469727,1.3114999532699585,8346000,1.1934294700622559,-0.01637480053300866
2014-03-04,1.3518329858779907,1.3848329782485962,1.3513330221176147,1.3795000314712524,7014000,1.2553075551986694,0.051849089305531004
2014-03-05,1.3795000314712524,1.399999976158142,1.3718329668045044,1.3881670236587524,3366000,1.2631940841674805,0.006282705320605597
2014-03-06,1.399999976158142,1.4213329553604126,1.3851670026779175,1.4198329448699951,3126000,1.2920092344284058,0.022811319294836485
2014-03-07,1.4331669807434082,1.4368330240249634,1.3996670246124268,1.4131669998168945,3978000,1.2859431505203247,-0.004694879828775145
2014-03-10,1.4016669988632202,1.422333002090454,1.3849999904632568,1.4041670560836792,1980000,1.2777540683746338,-0.0063686342338743485
2014-03-11,1.418166995048523,1.4275000095367432,1.3701670169830322,1.3818329572677612,2088000,1.2574304342269897,-0.015905585250097887
2014-03-12,1.3601670265197754,1.4166669845581055,1.3535000085830688,1.4166669845581055,2508000,1.2891281843185425,0.025208565989929932
2014-03-13,1.4316669702529907,1.4381669759750366,1.3229999542236328,1.3458329439163208,5796000,1.2246712446212769,-0.050000488056746506
2014-03-14,1.3333330154418945,1.3583329916000366,1.3218330144882202,1.3244999647140503,3678000,1.205259084701538,-0.015851134643942055
2014-03-17,1.3523329496383667,1.3851670026779175,1.3493330478668213,1.371999979019165,4002000,1.248482584953308,0.03586260141227693
2014-03-18,1.3878329992294312,1.4326670169830322,1.3713330030441284,1.4305000305175781,8142000,1.3017163276672363,0.04263852215233599
2014-03-19,1.432832956314087,1.4570000171661377,1.400333046913147,1.4273329973220825,6624000,1.2988340854644775,-0.0022139343781416576
2014-03-20,1.4046670198440552,1.5084999799728394,1.4046670198440552,1.5076669454574585,6588000,1.3719358444213867,0.0562825551473245
2014-03-21,1.5255000591278076,1.5271669626235962,1.4559999704360962,1.468000054359436,7470000,1.335840106010437,-0.026310115252932476
2014-03-24,1.4896670579910278,1.4896670579910278,1.4136669635772705,1.4498330354690552,9888000,1.319308876991272,-0.012375353009307699
2014-03-25,1.4609999656677246,1.505167007446289,1.456833004951477,1.4798330068588257,6858000,1.3466076850891113,0.020692018084734087
2014-03-26,1.5099999904632568,1.5333329439163208,1.4326670169830322,1.434999942779541,8124000,1.3058109283447266,-0.03029602926241648
2014-03-27,1.42283296585083,1.4478329420089722,1.3893330097198486,1.3995000123977661,5778000,1.2735068798065186,-0.024738628430195475
2014-03-28,1.4149999618530273,1.4616669416427612,1.4083329439163208,1.4296669960021973,4116000,1.3009577989578247,0.021555543649296682
2014-03-31,1.4631669521331787,1.5095000267028809,1.4550000429153442,1.4984999895095825,9546000,1.3635942935943604,0.04814617229037532
2014-04-01,1.5308330059051514,1.56850004196167,1.5148329734802246,1.56850004196167,8106000,1.4272924661636353,0.046713415376797185
2014-04-02,1.5833330154418945,1.5833330154418945,1.536167025566101,1.5586669445037842,7266000,1.418344259262085,-0.0062691088267921025
2014-04-03,1.5666669607162476,1.6118329763412476,1.5446670055389404,1.5679999589920044,6804000,1.42683744430542,0.005987818322015892
2014-04-04,1.6108330488204956,1.6108330488204956,1.4303330183029175,1.4361670017242432,15960000,1.306873083114624,-0.08407714331351812
2014-04-07,1.411666989326477,1.4591670036315918,1.370332956314087,1.3964999914169312,9858000,1.2707773447036743,-0.027620054116052173
2014-04-08,1.4083329439163208,1.453832983970642,1.4006669521331787,1.4488329887390137,5208000,1.3183990716934204,0.037474398599160574
2014-04-09,1.4786670207977295,1.5001670122146606,1.4500000476837158,1.4954999685287476,7512000,1.3608644008636475,0.03221004777807446
2014-04-10,1.5006669759750366,1.5019999742507935,1.3533329963684082,1.3576669692993164,11070000,1.2354401350021362,-0.09216516357738835
2014-04-11,1.3166669607162476,1.3686670064926147,1.2823330163955688,1.2928329706192017,9384000,1.1764426231384277,-0.04775397807134929
2014-04-14,1.3228329420089722,1.3454999923706055,1.2884999513626099,1.3231669664382935,5760000,1.2040461301803589,0.02346319788283502
2014-04-15,1.337499976158142,1.3619999885559082,1.2799999713897705,1.3504999876022339,6870000,1.228918433189392,0.020657272934734516
2014-04-16,1.37766695022583,1.37766695022583,1.286666989326477,1.3426669836044312,5334000,1.2217903137207031,-0.005800077060133857
2014-04-17,1.3396669626235962,1.4376670122146606,1.3396669626235962,1.4201669692993164,10782000,1.2923130989074707,0.05772092904737569
2014-04-21,1.4256670475006104,1.4586670398712158,1.4018330574035645,1.4576669931411743,6312000,1.3264371156692505,0.026405362645745667
2014-04-22,1.4666670560836792,1.5099999904632568,1.4579999446868896,1.4993330240249634,5940000,1.3643523454666138,0.028584053202715065
2014-04-23,1.503999948501587,1.5141669511795044,1.4804999828338623,1.4931670427322388,2610000,1.3587416410446167,-0.0041124828133058955
2014-04-24,1.5323330163955688,1.5323330163955688,1.459833025932312,1.516332983970642,6888000,1.379821538925171,0.015514634716296438
2014-04-25,1.4780000448226929,1.4780000448226929,1.36033296585083,1.3696670532226562,12810000,1.2463594675064087,-0.09672409180464381
2014-04-28,1.3791669607162476,1.4043329954147339,1.2918330430984497,1.3446669578552246,7662000,1.223610281944275,-0.018252680685141298
2014-04-29,1.3636670112609863,1.3854999542236328,1.338832974433899,1.3691669702529907,3888000,1.2459046840667725,0.018220134178684733
2014-04-30,1.3545000553131104,1.3968329429626465,1.3538329601287842,1.3968329429626465,4680000,1.271080493927002,0.020206427200433863
2014-05-01,1.3990000486373901,1.435333013534546,1.3758330345153809,1.3830000162124634,4398000,1.2584924697875977,-0.009903064514532267
2014-05-02,1.369832992553711,1.4123330116271973,1.369832992553711,1.391332983970642,4212000,1.2660753726959229,0.006025283919373736
2014-05-05,1.3763329982757568,1.4088330268859863,1.3571670055389404,1.3980000019073486,2844000,1.2721421718597412,0.004791820515661183
2014-05-06,1.4041670560836792,1.4216669797897339,1.3808330297470093,1.3813329935073853,2064000,1.2569752931594849,-0.01192203746582543
2014-05-07,1.394333004951477,1.3993330001831055,1.3488329648971558,1.3839999437332153,3090000,1.2594022750854492,0.0019307076847983051
2014-05-08,1.371500015258789,1.4706670045852661,1.3711669445037842,1.4123330116271973,7788000,1.2851848602294922,0.0204718706978817
2014-05-09,1.4079999923706055,1.411167025566101,1.3701670169830322,1.400833010673523,2988000,1.2747197151184082,-0.008142556223637909
2014-05-12,1.4093329906463623,1.481166958808899,1.4093329906463623,1.476667046546936,9942000,1.3437267541885376,0.05413495776841515
2014-05-13,1.4880000352859497,1.4893330335617065,1.442167043685913,1.444000005722046,4584000,1.3140007257461548,-0.022122143851777132
2014-05-14,1.4329999685287476,1.4428329467773438,1.4049999713897705,1.4071669578552246,3846000,1.2804837226867676,-0.025507650776222524
2014-05-15,1.3949999809265137,1.406499981880188,1.3255000114440918,1.3578330278396606,8310000,1.2355912923812866,-0.03505904522570491
2014-05-16,1.3554999828338623,1.4045000076293945,1.3515000343322754,1.3980000019073486,3402000,1.2721421718597412,0.029581674067535646
2014-05-19,1.3928329944610596,1.454332947731018,1.3928329944610596,1.4428329467773438,4440000,1.3129390478134155,0.03206934535681527
2014-05-20,1.4441670179367065,1.456833004951477,1.399999976158142,1.4225000143051147,3666000,1.2944363355636597,-0.014092367739206302
2014-05-21,1.4366669654846191,1.4553329944610596,1.4220000505447388,1.4429999589920044,4350000,1.313090443611145,0.01441120877380353
2014-05-22,1.4528330564498901,1.4800000190734863,1.4473329782485962,1.4641669988632202,4740000,1.3323523998260498,0.014668773716391525
2014-05-23,1.462833046913147,1.5061670541763306,1.4578330516815186,1.503499984741211,7674000,1.368144154548645,0.026863729279876347
2014-05-27,1.545667052268982,1.5609999895095825,1.5219999551773071,1.5609999895095825,6498000,1.420467495918274,0.038244100666398495
2014-05-28,1.5748330354690552,1.5798330307006836,1.5429999828338623,1.565999984741211,4740000,1.4250174760818481,0.003203071918789213
2014-05-29,1.5696669816970825,1.593999981880188,1.5668330192565918,1.5756670236587524,3030000,1.4338139295578003,0.006173077274415739
2014-05-30,1.574167013168335,1.5881669521331787,1.5638329982757568,1.5821670293807983,2382000,1.4397286176681519,0.004125240691369436
2014-06-02,1.6096669435501099,1.6208330392837524,1.5674999952316284,1.6078330278396606,3918000,1.463084101676941,0.016222053665792213
2014-06-03,1.6091669797897339,1.6588330268859863,1.6008330583572388,1.6531670093536377,6246000,1.504337191581726,0.028195702370220177
2014-06-04,1.653499960899353,1.6825000047683716,1.6365000009536743,1.6756670475006104,4044000,1.5248113870620728,0.013610263221844665
2014-06-05,1.6858329772949219,1.7141669988632202,1.6558330059051514,1.6988329887390137,6264000,1.5458917617797852,0.013824907085782545
2014-06-06,1.710832953453064,1.7354999780654907,1.7046669721603394,1.724166989326477,6654000,1.5689448118209839,0.01491259044025739
2014-06-09,1.7330000400543213,1.7654999494552612,1.7283329963684082,1.7365000247955322,6924000,1.5801677703857422,0.007153040016079304
2014-06-10,1.7398329973220825,1.7553329467773438,1.7141669988632202,1.7538330554962158,4128000,1.5959407091140747,0.009981589664949553
2014-06-11,1.737833023071289,1.7976670265197754,1.737833023071289,1.7793329954147339,4884000,1.6191446781158447,0.014539548013766446
2014-06-12,1.778833031654358,1.7948329448699951,1.7403329610824585,1.7608330249786377,6840000,1.602310299873352,-0.0103971378509643
2014-06-13,1.8109999895095825,1.8291670083999634,1.7813329696655273,1.8108329772949219,6210000,1.6478089094161987,0.028395623893350486
2014-06-16,1.8161669969558716,1.8546669483184814,1.8023329973220825,1.8446669578552246,7470000,1.6785972118377686,0.018684208308844097
2014-06-17,1.8508330583572388,1.8933329582214355,1.8386670351028442,1.886167049407959,6432000,1.7163608074188232,0.02249733556293876
2014-06-18,1.8911670446395874,1.8928329944610596,1.8163330554962158,1.8634999990463257,9090000,1.6957342624664307,-0.012017520064698473
2014-06-19,1.8803329467773438,1.883167028427124,1.8316669464111328,1.8686670064926147,7944000,1.7004362344741821,0.0027727434660227424
2014-06-20,1.8721669912338257,1.8849999904632568,1.8578330278396606,1.8849999904632568,4170000,1.7152984142303467,0.008740446486128262
2014-06-23,1.8926670551300049,1.8926670551300049,1.8585000038146973,1.8641669750213623,6738000,1.6963411569595337,-0.011051997637822053
2014-06-24,1.8536670207977295,1.9041670560836792,1.8075000047683716,1.8226670026779175,9162000,1.6585770845413208,-0.02226193946117372
2014-06-25,1.8083330392837524,1.8488329648971558,1.7843329906463623,1.8423329591751099,6300000,1.6764729022979736,0.010789659585815015
2014-06-26,1.8308329582214355,1.8453329801559448,1.7764999866485596,1.8188329935073853,5352000,1.6550887823104858,-0.012755547552189772
2014-06-27,1.8051669597625732,1.8274999856948853,1.796167016029358,1.8274999856948853,2694000,1.6629751920700073,0.004765139085577408
2014-06-30,1.8291670083999634,1.8899999856948853,1.8291670083999634,1.8846670389175415,4662000,1.7149956226348877,0.031281561515809964
2014-07-01,1.898332953453064,1.9881670475006104,1.898332953453064,1.9623329639434814,9978000,1.7856694459915161,0.041209361347215756
2014-07-02,1.9788329601287842,1.9858330488204956,1.9585000276565552,1.977167010307312,5664000,1.799168586730957,0.007559393149070948
2014-07-03,1.9816670417785645,2.0246670246124268,1.9816670417785645,2.0169999599456787,3942000,1.8354151248931885,0.02014647696967975
2014-07-07,2.0169999599456787,2.0226669311523438,1.9643330574035645,1.9748330116271973,8154000,1.7970443964004517,-0.02090577548629058
2014-07-08,1.9635000228881836,1.9761669635772705,1.887166976928711,1.9450000524520874,10506000,1.7698973417282104,-0.015106573061855255
2014-07-09,1.9605000019073486,1.9850000143051147,1.9149999618530273,1.9788329601287842,6528000,1.8006842136383057,0.017394810675734007
2014-07-10,1.8923330307006836,1.9744999408721924,1.871999979019165,1.9503329992294312,6774000,1.7747496366500854,-0.01440240862851716
2014-07-11,1.9606670141220093,1.968999981880188,1.9268330335617065,1.9541670083999634,3882000,1.7782385349273682,0.001965822847712184
2014-07-14,1.9904999732971191,2.002000093460083,1.965000033378601,1.9804999828338623,7164000,1.8022010326385498,0.013475293729096283
2014-07-15,1.9986670017242432,1.9988329410552979,1.9096670150756836,1.9648330211639404,6828000,1.7879443168640137,-0.007910609343961816
2014-07-16,2.010499954223633,2.0358328819274902,1.995332956314087,2.0328330993652344,5760000,1.8498228788375854,0.03460857867759759
2014-07-17,1.9845000505447388,1.9845000505447388,1.8651670217514038,1.8758330345153809,12642000,1.7069569826126099,-0.07723214704585335
2014-07-18,1.899999976158142,1.9546669721603394,1.8869999647140503,1.9493329524993896,5280000,1.7738397121429443,0.03918254803684995
2014-07-21,1.949167013168335,1.9761669635772705,1.9316669702529907,1.9653329849243164,3408000,1.7883992195129395,0.008207952573936472
2014-07-22,2.000166893005371,2.015166997909546,1.975000023841858,2.0028328895568848,4308000,1.8225234746932983,0.01908068755789616
2014-07-23,1.9824999570846558,1.9824999570846558,1.8619999885559082,1.8645000457763672,12192000,1.6966445446014404,-0.06906859004653298
2014-07-24,1.8645000457763672,1.8666670322418213,1.8111670017242432,1.8173329830169678,9876000,1.6537235975265503,-0.025297431805510806
2014-07-25,1.7816669940948486,1.7816669940948486,1.6913330554962158,1.7079999446868896,10626000,1.5542336702346802,-0.06016125792675242
2014-07-28,1.713333010673523,1.7136670351028442,1.63966703414917,1.7024999856948853,8148000,1.5492286682128906,-0.003220116610139989
2014-07-29,1.7135000228881836,1.7426669597625732,1.692167043685913,1.6946669816970825,5832000,1.5421011447906494,-0.004600883444122683
2014-07-30,1.7238329648971558,1.7583329677581787,1.7115000486373901,1.7446670532226562,5922000,1.587599277496338,0.029504364022896246
2014-07-31,1.6911669969558716,1.6993329524993896,1.6143330335617065,1.6263329982757568,9606000,1.4799188375473022,-0.06782615326421104
2014-08-01,1.6166670322418213,1.6816669702529907,1.6100000143051147,1.6506669521331787,9360000,1.5020618438720703,0.014962467024416837
2014-08-04,1.6644999980926514,1.6866669654846191,1.625,1.6713329553604126,4602000,1.5208674669265747,0.012519789773780099
2014-08-05,1.6468329429626465,1.6746670007705688,1.600000023841858,1.621500015258789,6888000,1.4755209684371948,-0.029816285224195438
2014-08-06,1.597000002861023,1.668166995048523,1.5936670303344727,1.6360000371932983,8052000,1.4887158870697021,0.008942350785112518
2014-08-07,1.670667052268982,1.6766669750213623,1.5583330392837524,1.5718330144882202,7098000,1.4303252696990967,-0.039221895627314485
2014-08-08,1.587499976158142,1.628999948501587,1.5779999494552612,1.624500036239624,6456000,1.4782509803771973,0.033506753749253715
2014-08-11,1.6481670141220093,1.6998330354690552,1.6481670141220093,1.6734999418258667,7698000,1.5228393077850342,0.030163068324496445
2014-08-12,1.6638330221176147,1.6871670484542847,1.6241669654846191,1.6671669483184814,5640000,1.5170766115188599,-0.00378428068570813
2014-08-13,1.6821670532226562,1.7151670455932617,1.6773329973220825,1.7151670455932617,5910000,1.5607551336288452,0.028791416074553045
2014-08-14,1.7166670560836792,1.7345000505447388,1.7089999914169312,1.7243330478668213,4776000,1.5690962076187134,0.005344087211277548
2014-08-15,1.7595000267028809,1.7976670265197754,1.718999981880188,1.776332974433899,7260000,1.616415023803711,0.030156544660213447
2014-08-18,1.7984999418258667,1.8025000095367432,1.7623330354690552,1.799833059310913,6054000,1.6377992630004883,0.013229549423020348
2014-08-19,1.8058329820632935,1.847499966621399,1.8058329820632935,1.838333010673523,4548000,1.6728332042694092,0.021390845758411547
2014-08-20,1.838333010673523,1.8930000066757202,1.831833004951477,1.8834999799728394,4878000,1.7139334678649902,0.02456952523676237
2014-08-21,1.8898329734802246,1.9108330011367798,1.8731670379638672,1.9084999561309814,4374000,1.7366830110549927,0.013273149149968466
2014-08-22,1.9161670207977295,1.93483304977417,1.887666940689087,1.9126670360565186,6348000,1.740474820137024,0.002183432025843368
2014-08-25,1.9505000114440918,1.9505000114440918,1.8803329467773438,1.8895000219345093,6822000,1.7193937301635742,-0.012112413548870715
2014-08-26,1.8851670026779175,1.9114999771118164,1.8851670026779175,1.8911670446395874,3456000,1.7209101915359497,0.0008822559860948154
2014-08-27,1.890166997909546,1.9071669578552246,1.8654999732971191,1.9014999866485596,3738000,1.7303133010864258,0.005463791280765129
2014-08-28,1.8834999799728394,1.942167043685913,1.8643330335617065,1.942167043685913,3102000,1.7673190832138062,0.021386830040966975
2014-08-29,1.9524999856948853,1.9816670417785645,1.9391670227050781,1.9636670351028442,5214000,1.7868834733963013,0.011070104132818503
2014-09-02,1.9765000343322754,1.9765000343322754,1.9118330478668213,1.9371670484542847,4158000,1.762769103050232,-0.013495152780405917
2014-09-03,1.9718329906463623,1.9781670570373535,1.9391670227050781,1.9541670083999634,3906000,1.7782385349273682,0.008775680940496855
2014-09-04,1.9651670455932617,2.0148329734802246,1.9555000066757202,1.9691669940948486,6786000,1.7918879985809326,0.007675897520738051
2014-09-05,1.9665000438690186,2.018666982650757,1.9643330574035645,2.018666982650757,8496000,1.836931824684143,0.025137527037752072
2014-09-08,2.018666982650757,2.064832925796509,2.009999990463257,2.0311670303344727,5826000,1.848306655883789,0.006192228728733484
2014-09-09,2.0313329696655273,2.0374999046325684,1.9691669940948486,1.9773329496383667,4278000,1.7993191480636597,-0.026504014634011197
2014-09-10,1.976667046546936,1.9876669645309448,1.9368330240249634,1.9753329753875732,7584000,1.7974995374679565,-0.0010114504242491051
2014-09-11,1.9574999809265137,1.9913330078125,1.9291670322418213,1.9903329610824585,4134000,1.811148762702942,0.007593649213466058
2014-09-12,1.9756669998168945,1.9756669998168945,1.899999976158142,1.9133330583572388,5574000,1.741080641746521,-0.03868694546632179
2014-09-15,1.9216669797897339,1.928333044052124,1.8415000438690186,1.843500018119812,7626000,1.677534818649292,-0.03649810989905988
2014-09-16,1.8365000486373901,1.9470000267028809,1.8320000171661377,1.9391670227050781,6174000,1.7645893096923828,0.0518942249226757
2014-09-17,1.9464999437332153,2.016666889190674,1.9464999437332153,1.9850000143051147,8154000,1.8062962293624878,0.02363540172836731
2014-09-18,2.0134999752044678,2.0703330039978027,1.9928330183029175,2.0703330039978027,6774000,1.883946418762207,0.042988911374169714
2014-09-19,2.0875000953674316,2.0931670665740967,1.9850000143051147,1.9963330030441284,6696000,1.8166086673736572,-0.035743042694475036
2014-09-22,1.9783329963684082,1.9866670370101929,1.9123330116271973,1.9233330488204956,8310000,1.7501808404922485,-0.036567022692265305
2014-09-23,1.8928329944610596,1.953832983970642,1.8791669607162476,1.9083329439163208,5520000,1.736531138420105,-0.007799015835231349
2014-09-24,1.9221669435501099,1.980167031288147,1.9171669483184814,1.9768329858779907,4500000,1.7988642454147339,0.035895225820025356
2014-09-25,1.9723329544067383,1.9723329544067383,1.8511669635772705,1.869832992553711,8892000,1.7014973163604736,-0.054126976881032185
2014-09-26,1.8980000019073486,1.9511669874191284,1.8960000276565552,1.93483304977417,5322000,1.7606452703475952,0.03476249348434357
2014-09-29,1.8748329877853394,1.9615000486373901,1.8656669855117798,1.9429999589920044,4182000,1.7680773735046387,0.004220989102283301
2014-09-30,1.9461669921875,1.9483330249786377,1.875,1.8945000171661377,5490000,1.7239435911178589,-0.02496137048352165
2014-10-01,1.8858330249786377,1.8858330249786377,1.7424999475479126,1.7563329935073853,13020000,1.5982152223587036,-0.0729306003730883
2014-10-02,1.7483329772949219,1.7483329772949219,1.6318329572677612,1.727167010307312,17538000,1.5716749429702759,-0.016606180780006308
2014-10-03,1.7790000438690186,1.7916669845581055,1.7300000190734863,1.7533329725265503,10464000,1.5954852104187012,0.015149642196201185
2014-10-06,1.7745000123977661,1.7755000591278076,1.6773329973220825,1.7109999656677246,7080000,1.5569634437561035,-0.024144305458320248
2014-10-07,1.6941670179367065,1.7044999599456787,1.6148329973220825,1.6148329973220825,6960000,1.4694541692733765,-0.05620512581840553
2014-10-08,1.619832992553711,1.7300000190734863,1.5708329677581787,1.7213330268859863,11916000,1.5663665533065796,0.065951110573363
2014-10-09,1.7166670560836792,1.7166670560836792,1.5789999961853027,1.5835000276565552,11388000,1.4409422874450684,-0.08007340652655737
2014-10-10,1.454332947731018,1.454332947731018,1.2136670351028442,1.2553329467773438,57942000,1.1423187255859375,-0.207241600977343
2014-10-13,1.2601670026779175,1.3026670217514038,1.1741670370101929,1.1741670370101929,18840000,1.06846022605896,-0.06465687846042578
2014-10-14,1.2366670370101929,1.3049999475479126,1.2071670293807983,1.2404999732971191,30090000,1.1288210153579712,0.056493611382441244
2014-10-15,1.1740000247955322,1.2833329439163208,1.1446670293807983,1.2568329572677612,41124000,1.1436837911605835,0.013166452496754744
2014-10-16,1.2024999856948853,1.3421670198440552,1.1916669607162476,1.3113329410552979,31764000,1.19327712059021,0.043362949286446684
2014-10-17,1.3875000476837158,1.4093329906463623,1.335832953453064,1.3433330059051514,43908000,1.2223963737487793,0.024402700373027608
2014-10-20,1.3359999656677246,1.4101669788360596,1.317167043685913,1.4068330526351929,16344000,1.280179738998413,0.04727051777251212
2014-10-21,1.4596669673919678,1.565000057220459,1.4423329830169678,1.55983304977417,22548000,1.4194058179855347,0.10875490652738562
2014-10-22,1.5896669626235962,1.6066670417785645,1.4919999837875366,1.4950000047683716,32538000,1.3604093790054321,-0.04156409239769909
2014-10-23,1.54783296585083,1.5839999914169312,1.5384999513626099,1.5596669912338257,17814000,1.4192545413970947,0.04325550920347543
2014-10-24,1.5583330392837524,1.616832971572876,1.5583330392837524,1.6100000143051147,15600000,1.4650561809539795,0.03227164731586152
2014-10-27,1.5835000276565552,1.6365000009536743,1.5628329515457153,1.6265000104904175,24660000,1.48007071018219,0.01024844474453257
2014-10-28,1.6460000276565552,1.6990000009536743,1.6353329420089722,1.6973329782485962,18132000,1.5445266962051392,0.04354931896792391
2014-10-29,1.690000057220459,1.7200000286102295,1.6490000486373901,1.7074999809265137,24510000,1.5537784099578857,0.0059899871199158294
2014-10-30,1.6936670541763306,1.6936670541763306,1.5806670188903809,1.6498329639434814,17796000,1.5013030767440796,-0.03377277752690888
2014-10-31,1.7791670560836792,1.863832950592041,1.7791670560836792,1.8416670560836792,30552000,1.675866961479187,0.11627485711139518
2014-11-03,1.8731670379638672,1.9043329954147339,1.8415000438690186,1.8758330345153809,12402000,1.7069569826126099,0.018551658574137653
2014-11-04,1.8589999675750732,1.890166997909546,1.8135000467300415,1.8601670265197754,8046000,1.6927015781402588,-0.008351493820265676
2014-11-05,1.899999976158142,1.9191670417785645,1.8485000133514404,1.9149999618530273,13212000,1.742598056793213,0.029477425710442873
2014-11-06,1.8853329420089722,1.8961670398712158,1.8274999856948853,1.8661669492721558,11454000,1.698161244392395,-0.02550026817421913
2014-11-07,1.8661669492721558,1.878000020980835,1.7661670446395874,1.8113329410552979,16014000,1.6482632160186768,-0.02938322760364198
2014-11-10,1.8278330564498901,1.8606669902801514,1.8021670579910278,1.8523329496383667,3756000,1.6855725049972534,0.022635269117990964
2014-11-11,1.8656669855117798,1.8656669855117798,1.8213330507278442,1.8361669778823853,4548000,1.670861840248108,-0.0087273574435619
2014-11-12,1.8116669654846191,1.840000033378601,1.803333044052124,1.8328330516815186,3774000,1.6678283214569092,-0.0018156988122679518
2014-11-13,1.8471670150756836,1.8910000324249268,1.8166669607162476,1.8359999656677246,7716000,1.6707100868225098,0.0017278791340544775
2014-11-14,1.8191670179367065,1.8860000371932983,1.7948329448699951,1.8811670541763306,9924000,1.7118110656738281,0.024600811194557703
2014-11-17,1.8583329916000366,1.8704999685287476,1.8093329668045044,1.8568329811096191,10320000,1.689667820930481,-0.012935625792875771
2014-11-18,1.8650000095367432,1.9796669483184814,1.8650000095367432,1.9641669988632202,10830000,1.787338376045227,0.05780488543964779
2014-11-19,1.9686670303344727,1.9748330116271973,1.8971669673919678,1.926332950592041,8220000,1.752910852432251,-0.01926213417345679
2014-11-20,1.8839999437332153,1.9833329916000366,1.8739999532699585,1.9800000190734863,8310000,1.8017462491989136,0.027859705387353273
2014-11-21,2.0456669330596924,2.059999942779541,1.997833013534546,2.0394999980926514,12906000,1.8558892011642456,0.030050494164645114
2014-11-24,2.053999900817871,2.106333017349243,2.0416669845581055,2.1024999618530273,9054000,1.9132176637649536,0.030889906260992195
2014-11-25,2.1166670322418213,2.124833106994629,2.0889999866485596,2.1016669273376465,6144000,1.9124596118927002,-0.00039621142948642607
2014-11-26,2.112499952316284,2.238832950592041,2.112499952316284,2.2371668815612793,10092000,2.0357613563537598,0.06447261098374035
2014-11-28,2.256166934967041,2.2771670818328857,2.2130000591278076,2.25,6168000,2.0474390983581543,0.0057363259506884035
2014-12-01,2.232332944869995,2.26200008392334,2.142667055130005,2.1714999675750732,13002000,1.976006031036377,-0.03488890329996741
2014-12-02,2.189832925796509,2.2133328914642334,2.127332925796509,2.2128329277038574,8928000,2.013617753982544,0.019034290005051746
2014-12-03,2.2331669330596924,2.3591670989990234,2.2331669330596924,2.3503329753875732,10110000,2.1387393474578857,0.06213756400777726
2014-12-04,2.382167100906372,2.4033329486846924,2.316667079925537,2.3605000972747803,11634000,2.1479909420013428,0.0043258219127571
2014-12-05,2.378000020980835,2.433000087738037,2.3646669387817383,2.433000087738037,6846000,2.213963747024536,0.030713826509458197
2014-12-08,2.4288330078125,2.444667100906372,2.2825000286102295,2.328166961669922,15150000,2.1185686588287354,-0.043088007516505544
2014-12-09,2.2114999294281006,2.3420000076293945,2.2063329219818115,2.3218328952789307,12642000,2.112805128097534,-0.002720623776246711
2014-12-10,2.3239998817443848,2.33316707611084,2.179332971572876,2.191833019256592,11838000,1.9945087432861328,-0.05599019476667444
2014-12-11,2.22933292388916,2.304832935333252,2.2074999809265137,2.2230000495910645,9138000,2.02286958694458,0.014219618949368629
2014-12-12,2.1666669845581055,2.2084999084472656,2.1070001125335693,2.11299991607666,10422000,1.9227720499038696,-0.04948274001821973
2014-12-15,2.1508328914642334,2.204667091369629,2.0333330631256104,2.052999973297119,16956000,1.868173360824585,-0.02839562004855478
2014-12-16,2.0276670455932617,2.1445000171661377,2.002166986465454,2.0179998874664307,16812000,1.8363251686096191,-0.01704826414316918
2014-12-17,2.023667097091675,2.1578330993652344,1.9733330011367798,2.1481668949127197,15510000,1.9547735452651978,0.06450298052776993
2014-12-18,2.249332904815674,2.266666889190674,2.201667070388794,2.266666889190674,21252000,2.0626049041748047,0.0551633090327317
2014-12-19,2.2903330326080322,2.2964999675750732,2.2136669158935547,2.249000072479248,15420000,2.0465292930603027,-0.007794183078102757
2014-12-22,2.2806670665740967,2.355833053588867,2.2715001106262207,2.3488330841064453,10992000,2.13737416267395,0.04438995482874475
2014-12-23,2.4000000953674316,2.4046669006347656,2.3289999961853027,2.3355000019073486,16380000,2.125316858291626,-0.005676470707653092
2014-12-24,2.3440001010894775,2.37166690826416,2.3333330154418945,2.3436670303344727,3030000,2.132749080657959,0.003496907908565383
2014-12-26,2.36899995803833,2.378000020980835,2.3411669731140137,2.3528330326080322,3072000,2.141090154647827,0.003910966086446033
2014-12-29,2.3396670818328857,2.3473329544067383,2.302333116531372,2.3318328857421875,5970000,2.121979236602783,-0.008925472642895893
2014-12-30,2.2841670513153076,2.319999933242798,2.2841670513153076,2.2916669845581055,5286000,2.085428237915039,-0.017225034190774702
2014-12-31,2.2981669902801514,2.3473329544067383,2.245666980743408,2.246999979019165,8412000,2.044781446456909,-0.019491054258720553
2015-01-02,2.2871670722961426,2.322000026702881,2.182332992553711,2.2471671104431152,15978000,2.0449330806732178,7.4379806635827e-05
2015-01-05,2.185499906539917,2.2249999046325684,2.114833116531372,2.119999885559082,12648000,1.9292105436325073,-0.0565900169564858
2015-01-06,2.117500066757202,2.125,1.9571670293807983,1.9756669998168945,13386000,1.7978668212890625,-0.06808155355353918
2015-01-07,2.0103330612182617,2.063667058944702,1.9769999980926514,2.0355000495910645,8574000,1.8523149490356445,0.030284987186461665
2015-01-08,2.1166670322418213,2.2618329524993896,2.0999999046325684,2.2186670303344727,13884000,2.01899790763855,0.08998623251333582
2015-01-09,2.245832920074463,2.252500057220459,2.137500047683716,2.2241671085357666,11070000,2.02400279045105,0.00247900118679123
2015-01-12,2.193666934967041,2.193666934967041,2.055666923522949,2.0905001163482666,10962000,1.9023655652999878,-0.060097549178980914
2015-01-13,2.13700008392334,2.2135000228881836,1.9963330030441284,2.0281670093536377,12708000,1.845642328262329,-0.029817318117883573
2015-01-14,1.9620000123977661,2.056166887283325,1.933500051498413,1.9956669807434082,9324000,1.816066861152649,-0.016024335501141462
2015-01-15,2.0343329906463623,2.0748329162597656,1.9416669607162476,1.9470000267028809,6774000,1.7717798948287964,-0.024386310196102157
2015-01-16,1.9290000200271606,2.0209999084472656,1.9033329486846924,2.0134999752044678,8616000,1.8322951793670654,0.03415508350772867
2015-01-20,2.0299999713897705,2.0989999771118164,1.9971669912338257,2.07716703414917,9438000,1.8902322053909302,0.031620094228328455
2015-01-21,2.060167074203491,2.1714999675750732,2.0356669425964355,2.1453330516815186,9642000,1.952263593673706,0.03281682041534517
2015-01-22,2.1516671180725098,2.19083309173584,2.0183329582214355,2.185667037963867,12336000,1.9889678955078125,0.018800804029348583
2015-01-23,2.1611669063568115,2.200000047683716,2.129333019256592,2.1665000915527344,9594000,1.9715259075164795,-0.008769380732844168
2015-01-26,2.1641669273376465,2.192667007446289,2.1034998893737793,2.189167022705078,6576000,1.9921534061431885,0.010462464894750223
2015-01-27,2.0999999046325684,2.125,2.0203330516815186,2.063333034515381,15486000,1.877643346786499,-0.05748030501309509
2015-01-28,2.1333329677581787,2.198167085647583,2.0298330783843994,2.0325000286102295,13218000,1.8495852947235107,-0.014943300664205794
2015-01-29,2.002000093460083,2.060667037963867,1.9241670370101929,2.038332939147949,15474000,1.8548928499221802,0.0028698206423682926
2015-01-30,1.9843330383300781,2.048332929611206,1.9083329439163208,1.9129999876022339,10230000,1.7408396005630493,-0.06148796849552274
2015-02-02,1.9320000410079956,1.9433330297470093,1.805999994277954,1.9305000305175781,14562000,1.7567650079727173,0.009147957673161677
2015-02-03,1.9594999551773071,2.0378329753875732,1.9453330039978027,2.0346670150756836,10800000,1.8515576124191284,0.05395855110666736
2015-02-04,2.0203330516815186,2.1010000705718994,2.003833055496216,2.059000015258789,8946000,1.8737001419067383,0.011959205119467908
2015-02-05,2.069166898727417,2.117500066757202,2.052333116531372,2.115333080291748,6324000,1.9249635934829712,0.027359429147881142
2015-02-06,2.128499984741211,2.178499937057495,2.06516695022583,2.0833330154418945,11220000,1.8958433866500854,-0.015127671924574648
2015-02-09,2.04783296585083,2.0738329887390137,2.0,2.015166997909546,6336000,1.8338119983673096,-0.03271969340815639
2015-02-10,2.0889999866485596,2.2208330631256104,2.075500011444092,2.2193329334259033,10446000,2.019603967666626,0.10131464822922909
2015-02-11,2.2163329124450684,2.266666889190674,2.1538329124450684,2.2416670322418213,9228000,2.039928674697876,0.010063428735517244
2015-02-12,2.2831668853759766,2.3499999046325684,2.266166925430298,2.3498330116271973,8820000,2.138359785079956,0.04825247364110208
2015-02-13,2.3889999389648438,2.4189999103546143,2.3359999656677246,2.3998329639434814,8976000,2.1838598251342773,0.021278087450844252
2015-02-17,2.4006669521331787,2.429500102996826,2.373667001724243,2.423832893371582,5856000,2.2056996822357178,0.01000066662500676
2015-02-18,2.4166669845581055,2.4216670989990234,2.373332977294922,2.4000000953674316,5652000,2.1840121746063232,-0.009832690227666085
2015-02-19,2.3838329315185547,2.443000078201294,2.376832962036133,2.421999931335449,5124000,2.2040321826934814,0.009166597955759359
2015-02-20,2.4038329124450684,2.4679999351501465,2.3823330402374268,2.4651670455932617,6198000,2.243314504623413,0.017822921338404463
2015-02-23,2.4631669521331787,2.4648330211639404,2.390500068664551,2.4161670207977295,5010000,2.198723793029785,-0.019876959203687594
2015-02-24,2.4075000286102295,2.5173330307006836,2.368666887283325,2.5139999389648438,8376000,2.287752389907837,0.0404909583340034
2015-02-25,2.5133330821990967,2.518167018890381,2.4523329734802246,2.4718329906463623,5766000,2.249379873275757,-0.016772851766990837
2015-02-26,2.505167007446289,2.545833110809326,2.483333110809326,2.5220000743865967,6090000,2.2950315475463867,0.020295498899024045
2015-02-27,2.5274999141693115,2.5446670055389404,2.4806671142578125,2.503833055496216,4236000,2.2785003185272217,-0.007203417269842638
2015-03-02,2.558666944503784,2.7131669521331787,2.558666944503784,2.7118330001831055,10602000,2.4677813053131104,0.0830726091063878
2015-03-03,2.686167001724243,2.686167001724243,2.549999952316284,2.5551669597625732,11424000,2.3252146244049072,-0.057771271464708174
2015-03-04,2.5346670150756836,2.554332971572876,2.4593329429626465,2.5510001182556152,7704000,2.321422815322876,-0.0016307511691311394
2015-03-05,2.5886669158935547,2.5971670150756836,2.5208330154418945,2.553333044052124,5172000,2.3235456943511963,0.0009145141859514538
2015-03-06,2.5218329429626465,2.5426669120788574,2.4528329372406006,2.476332902908325,6402000,2.2534756660461426,-0.030156716658317317
2015-03-09,2.4700000286102295,2.5139999389648438,2.4626669883728027,2.497999906539917,3822000,2.2731916904449463,0.008749632816389408
2015-03-10,2.4428329467773438,2.4623329639434814,2.3480000495910645,2.3570001125335693,10950000,2.1448822021484375,-0.05644507577330227
2015-03-11,2.387666940689087,2.448499917984009,2.373167037963867,2.376832962036133,5814000,2.1629297733306885,0.008414445717291441
2015-03-12,2.305500030517578,2.374166965484619,2.2950000762939453,2.373832941055298,5214000,2.1601998805999756,-0.0012621926019845686
2015-03-13,2.389167070388794,2.434000015258789,2.3421669006347656,2.42283296585083,5982000,2.204789638519287,0.020641732595449325
2015-03-16,2.44016695022583,2.5336670875549316,2.44016695022583,2.5295000076293945,6324000,2.3018574714660645,0.04402575137535569
2015-03-17,2.481832981109619,2.489500045776367,2.429500102996826,2.4756669998168945,6150000,2.2528693675994873,-0.021282074580008192
2015-03-18,2.475832939147949,2.567500114440918,2.378499984741211,2.5299999713897705,8148000,2.3023128509521484,0.021946801236553348
2015-03-19,2.5299999713897705,2.5673329830169678,2.509666919708252,2.5485000610351562,4704000,2.319148302078247,0.0073122884800758126
2015-03-20,2.607332944869995,2.680833101272583,2.5906670093536377,2.6603329181671143,6618000,2.4209160804748535,0.04388183419800806
2015-03-23,2.6601669788360596,2.6681671142578125,2.5858330726623535,2.5858330726623535,6318000,2.353120803833008,-0.028003955819217108
2015-03-24,2.574167013168335,2.6050000190734863,2.5168330669403076,2.519666910171509,6552000,2.292909622192383,-0.02558794811248999
2015-03-25,2.5291669368743896,2.5291669368743896,2.1666669845581055,2.174499988555908,21066000,1.9788055419921875,-0.13698910765633932
2015-03-26,2.058332920074463,2.125,1.9424999952316284,2.0848329067230225,24066000,1.8972086906433105,-0.041235724214665925
2015-03-27,2.072499990463257,2.2828330993652344,2.068000078201294,2.25600004196167,16368000,2.052971363067627,0.08210112891382315
2015-03-30,2.299999952316284,2.362333059310913,2.263000011444092,2.3499999046325684,16764000,2.1385114192962646,0.0416666050188379
2015-03-31,2.3071670532226562,2.3233330249786377,2.254667043685913,2.2673330307006836,6942000,2.063284158706665,-0.03517739459006919
2015-04-01,2.246500015258789,2.253166913986206,2.1666669845581055,2.2246670722961426,12366000,2.0244579315185547,-0.018817684842422855
2015-04-02,2.2296669483184814,2.2708330154418945,2.199666976928711,2.2023329734802246,10686000,2.004134178161621,-0.01003929940531112
2015-04-06,2.1363329887390137,2.249166965484619,2.108833074569702,2.233833074569702,8514000,2.032799243927002,0.01430306019516192
2015-04-07,2.250333070755005,2.2966670989990234,2.2251670360565186,2.239500045776367,5790000,2.0379557609558105,0.0025368821292774957
2015-04-08,2.2265000343322754,2.299833059310913,2.2200000286102295,2.2798330783843994,3948000,2.0746588706970215,0.01800983781362242
2015-04-09,2.2413330078125,2.374332904815674,2.2413330078125,2.368333101272583,7356000,2.1551945209503174,0.03881864147304115
2015-04-10,2.381999969482422,2.3948330879211426,2.3566670417785645,2.3948330879211426,4248000,2.179309368133545,0.011189298766427935
2015-04-13,2.3948330879211426,2.433000087738037,2.3426671028137207,2.3483328819274902,7758000,2.1369946002960205,-0.019416888061295823
2015-04-14,2.368000030517578,2.368000030517578,2.2548329830169678,2.2798330783843994,8010000,2.0746588706970215,-0.029169545795767582
2015-04-15,2.3363330364227295,2.4151670932769775,2.302833080291748,2.3949999809265137,8970000,2.179461717605591,0.0505154976625426
2015-04-16,2.3333330154418945,2.378999948501587,2.319499969482422,2.364833116531372,3702000,2.152009963989258,-0.012595768114984085
2015-04-17,2.312833070755005,2.312833070755005,2.228332996368408,2.2634999752044678,9108000,2.0597963333129883,-0.04285001788013487
2015-04-20,2.299499988555908,2.3464999198913574,2.2915000915527344,2.318833112716675,4416000,2.110149621963501,0.024445830845307936
2015-04-21,2.3963329792022705,2.4166669845581055,2.3421669006347656,2.369499921798706,6054000,2.156256675720215,0.0218501317771298
2015-04-22,2.399167060852051,2.4719998836517334,2.358333110809326,2.4676671028137207,9702000,2.245589256286621,0.04142949324956935
2015-04-23,2.3324999809265137,2.3808329105377197,2.2871670722961426,2.3518331050872803,11388000,2.1401796340942383,-0.04694069049847216
2015-04-24,2.3416669368743896,2.3459999561309814,2.194333076477051,2.236833095550537,18216000,2.0355288982391357,-0.048898031619669435
2015-04-27,2.242500066757202,2.325000047683716,2.2346670627593994,2.260166883468628,8376000,2.0567626953125,0.01043161779236268
2015-04-28,2.241832971572876,2.2751669883728027,2.1666669845581055,2.263000011444092,4686000,2.0593414306640625,0.0012535038877818927
2015-04-29,2.240499973297119,2.246166944503784,2.1558330059051514,2.2249999046325684,7008000,2.0247607231140137,-0.016791916314341626
2015-04-30,2.2058329582214355,2.2360000610351562,2.125999927520752,2.1741669178009033,6360000,1.9785022735595703,-0.022846287195710913
2015-05-01,2.1958329677581787,2.3606669902801514,2.1958329677581787,2.3436670303344727,17382000,2.132749080657959,0.07796094731540348
2015-05-04,2.3531670570373535,2.3803329467773438,2.309999942779541,2.3283329010009766,7014000,2.1187944412231445,-0.006542793466402852
2015-05-05,2.3071670532226562,2.3071670532226562,2.1746668815612793,2.181166887283325,11862000,1.984872817993164,-0.06320660316846571
2015-05-06,2.201667070388794,2.2284998893737793,2.124666929244995,2.1730000972747803,9012000,1.9774408340454102,-0.003744229777262409
2015-05-07,2.193000078201294,2.25600004196167,2.193000078201294,2.246166944503784,7686000,2.044022798538208,0.033670889992487574
2015-05-08,2.3001670837402344,2.3385000228881836,2.2868330478668213,2.310499906539917,10140000,2.1025662422180176,0.028641220187818783
2015-05-11,2.304832935333252,2.3381669521331787,2.2820000648498535,2.311167001724243,7164000,2.103172779083252,0.00028872331153873
2015-05-12,2.2881669998168945,2.2911670207977295,2.2184998989105225,2.2558329105377197,6732000,2.052818775177002,-0.023942056608302842
2015-05-13,2.2780001163482666,2.3413329124450684,2.274167060852051,2.2926669120788574,5100000,2.0863382816314697,0.016328337692510075
2015-05-14,2.3413329124450684,2.4028329849243164,2.314500093460083,2.377332925796509,10308000,2.163384437561035,0.03692905117249734
2015-05-15,2.4000000953674316,2.4166669845581055,2.3534998893737793,2.3889999389648438,4164000,2.174001693725586,0.004907605931729675
2015-05-18,2.379667043685913,2.4608330726623535,2.379667043685913,2.453000068664551,6348000,2.2322425842285156,0.02678950662821622
2015-05-19,2.4801669120788574,2.506833076477051,2.4035000801086426,2.430666923522949,6744000,2.211919069290161,-0.009104420919873846
2015-05-20,2.454667091369629,2.5,2.4159998893737793,2.4433329105377197,2923500,2.223444938659668,0.005210910179504369
2015-05-21,2.436666965484619,2.493333101272583,2.4040000438690186,2.4800000190734863,2389500,2.256812572479248,0.01500700472605554
2015-05-22,2.487333059310913,2.5233330726623535,2.4806671142578125,2.497999906539917,2566500,2.2731916904449463,0.007258019083868916
2015-05-26,2.4733328819274902,2.4913330078125,2.4046669006347656,2.444000005722046,4063500,2.2240521907806396,-0.02161725493924005
2015-05-27,2.4619998931884766,2.752000093460083,2.456666946411133,2.72933292388916,13917000,2.4837067127227783,0.11674832958227288
2015-05-28,2.73533296585083,2.7806670665740967,2.6826670169830322,2.7366669178009033,6607500,2.490379810333252,0.0026871012501079594
2015-05-29,2.75333309173584,2.8006670475006104,2.7300000190734863,2.760667085647583,5224500,2.5122196674346924,0.008769853463192145
2015-06-01,2.807332992553711,2.830667018890381,2.731333017349243,2.7733330726623535,6366000,2.523747205734253,0.004588016816884366
2015-06-02,2.749332904815674,2.749332904815674,2.6666669845581055,2.675333023071289,5436000,2.4345664978027344,-0.03533655966428373
2015-06-03,2.7253329753875732,2.7273330688476562,2.619999885559082,2.621999979019165,4191000,2.386033535003662,-0.019935104748528665
2015-06-04,2.5893330574035645,2.619333028793335,2.5306670665740967,2.553333044052124,8517000,2.3235456943511963,-0.02618876259210645
2015-06-05,2.5466670989990234,2.5733330249786377,2.4806671142578125,2.557332992553711,6295500,2.3271851539611816,0.0015665596428575679
2015-06-08,2.557332992553711,2.560667037963867,2.3919999599456787,2.4166669845581055,10593000,2.199178695678711,-0.05500496353239426
2015-06-09,2.4073328971862793,2.4246668815612793,2.3333330154418945,2.4040000438690186,10443000,2.187652349472046,-0.005241492009459892
2015-06-10,2.4560000896453857,2.5213329792022705,2.433332920074463,2.49399995803833,8491500,2.269551992416382,0.03743756760688943
2015-06-11,2.5280001163482666,2.5333330631256104,2.4860000610351562,2.4926669597625732,5124000,2.2683396339416504,-0.000534482076256837
2015-06-12,2.4606668949127197,2.4666669368743896,2.4146668910980225,2.4246668815612793,3468000,2.206458568572998,-0.027280049560961417
2015-06-15,2.376667022705078,2.4146668910980225,2.309999942779541,2.4066669940948486,3541500,2.1900787353515625,-0.007423653782428152
2015-06-16,2.384000062942505,2.447999954223633,2.376667022705078,2.431999921798706,3762000,2.213132381439209,0.010526145813282817
2015-06-17,2.450000047683716,2.4653329849243164,2.4079999923706055,2.437333106994629,4078500,2.2179853916168213,0.002192921614889931
2015-06-18,2.458667039871216,2.5733330249786377,2.458667039871216,2.5406670570373535,7689000,2.3120203018188477,0.04239631823248868
2015-06-19,2.547333002090454,2.5673329830169678,2.4753329753875732,2.5179998874664307,4377000,2.2913923263549805,-0.008921739473158219
2015-06-22,2.563333034515381,2.5853331089019775,2.5273330211639404,2.5653328895568848,4977000,2.3344662189483643,0.01879785711113735
2015-06-23,2.576667070388794,2.5940001010894775,2.497999906539917,2.5213329792022705,5640000,2.2944254875183105,-0.017151735173915217
2015-06-24,2.512666940689087,2.5313329696655273,2.4433329105377197,2.446666955947876,4566000,2.2264788150787354,-0.029613709839316105
2015-06-25,2.4886670112609863,2.4886670112609863,2.419332981109619,2.441333055496216,3018000,2.2216250896453857,-0.002180068046733319
2015-06-26,2.381333112716675,2.381333112716675,2.2279999256134033,2.2633330821990967,10182000,2.0596444606781006,-0.0729109749677066
2015-06-29,2.1666669845581055,2.2173330783843994,2.064666986465454,2.069999933242798,11571000,1.8837101459503174,-0.0854196629196321
2015-06-30,2.127332925796509,2.1419999599456787,2.063999891281128,2.0946669578552246,11799000,1.90615713596344,0.01191643739513748
2015-07-01,2.1726670265197754,2.191333055496216,2.0926671028137207,2.109999895095825,10522500,1.9201104640960693,0.007319988117013176
2015-07-02,2.123332977294922,2.1559998989105225,2.107332944869995,2.135999917984009,3387000,1.9437705278396606,0.012322286341631683
2015-07-06,2.0933330059051514,2.135999917984009,2.0153329372406006,2.0506670475006104,8164500,1.8661173582077026,-0.039949847265882354
2015-07-07,2.047333002090454,2.047333002090454,1.8393330574035645,2.0233330726623535,8449500,1.8412433862686157,-0.013329309051692162
2015-07-08,1.9413330554962158,1.9833329916000366,1.8433330059051514,1.8753329515457153,7170000,1.7065622806549072,-0.0731466920183812
2015-07-09,1.9666670560836792,1.9739999771118164,1.7860000133514404,1.7860000133514404,11626500,1.625268816947937,-0.047635774821022325
2015-07-10,1.8666670322418213,1.9073330163955688,1.8466670513153076,1.8873330354690552,10768500,1.7174824476242065,0.05673741397541354
2015-07-13,1.9433330297470093,1.9453330039978027,1.8926670551300049,1.9326670169830322,7369500,1.7587363719940186,0.024020128224327975
2015-07-14,1.9533330202102661,2.0086669921875,1.9533330202102661,1.9993330240249634,5853000,1.8194035291671753,0.03449430577337598
2015-07-15,2.0113329887390137,2.0113329887390137,1.9320000410079956,1.9586670398712158,8317500,1.7823967933654785,-0.020339775147554362
2015-07-16,2.006666898727417,2.006666898727417,1.9160000085830688,1.9713330268859863,9607500,1.793923020362854,0.006466636113712898
2015-07-17,1.9520000219345093,1.963333010673523,1.9093329906463623,1.9546669721603394,5380500,1.7787564992904663,-0.008454205605216036
2015-07-20,1.9753329753875732,1.9900000095367432,1.9133330583572388,1.914667010307312,4542000,1.7423564195632935,-0.020463824489149962
2015-07-21,1.9019999504089355,1.9700000286102295,1.9019999504089355,1.9199999570846558,6831000,1.7472093105316162,0.002785312928375916
2015-07-22,1.7940000295639038,1.7940000295639038,1.713333010673523,1.777999997138977,14968500,1.6179888248443604,-0.0739583141248048
2015-07-23,1.8086669445037842,1.9166669845581055,1.8086669445037842,1.8559999465942383,8224500,1.6889691352844238,0.04386948795319068
2015-07-24,1.8946670293807983,1.8946670293807983,1.7366670370101929,1.74399995803833,7174500,1.5870485305786133,-0.060344823156610716
2015-07-27,1.718000054359436,1.7393330335617065,1.6466670036315918,1.702666997909546,9583500,1.5494353771209717,-0.02370009238720161
2015-07-28,1.730666995048523,1.8426669836044312,1.6906670331954956,1.8086669445037842,12343500,1.645896077156067,0.0622552423488445
2015-07-29,1.8086669445037842,1.8279999494552612,1.7566670179367065,1.8179999589920044,9057000,1.6543887853622437,0.0051601620279408955
2015-07-30,1.8026670217514038,1.8566670417785645,1.7740000486373901,1.8386670351028442,5058000,1.6731961965560913,0.011368028920252904
2015-07-31,1.8420000076293945,1.8466670513153076,1.7640000581741333,1.7740000486373901,5568000,1.6143492460250854,-0.035170580225166725
2015-08-03,1.7619999647140503,1.7786669731140137,1.7273329496383667,1.7566670179367065,3805500,1.5985757112503052,-0.009770592009846424
2015-08-04,1.7400000095367432,1.7506669759750366,1.6640000343322754,1.6979999542236328,6415500,1.5451879501342773,-0.0333968037846929
2015-08-05,1.718000054359436,1.7979999780654907,1.718000054359436,1.7613329887390137,7600500,1.6028215885162354,0.03729860790505035
2015-08-06,1.7666670083999634,1.7666670083999634,1.6273330450057983,1.6693329811096191,7930500,1.5191012620925903,-0.05223317125017901
2015-08-07,1.6666669845581055,1.7013330459594727,1.6466670036315918,1.696666955947876,6246000,1.5439754724502563,0.016374189659924987
2015-08-10,1.7333329916000366,1.8306670188903809,1.7333329916000366,1.8240000009536743,8170500,1.6598490476608276,0.07504893318008965
2015-08-11,1.7879999876022339,1.7879999876022339,1.675333023071289,1.7000000476837158,7215000,1.5470085144042969,-0.06798243048526609
2015-08-12,1.6493330001831055,1.7533329725265503,1.598667025566101,1.7286670207977295,9519000,1.5730953216552734,0.016862924888192188
2015-08-13,1.7286670207977295,1.7519999742507935,1.6759999990463257,1.6759999990463257,7285500,1.5251681804656982,-0.030466840124652506
2015-08-14,1.6619999408721924,1.6720000505447388,1.6153329610824585,1.6466670036315918,5598000,1.498475432395935,-0.01750178725025353
2015-08-17,1.621999979019165,1.6959999799728394,1.600000023841858,1.6959999799728394,4459500,1.5433685779571533,0.029959291242520614
2015-08-18,1.692667007446289,1.692667007446289,1.5833330154418945,1.591333031654358,8851500,1.4481208324432373,-0.06171400327502219
2015-08-19,1.5959999561309814,1.6019999980926514,1.5153330564498901,1.5466669797897339,7707000,1.4074746370315552,-0.028068324465174266
2015-08-20,1.5066670179367065,1.5066670179367065,1.3733329772949219,1.3746670484542847,13956000,1.2509536743164062,-0.11120682964268902
2015-08-21,1.3226670026779175,1.3819999694824219,1.2606669664382935,1.2773330211639404,12129000,1.162379503250122,-0.07080552880043889
2015-08-24,1.0213329792022705,1.340000033378601,1.003999948501587,1.179332971572876,29239500,1.073198914527893,-0.07672239577879558
2015-08-25,1.3066669702529907,1.3240000009536743,1.1406669616699219,1.1406669616699219,14115000,1.0380128622055054,-0.032786338409062976
2015-08-26,1.2519999742507935,1.314666986465454,1.1779999732971191,1.309999942779541,21187500,1.1921064853668213,0.1484508509492708
2015-08-27,1.3799999952316284,1.4620000123977661,1.3726669549942017,1.457332968711853,24174000,1.326180338859558,0.11246796363952716
2015-08-28,1.4259999990463257,1.4906669855117798,1.4259999990463257,1.48533296585083,10723500,1.3516602516174316,0.019213177592301678
2015-08-31,1.446666955947876,1.5140000581741333,1.425333023071289,1.4673329591751099,9834000,1.335280418395996,-0.012118499413637851
2015-09-01,1.3466670513153076,1.425333023071289,1.2913329601287842,1.315999984741211,13606500,1.1975666284561157,-0.10313472036978832
2015-09-02,1.3813329935073853,1.408666968345642,1.335332989692688,1.408666968345642,5200500,1.2818939685821533,0.07041564185325888
2015-09-03,1.4359999895095825,1.4966670274734497,1.4286669492721558,1.4413330554962158,7801500,1.3116203546524048,0.02318936120787818
2015-09-04,1.3713330030441284,1.4193329811096191,1.3480000495910645,1.3646670579910278,7768500,1.2418538331985474,-0.05319103534942082
2015-09-08,1.4600000381469727,1.5486669540405273,1.4566669464111328,1.5433330535888672,11443500,1.4044405221939087,0.13092277310544853
2015-09-09,1.5886670351028442,1.6206669807434082,1.4520000219345093,1.4620000123977661,17734500,1.3304272890090942,-0.05269960427658127
2015-09-10,1.4600000381469727,1.5219999551773071,1.4173330068588257,1.4826669692993164,8355000,1.3492342233657837,0.014136085312102864
2015-09-11,1.437999963760376,1.4866670370101929,1.4213329553604126,1.4819999933242798,6459000,1.3486273288726807,-0.00044984881220622164
2015-09-14,1.5019999742507935,1.5173330307006836,1.4773329496383667,1.4966670274734497,5242500,1.3619743585586548,0.009896784220808419
2015-09-15,1.5099999904632568,1.5626670122146606,1.5099999904632568,1.5479999780654907,5133000,1.408687710762024,0.03429817698242288
2015-09-16,1.5466669797897339,1.5653330087661743,1.5113329887390137,1.5606670379638672,6328500,1.4202146530151367,0.008182855347456996
2015-09-17,1.5606670379638672,1.5973329544067383,1.512666940689087,1.5186669826507568,10005000,1.381994605064392,-0.026911605288919227
2015-09-18,1.4559999704360962,1.5013329982757568,1.4246670007705688,1.442667007446289,9004500,1.3128340244293213,-0.0500438714166378
2015-09-21,1.4666670560836792,1.4846669435501099,1.4093329906463623,1.4279999732971191,7872000,1.2994871139526367,-0.01016661091815807
2015-09-22,1.3519999980926514,1.3706669807434082,1.3173329830169678,1.3346669673919678,10623000,1.214553713798523,-0.06535924905492407
2015-09-23,1.3386670351028442,1.3580000400543213,1.3006670475006104,1.3040000200271606,5457000,1.1866463422775269,-0.022977228113116865
2015-09-24,1.2699999809265137,1.3240000009536743,1.1959999799728394,1.2986669540405273,11694000,1.1817935705184937,-0.0040897744668150215
2015-09-25,1.352666974067688,1.378000020980835,1.281999945640564,1.3186670541763306,14334000,1.19999361038208,0.01540048437636532
2015-09-28,1.2906670570373535,1.3173329830169678,1.2086670398712158,1.2086670398712158,19645500,1.0998930931091309,-0.08341757986349574
2015-09-29,1.224666953086853,1.2686669826507568,1.1893329620361328,1.23533296585083,8577000,1.1241589784622192,0.0220622595801534
2015-09-30,1.2913329601287842,1.3799999952316284,1.2906670570373535,1.3733329772949219,11164500,1.2497398853302002,0.1117107818368992
2015-10-01,1.3706669807434082,1.3706669807434082,1.2566670179367065,1.3279999494552612,11292000,1.208486557006836,-0.03300949484876847
2015-10-02,1.2826670408248901,1.4133330583572388,1.2713329792022705,1.4133330583572388,11044500,1.2861402034759521,0.06425686155860233
2015-10-05,1.4520000219345093,1.5140000581741333,1.4359999895095825,1.4919999837875366,11214000,1.3577276468276978,0.05566057127520585
2015-10-06,1.5073330402374268,1.5199999809265137,1.4266669750213623,1.5073330402374268,10017000,1.371680498123169,0.010276847598192473
2015-10-07,1.542667031288147,1.5953329801559448,1.4900000095367432,1.5753329992294312,13086000,1.4335607290267944,0.04511276352125426
2015-10-08,1.5579999685287476,1.6053329706192017,1.5213329792022705,1.6046669483184814,10491000,1.4602547883987427,0.01862079262187666
2015-10-09,1.5959999561309814,1.6119999885559082,1.5386669635772705,1.562000036239624,9637500,1.421427607536316,-0.026589263350608516
2015-10-12,1.562000036239624,1.5766669511795044,1.5440000295639038,1.5686670541763306,3466500,1.4274948835372925,0.004268257222808325
2015-10-13,1.5313329696655273,1.559999942779541,1.504667043685913,1.5053329467773438,5832000,1.3698606491088867,-0.040374474130995264
2015-10-14,1.5333329439163208,1.7146669626235962,1.5186669826507568,1.675333023071289,12873000,1.5245614051818848,0.11293187773368407
2015-10-15,1.7126669883728027,1.7586669921875,1.6779999732971191,1.7253329753875732,7219500,1.5700616836547852,0.029844784068436825
2015-10-16,1.7333329916000366,1.7386670112609863,1.690000057220459,1.7319999933242798,3847500,1.5761284828186035,0.0038641920323865264
2015-10-19,1.707332968711853,1.76466703414917,1.692667007446289,1.7313330173492432,3388500,1.57552170753479,-0.00038509005635534166
2015-10-20,1.7213330268859863,1.7433329820632935,1.6979999542236328,1.7233330011367798,3612000,1.5682417154312134,-0.004620726418486321
2015-10-21,1.7799999713897705,1.8320000171661377,1.7319999933242798,1.7326669692993164,7911000,1.5767356157302856,0.005416230151908952
2015-10-22,1.807332992553711,1.9220000505447388,1.807332992553711,1.908666968345642,9553500,1.73689603805542,0.10157751152692618
2015-10-23,1.9686670303344727,1.9986670017242432,1.9046670198440552,1.9833329916000366,12801000,1.8048433065414429,0.03911946111746878
2015-10-26,1.9566669464111328,1.9593329429626465,1.8466670513153076,1.8646670579910278,7888500,1.6968562602996826,-0.0598315734733359
2015-10-27,1.8266669511795044,1.8646670579910278,1.8126670122146606,1.8259999752044678,5899500,1.6616688966751099,-0.020736722205099478
2015-10-28,1.8606669902801514,1.9220000505447388,1.8420000076293945,1.920667052268982,7332000,1.7478169202804565,0.05184396404710445
2015-10-29,1.8053330183029175,1.8113329410552979,1.7366670370101929,1.7519999742507935,7363500,1.5943289995193481,-0.08781692684264741
2015-10-30,1.7633329629898071,1.8133330345153809,1.7633329629898071,1.7966669797897339,4933500,1.6349756717681885,0.025494866549893302
2015-11-02,1.8140000104904175,1.850000023841858,1.8046669960021973,1.8420000076293945,4515000,1.6762291193008423,0.025231736515225478
2015-11-03,1.8366669416427612,1.8919999599456787,1.829332947731018,1.869333028793335,3586500,1.701102375984192,0.014838773643175651
2015-11-04,1.8753329515457153,1.899999976158142,1.8466670513153076,1.8893330097198486,4272000,1.7193024158477783,0.010698992966183152
2015-11-05,1.8673330545425415,1.8673330545425415,1.7586669921875,1.7713329792022705,6928500,1.6119219064712524,-0.062455919581416275
2015-11-06,1.7993329763412476,1.909999966621399,1.7993329763412476,1.9046670198440552,7741500,1.7332563400268555,0.07527327848987064
2015-11-09,1.8906669616699219,1.8906669616699219,1.8226670026779175,1.8506669998168945,4533000,1.6841161251068115,-0.02835142282853298
2015-11-10,1.7920000553131104,1.7999999523162842,1.7333329916000366,1.75,6873000,1.5925089120864868,-0.05439498290446343
2015-11-11,1.7619999647140503,1.812000036239624,1.75,1.753999948501587,6765000,1.5961484909057617,0.002285684858049697
2015-11-12,1.73533296585083,1.7586669921875,1.6873329877853394,1.6893329620361328,5874000,1.5373015403747559,-0.03686829439231054
2015-11-13,1.6846669912338257,1.7039999961853027,1.6213330030441284,1.6419999599456787,8245500,1.4942280054092407,-0.028018752462749652
2015-11-16,1.6393330097198486,1.7053329944610596,1.6380000114440918,1.7033330202102661,4926000,1.5500415563583374,0.03735265637072027
2015-11-17,1.7053329944610596,1.7760000228881836,1.7020000219345093,1.7366670370101929,5721000,1.5803759098052979,0.019569876474191616
2015-11-18,1.7386670112609863,1.792667031288147,1.7053329944610596,1.7879999876022339,7293000,1.627089023590088,0.029558314575034883
2015-11-19,1.797333002090454,1.8473329544067383,1.7699999809265137,1.8006670475006104,4227000,1.6386157274246216,0.007084485450899569
2015-11-20,1.8233330249786377,1.8466670513153076,1.8020000457763672,1.8193329572677612,4059000,1.6556020975112915,0.010366108378036865
2015-11-23,1.8226670026779175,1.8226670026779175,1.7433329820632935,1.7466670274734497,4002000,1.5894757509231567,-0.03994097369809635
2015-11-24,1.7333329916000366,1.824666976928711,1.694000005722046,1.8140000104904175,6042000,1.6507489681243896,0.038549409794701894
2015-11-25,1.8226670026779175,1.8466670513153076,1.7960000038146973,1.8186670541763306,2290500,1.6549961566925049,0.00257279143270317
2015-11-27,1.835332989692688,1.8639999628067017,1.8279999494552612,1.8593330383300781,1800000,1.6920021772384644,0.02236032376589403
2015-11-30,1.8660000562667847,1.9193329811096191,1.8553329706192017,1.9160000085830688,4113000,1.7435696125030518,0.030477041543824246
2015-12-01,1.9273329973220825,1.99399995803833,1.9273329973220825,1.9906669855117798,8346000,1.8115167617797852,0.0389702383059638
2015-12-02,2.001332998275757,2.0299999713897705,1.952666997909546,1.9626669883728027,9337500,1.7860366106033325,-0.014065635961596379
2015-12-03,2.0313329696655273,2.049999952316284,1.897333025932312,1.9259999990463257,6945000,1.7526699304580688,-0.01868222655381635
2015-12-04,1.9413330554962158,2.0446670055389404,1.909999966621399,2.0326669216156006,6492000,1.849737286567688,0.055382618183848376
2015-12-07,2.0213329792022705,2.0213329792022705,1.9666670560836792,1.974666953086853,3729000,1.7969568967819214,-0.028533926494286654
2015-12-08,1.8933329582214355,1.9459999799728394,1.8706669807434082,1.9266669750213623,6631500,1.7532763481140137,-0.024307885433771936
2015-12-09,1.9106669425964355,1.935333013534546,1.8253329992294312,1.850000023841858,6715500,1.683509349822998,-0.039792528845652875
2015-12-10,1.8513330221176147,1.925333023071289,1.850000023841858,1.8819999694824219,5155500,1.7126291990280151,0.01729726769090001
2015-12-11,1.8273329734802246,1.8426669836044312,1.762666940689087,1.7713329792022705,7531500,1.6119219064712524,-0.0588028650768716
2015-12-14,1.7686669826507568,1.7906670570373535,1.684000015258789,1.737333059310913,8115000,1.5809816122055054,-0.019194538966168517
2015-12-15,1.7740000486373901,1.8386670351028442,1.7633329629898071,1.8173329830169678,5202000,1.6537820100784302,0.046047545850411264
2015-12-16,1.835332989692688,1.8706669807434082,1.7719999551773071,1.8593330383300781,5487000,1.6920021772384644,0.023110819924362813
2015-12-17,1.8899999856948853,1.9106669425964355,1.7773330211639404,1.7773330211639404,5890500,1.6173821687698364,-0.04410184484205382
2015-12-18,1.7400000095367432,1.7666670083999634,1.7066669464111328,1.7146669626235962,5401500,1.560355544090271,-0.03525847873985122
2015-12-21,1.7580000162124634,1.8106670379638672,1.7446670532226562,1.809999942779541,3751500,1.647108554840088,0.05559854026118094
2015-12-22,1.8320000171661377,1.835332989692688,1.773332953453064,1.8166669607162476,2517000,1.6531758308410645,0.0036834354405936853
2015-12-23,1.8320000171661377,1.8580000400543213,1.809999942779541,1.8559999465942383,3277500,1.6889691352844238,0.02165118138246047
2015-12-24,1.8473329544067383,1.8940000534057617,1.8433330059051514,1.8753329515457153,1558500,1.7065622806549072,0.010416490036518233
2015-12-28,1.8533329963684082,1.8533329963684082,1.7960000038146973,1.8533329963684082,3654000,1.6865419149398804,-0.01173122626527412
2015-12-29,1.8899999856948853,1.9420000314712524,1.8673330545425415,1.920667052268982,5613000,1.7478169202804565,0.03633133173181191
2015-12-30,1.909999966621399,1.9286669492721558,1.8593330383300781,1.8613330125808716,3543000,1.6938225030899048,-0.030892412934358404
2015-12-31,1.8373329639434814,1.8459999561309814,1.7846670150756836,1.7846670150756836,2239500,1.6240559816360474,-0.0411887593391389
2016-01-04,1.6826670169830322,1.7253329753875732,1.6486669778823853,1.7239999771118164,6852000,1.5688484907150269,-0.033993477467444744
2016-01-05,1.74399995803833,1.745332956314087,1.6660000085830688,1.670667052268982,7008000,1.520315408706665,-0.030935571665251405
2016-01-06,1.5893330574035645,1.5920000076293945,1.4913330078125,1.5360000133514404,8817000,1.3977676630020142,-0.08060674850482397
2016-01-07,1.4193329811096191,1.4826669692993164,1.3680000305175781,1.3786669969558716,8475000,1.254593849182129,-0.10243034832550535
2016-01-08,1.4079999923706055,1.420667052268982,1.3066669702529907,1.3106670379638672,9717000,1.1927136182785034,-0.04932297584706813
2016-01-11,1.3333330154418945,1.3666670322418213,1.2766669988632202,1.3306670188903809,9301500,1.2109135389328003,0.01525939109415897
2016-01-12,1.378000020980835,1.401332974433899,1.307332992553711,1.3639999628067017,8331000,1.2412464618682861,0.0250498009217337
2016-01-13,1.3666670322418213,1.3946670293807983,1.230666995048523,1.2346669435501099,6531000,1.1235532760620117,-0.09481893165925259
2016-01-14,1.2506669759750366,1.3306670188903809,1.1979999542236328,1.3106670379638672,8373000,1.1927136182785034,0.061555138258767794
2016-01-15,1.1526670455932617,1.1813329458236694,1.0806670188903809,1.1339999437332153,12220500,1.031945824623108,-0.13479174276413153
2016-01-19,1.1933330297470093,1.2120000123977661,1.1073329448699951,1.1380000114440918,9246000,1.0355857610702515,0.0035273967454600985
2016-01-20,1.0933330059051514,1.1953330039978027,1.0640000104904175,1.159999966621399,11091000,1.0556060075759888,0.019332122105508498
2016-01-21,1.1920000314712524,1.25600004196167,1.156000018119812,1.2079999446868896,13318500,1.0992859601974487,0.04137929262644269
2016-01-22,1.2760000228881836,1.3040000200271606,1.254667043685913,1.2786669731140137,12348000,1.163593053817749,0.05849919839643758
2016-01-25,1.26466703414917,1.2773330211639404,1.215999960899353,1.2239999771118164,7657500,1.113845944404602,-0.04275311488578104
2016-01-26,1.2433329820632935,1.2886669635772705,1.2213330268859863,1.2599999904632568,7986000,1.1466059684753418,0.02941177616390722
2016-01-27,1.2380000352859497,1.2860000133514404,1.1959999799728394,1.2153329849243164,9180000,1.1059590578079224,-0.03545000466430004
2016-01-28,1.245332956314087,1.2506669759750366,1.1779999732971191,1.2046669721603394,6303000,1.096252679824829,-0.008776206106708484
2016-01-29,1.224666953086853,1.3700000047683716,1.224666953086853,1.3673330545425415,11986500,1.2442797422409058,0.13502991792868002
2016-02-01,1.3386670351028442,1.408666968345642,1.3266669511795044,1.3880000114440918,8037000,1.2630870342254639,0.015114793599767529
2016-02-02,1.3426669836044312,1.3426669836044312,1.2366670370101929,1.2506669759750366,8760000,1.138113021850586,-0.09894310831177322
2016-02-03,1.2940000295639038,1.2999999523162842,1.1826670169830322,1.2606669664382935,9664500,1.1472132205963135,0.00799572600488685
2016-02-04,1.2666670083999634,1.3480000495910645,1.2573330402374268,1.3226670026779175,13746000,1.2036335468292236,0.049180344920744634
2016-02-05,1.3106670379638672,1.3106670379638672,1.1713329553604126,1.1886670589447021,16936500,1.0816928148269653,-0.10131041559358056
2016-02-08,1.1293330192565918,1.1333329677581787,1.0433330535888672,1.0966670513153076,10143000,0.9979726076126099,-0.07739762529557437
2016-02-09,1.055999994277954,1.1380000114440918,1.047333002090454,1.0753329992294312,6549000,0.9785584211349487,-0.019453536112249425
2016-02-10,1.113332986831665,1.1353329420089722,1.0506670475006104,1.0520000457763672,13690500,0.9573253393173218,-0.021698351552295048
2016-02-11,1.0,1.047333002090454,0.9886670112609863,1.027999997138977,18111000,0.9354850649833679,-0.022813733453479368
2016-02-12,1.0800000429153442,1.1006669998168945,1.019333004951477,1.0959999561309814,14359500,0.9973653554916382,0.06614782021522836
2016-02-16,1.1446670293807983,1.230666995048523,1.1293330192565918,1.2120000123977661,19578000,1.102926254272461,0.10583947163308238
2016-02-17,1.237333059310913,1.3066669702529907,1.2313330173492432,1.2986669540405273,18730500,1.1817935705184937,0.07150737686157549
2016-02-18,1.3300000429153442,1.3306670188903809,1.275333046913147,1.277999997138977,11878500,1.162986159324646,-0.015913977665520385
2016-02-19,1.2746670246124268,1.3193329572677612,1.2699999809265137,1.2953330278396606,7744500,1.1787595748901367,0.013562621861883173
2016-02-22,1.3420000076293945,1.3793330192565918,1.3380000591278076,1.3566670417785645,8479500,1.2345737218856812,0.04734999619456626
2016-02-23,1.3266669511795044,1.3480000495910645,1.2853330373764038,1.2906670570373535,5545500,1.1745134592056274,-0.04864862395027025
2016-02-24,1.2466670274734497,1.3533329963684082,1.2233330011367798,1.3446669578552246,14658000,1.2236533164978027,0.041838753475140544
2016-02-25,1.3639999628067017,1.3980000019073486,1.312000036239624,1.3966670036315918,9294000,1.2709736824035645,0.03867131966959936
2016-02-26,1.4279999732971191,1.4359999895095825,1.4006669521331787,1.4179999828338623,11154000,1.2903867959976196,0.015274205767588755
2016-02-29,1.440000057220459,1.4839999675750732,1.4106669425964355,1.4106669425964355,15354000,1.2837138175964355,-0.005171396562905217
2016-03-01,1.463333010673523,1.5293329954147339,1.440000057220459,1.527999997138977,12424500,1.3904873132705688,0.08317558950277903
2016-03-02,1.5306669473648071,1.5546669960021973,1.5113329887390137,1.5540000200271606,8562000,1.4141478538513184,0.017015721817320584
2016-03-03,1.553333044052124,1.5666669607162476,1.5246670246124268,1.557332992553711,9262500,1.4171808958053589,0.002144769937964419
2016-03-04,1.591333031654358,1.6453330516815186,1.5553330183029175,1.6066670417785645,17245500,1.4620749950408936,0.031678548814377594
2016-03-07,1.5693329572677612,1.6460000276565552,1.557332992553711,1.6246670484542847,13198500,1.4784550666809082,0.011203321041423964
2016-03-08,1.585332989692688,1.590000033378601,1.5093330144882202,1.5140000581741333,13114500,1.3777475357055664,-0.06811671990605117
2016-03-09,1.5353330373764038,1.5633330345153809,1.51466703414917,1.551332950592041,10950000,1.4117207527160645,0.024658448469896843
2016-03-10,1.5759999752044678,1.6166670322418213,1.5080000162124634,1.5720000267028809,10504500,1.4305278062820435,0.013322140874370447
2016-03-11,1.6180000305175781,1.6660000085830688,1.6139999628067017,1.6653330326080322,10131000,1.5154614448547363,0.05937214015250891
2016-03-14,1.6540000438690186,1.6679999828338623,1.628000020980835,1.6460000276565552,10215000,1.4978679418563843,-0.011609092339446514
2016-03-15,1.6293330192565918,1.636667013168335,1.5959999561309814,1.636667013168335,10891500,1.4893747568130493,-0.005670118062821583
2016-03-16,1.6239999532699585,1.6886670589447021,1.6073329448699951,1.6820000410079956,12388500,1.5306288003921509,0.027698381817998996
2016-03-17,1.6740000247955322,1.7286670207977295,1.659999966621399,1.7186670303344727,10372500,1.5639954805374146,0.021799636404588485
2016-03-18,1.7293330430984497,1.7906670570373535,1.713333010673523,1.7873330116271973,9391500,1.6264817714691162,0.039953045052223635
2016-03-21,1.7666670083999634,1.797333002090454,1.7446670532226562,1.7960000038146973,6912000,1.634368896484375,0.004849119963161952
2016-03-22,1.775333046913147,1.8086669445037842,1.7519999742507935,1.7913329601287842,6469500,1.6301219463348389,-0.002598576657015794
2016-03-23,1.781999945640564,1.7833329439163208,1.7166670560836792,1.7193330526351929,7260000,1.5646016597747803,-0.04019348110940524
2016-03-24,1.6806670427322388,1.7166670560836792,1.658666968345642,1.7153329849243164,10165500,1.560961365699768,-0.0023265228948781136
2016-03-28,1.7433329820632935,1.7433329820632935,1.690000057220459,1.713333010673523,8259000,1.5591412782669067,-0.001165939364759394
2016-03-29,1.6959999799728394,1.7879999876022339,1.6660000085830688,1.7786669731140137,8484000,1.6185957193374634,0.03813267008426302
2016-03-30,1.812000036239624,1.863332986831665,1.8079999685287476,1.8320000171661377,8788500,1.6671291589736938,0.02998483969078869
2016-03-31,1.8153330087661743,1.8273329734802246,1.797333002090454,1.8006670475006104,6111000,1.6386157274246216,-0.017103149220487057
2016-04-01,1.7746670246124268,1.8373329639434814,1.7419999837875366,1.8359999656677246,8401500,1.6707690954208374,0.019622127375606535
2016-04-04,1.8359999656677246,1.8380000591278076,1.7766669988632202,1.7853330373764038,6859500,1.6246615648269653,-0.027596366687781537
2016-04-05,1.7419999837875366,1.7933330535888672,1.726667046546936,1.7533329725265503,4804500,1.5955413579940796,-0.017923863043994626
2016-04-06,1.7513329982757568,1.8113329410552979,1.7066669464111328,1.8066669702529907,7842000,1.6440759897232056,0.030418636141648747
2016-04-07,1.7786669731140137,1.786666989326477,1.7046669721603394,1.722000002861023,4113000,1.567028522491455,-0.04686362721299531
2016-04-08,1.7726670503616333,1.7966669797897339,1.730666995048523,1.7480000257492065,5931000,1.5906888246536255,0.015098735682337772
2016-04-11,1.7760000228881836,1.824666976928711,1.745332956314087,1.745332956314087,4776000,1.5882618427276611,-0.001525783407226533
2016-04-12,1.7519999742507935,1.7706669569015503,1.6720000505447388,1.7400000095367432,6948000,1.5834083557128906,-0.00305554694194643
2016-04-13,1.7746670246124268,1.8613330125808716,1.7699999809265137,1.858667016029358,8346000,1.6913962364196777,0.06819942864495077
2016-04-14,1.8086669445037842,1.8220000267028809,1.7580000162124634,1.8133330345153809,7392000,1.650141954421997,-0.024390588052088713
2016-04-15,1.8173329830169678,1.8173329830169678,1.7633329629898071,1.76466703414917,4174500,1.6058557033538818,-0.026837872271607943
2016-04-18,1.7333329916000366,1.781999945640564,1.7333329916000366,1.7673330307006836,5779500,1.6082819700241089,0.001510764637136841
2016-04-19,1.775333046913147,1.784000039100647,1.6806670427322388,1.7000000476837158,7656000,1.5470085144042969,-0.038098638936359785
2016-04-20,1.690000057220459,1.7740000486373901,1.6866669654846191,1.75,6774000,1.5925089120864868,0.02941173583166079
2016-04-21,1.7513329982757568,1.7513329982757568,1.6953330039978027,1.7193330526351929,3598500,1.5646016597747803,-0.017523969922746963
2016-04-22,1.7233330011367798,1.7746670246124268,1.687999963760376,1.7286670207977295,4846500,1.5730953216552734,0.005428830759828918
2016-04-25,1.7093329429626465,1.7406669855117798,1.685333013534546,1.6973329782485962,3564000,1.5445815324783325,-0.018126129654902234
2016-04-26,1.7359999418258667,1.8126670122146606,1.7259999513626099,1.7653330564498901,5229000,1.606461763381958,0.04006289813060748
2016-04-27,1.7146669626235962,1.8286670446395874,1.7086670398712158,1.8220000267028809,7045500,1.6580290794372559,0.03209987489100152
2016-04-28,1.784000039100647,1.820667028427124,1.6640000343322754,1.675333023071289,8776500,1.5245614051818848,-0.08049780542374785
2016-04-29,1.6606669425964355,1.6606669425964355,1.50600004196167,1.5466669797897339,10438500,1.4074746370315552,-0.0768002788160167
2016-05-02,1.5526670217514038,1.585332989692688,1.5213329792022705,1.5786670446395874,4453500,1.4365947246551514,0.020689692912564617
2016-05-03,1.536666989326477,1.5546669960021973,1.503999948501587,1.5260000228881836,4360500,1.3886677026748657,-0.033361703425834
2016-05-04,1.4866670370101929,1.523332953453064,1.457332968711853,1.4713330268859863,4780500,1.33892023563385,-0.035823718992304965
2016-05-05,1.5140000581741333,1.5273330211639404,1.4686670303344727,1.4826669692993164,5563500,1.3492342233657837,0.007703179502004387
2016-05-06,1.4686670303344727,1.4893330335617065,1.4286669492721558,1.4886670112609863,3399000,1.3546943664550781,0.004046790065408645
2016-05-09,1.4946670532226562,1.523332953453064,1.4713330268859863,1.4819999933242798,3502500,1.3486273288726807,-0.004478515266526428
2016-05-10,1.49733304977417,1.5386669635772705,1.4706670045852661,1.5373330116271973,4980000,1.3989803791046143,0.037336719670827856
2016-05-11,1.527999997138977,1.5673329830169678,1.5206669569015503,1.523332953453064,7488000,1.3862406015396118,-0.009106717977333312
2016-05-12,1.5406670570373535,1.5433330535888672,1.4066669940948486,1.442667007446289,8350500,1.3128340244293213,-0.05295358826441898
2016-05-13,1.4479999542236328,1.49399995803833,1.4459999799728394,1.4600000381469727,6027000,1.3286073207855225,0.012014574819566581
2016-05-16,1.4693330526351929,1.5593329668045044,1.468000054359436,1.527999997138977,8338500,1.3904873132705688,0.04657531316116237
2016-05-17,1.5266669988632202,1.5486669540405273,1.4866670370101929,1.4980000257492065,4624500,1.3631876707077026,-0.019633489166192675
2016-05-18,1.4693330526351929,1.6093330383300781,1.4693330526351929,1.570667028427124,10564500,1.4293148517608643,0.04850934674822449
2016-05-19,1.5520000457763672,1.5826669931411743,1.5019999742507935,1.5399999618530273,5457000,1.4014075994491577,-0.019524868109574323
2016-05-20,1.6160000562667847,1.6873329877853394,1.6013330221176147,1.6833330392837524,9211500,1.5318411588668823,0.09307342920856798
2016-05-23,1.7313330173492432,1.7653330564498901,1.7106670141220093,1.7200000286102295,6511500,1.5652087926864624,0.021782373701925595
2016-05-24,1.7599999904632568,1.8493330478668213,1.75,1.8446669578552246,9954000,1.6786565780639648,0.07248077161122302
2016-05-25,1.8733329772949219,1.8899999856948853,1.8333330154418945,1.8773330450057983,10669500,1.7083821296691895,0.017708392841033094
2016-05-26,1.8986669778823853,1.9079999923706055,1.8700000047683716,1.8960000276565552,4302000,1.7253695726394653,0.009943351660706146
2016-05-27,1.8960000276565552,1.940000057220459,1.8960000276565552,1.9306670427322388,3603000,1.7569162845611572,0.01828429038502266
2016-05-31,1.946666955947876,1.968000054359436,1.9240000247955322,1.9620000123977661,4935000,1.7854300737380981,0.016229090242917188
2016-06-01,1.9626669883728027,2.000667095184326,1.935333013534546,1.996000051498413,4663500,1.816369891166687,0.017329275680837197
2016-06-02,1.974666953086853,1.9946670532226562,1.957332968711853,1.9946670532226562,3682500,1.8151569366455078,-0.0006678347902627779
2016-06-03,2.0439999103546143,2.053999900817871,1.976667046546936,2.0133330821990967,4863000,1.8321430683135986,0.009357967258888156
2016-06-06,2.0253329277038574,2.0486669540405273,1.9866670370101929,1.9980000257492065,4572000,1.8181898593902588,-0.007615757464801809
2016-06-07,2.0239999294281006,2.0673329830169678,2.0239999294281006,2.0566670894622803,5604000,1.8715770244598389,0.029362894372874093
2016-06-08,2.0546669960021973,2.069333076477051,2.0346670150756836,2.051332950592041,4368000,1.8667232990264893,-0.0025935840066531046
2016-06-09,2.00600004196167,2.062666893005371,1.9886670112609863,2.059333086013794,5599500,1.8740031719207764,0.0038999692465544467
2016-06-10,1.99399995803833,1.99399995803833,1.935333013534546,1.9559999704360962,5686500,1.7799696922302246,-0.0501779514346159
2016-06-13,1.920667052268982,1.99399995803833,1.9153330326080322,1.929332971572876,5010000,1.7557024955749512,-0.013633435207708433
2016-06-14,1.9006669521331787,1.9393329620361328,1.8713330030441284,1.9240000247955322,6199500,1.7508492469787598,-0.002764140174827401
2016-06-15,1.9539999961853027,1.9686670303344727,1.9160000085830688,1.9246670007705688,3606000,1.751456379890442,0.0003466611052187485
2016-06-16,1.8553329706192017,1.9273329973220825,1.824666976928711,1.9226670265197754,7249500,1.7496367692947388,-0.0010391274178820353
2016-06-17,1.9126670360565186,1.9266669750213623,1.8339999914169312,1.8746670484542847,3912000,1.7059565782546997,-0.02496530985522527
2016-06-20,1.9653329849243164,2.0073330402374268,1.9346669912338257,1.937999963760376,5973000,1.76358962059021,0.033783553916046705
2016-06-21,1.9673329591751099,1.9700000286102295,1.9346669912338257,1.9579999446868896,2568000,1.781789779663086,0.010319907791797256
2016-06-22,1.9559999704360962,2.0133330821990967,1.944000005722046,1.9493329524993896,3489000,1.773902416229248,-0.004426451701910472
2016-06-23,2.0306670665740967,2.1026670932769775,2.0139999389648438,2.101332902908325,5671500,1.9122231006622314,0.07797536599073274
2016-06-24,1.8166669607162476,1.9246670007705688,1.730666995048523,1.7466670274734497,11479500,1.5894757509231567,-0.16878138392255904
2016-06-27,1.6846669912338257,1.6846669912338257,1.5066670179367065,1.5386669635772705,11446500,1.4001942873001099,-0.11908398144839938
2016-06-28,1.6119999885559082,1.6713329553604126,1.6006669998168945,1.6619999408721924,14646000,1.5124281644821167,0.08015573234131379
2016-06-29,1.7233330011367798,1.7799999713897705,1.7020000219345093,1.7619999647140503,9870000,1.6034289598464966,0.06016848820667198
2016-06-30,1.7726670503616333,1.8580000400543213,1.7553329467773438,1.8580000400543213,5794500,1.690789818763733,0.05448358527966857
2016-07-01,1.8046669960021973,1.824666976928711,1.7893329858779907,1.7979999780654907,4080000,1.6361891031265259,-0.03229282061106753
2016-07-05,1.7606669664382935,1.7613329887390137,1.6740000247955322,1.707332968711853,4137000,1.5536813735961914,-0.050426590911968994
2016-07-06,1.6726670265197754,1.722000002861023,1.6206669807434082,1.7146669626235962,6273000,1.560355544090271,0.004295585012498382
2016-07-07,1.7259999513626099,1.8140000104904175,1.7259999513626099,1.7773330211639404,6213000,1.6173821687698364,0.03654707293389459
2016-07-08,1.829332947731018,1.9286669492721558,1.8273329734802246,1.9266669750213623,9957000,1.7532763481140137,0.08402136914084113
2016-07-11,1.968000054359436,2.01466703414917,1.9646669626235962,1.9900000095367432,9292500,1.8109099864959717,0.03287181196152411
2016-07-12,2.041332960128784,2.0886669158935547,2.0366671085357666,2.0713329315185547,6894000,1.8849235773086548,0.040870814870370475
2016-07-13,2.0933330059051514,2.1146669387817383,2.0653328895568848,2.076667070388794,5205000,1.889777421951294,0.002575220424043012
2016-07-14,2.134000062942505,2.140000104904175,2.0820000171661377,2.121999979019165,6063000,1.9310301542282104,0.021829646781986956
2016-07-15,2.124666929244995,2.129333019256592,2.0933330059051514,2.117332935333252,4302000,1.9267830848693848,-0.002199360853938459
2016-07-18,2.181333065032959,2.2233328819274902,2.179332971572876,2.2126669883728027,5875500,2.013537883758545,0.04502553729205849
2016-07-19,2.198667049407959,2.2060000896453857,2.1686670780181885,2.186666965484619,3187500,1.989877700805664,-0.011750535902966597
2016-07-20,2.2113330364227295,2.310667037963867,2.2060000896453857,2.2920000553131104,6294000,2.0857319831848145,0.048170613765661674
2016-07-21,2.2946670055389404,2.303999900817871,2.2160000801086426,2.24399995803833,5059500,2.042050361633301,-0.020942450312560257
2016-07-22,2.22933292388916,2.2806670665740967,2.180666923522949,2.2793331146240234,5407500,2.074204683303833,0.015745613746170006
2016-07-25,2.2853329181671143,2.330667018890381,2.2853329181671143,2.315999984741211,4806000,2.107571601867676,0.01608666582428686
2016-07-26,2.382667064666748,2.618666887283325,2.382667064666748,2.5986669063568115,15642000,2.3647992610931396,0.12204962153623922
2016-07-27,2.6566669940948486,2.6606669425964355,2.5353329181671143,2.582667112350464,8205000,2.3502399921417236,-0.006156923754717991
2016-07-28,2.5333330631256104,2.5959999561309814,2.504667043685913,2.5420000553131104,5161500,2.313232898712158,-0.015746147400445554
2016-07-29,2.5446670055389404,2.562000036239624,2.4746670722961426,2.50333309173584,5205000,2.2780449390411377,-0.01521123632411081
2016-08-01,2.5366671085357666,2.5446670055389404,2.4886670112609863,2.516666889190674,3016500,2.2901787757873535,0.005326417606531297
2016-08-02,2.501332998275757,2.501332998275757,2.355333089828491,2.3959999084472656,7983000,2.1803717613220215,-0.04794714042676229
2016-08-03,2.3540000915527344,2.4126670360565186,2.3540000915527344,2.4126670360565186,4182000,2.1955392360687256,0.006956230486692361
2016-08-04,2.430666923522949,2.4773330688476562,2.413332939147949,2.4753329753875732,5209500,2.252565383911133,0.025973720531897948
2016-08-05,2.5220000743865967,2.5759999752044678,2.509999990463257,2.569999933242798,5161500,2.338712692260742,0.03824413070746657
2016-08-08,2.5940001010894775,2.614000082015991,2.547333002090454,2.559333086013794,3063000,2.329005718231201,-0.0041505243214323695
2016-08-09,2.5753331184387207,2.648667097091675,2.574666976928711,2.625333070755005,3786000,2.389065980911255,0.025787962146031962
2016-08-10,2.6353330612182617,2.6373329162597656,2.5360000133514404,2.564666986465454,5244000,2.333860158920288,-0.023107957220873332
2016-08-11,2.5833330154418945,2.609999895095825,2.5566670894622803,2.601332902908325,2359500,2.3672258853912354,0.014296560386345858
2016-08-12,2.5999999046325684,2.6526670455932617,2.5999999046325684,2.634666919708252,4086000,2.397559881210327,0.012814206425736163
2016-08-15,2.6593329906463623,2.762666940689087,2.6566669940948486,2.74399995803833,4903500,2.497053623199463,0.04149785975305953
2016-08-16,2.740000009536743,2.740000009536743,2.675333023071289,2.685333013534546,2446500,2.4436662197113037,-0.021380082143195422
2016-08-17,2.694000005722046,2.694000005722046,2.640000104904175,2.684000015258789,3484500,2.442453384399414,-0.0004963996156298611
2016-08-18,2.6706669330596924,2.743333101272583,2.6706669330596924,2.743333101272583,3172500,2.4964466094970703,0.022106216719999905
2016-08-19,2.75266695022583,2.8333330154418945,2.7446670532226562,2.814666986465454,4912500,2.5613601207733154,0.02600263349710641
2016-08-22,2.805999994277954,2.8406670093536377,2.7826669216156006,2.818000078201294,3501000,2.564394474029541,0.001184186886714178
2016-08-23,2.857332944869995,2.8973329067230225,2.8546669483184814,2.863332986831665,4677000,2.605647325515747,0.016086908222978646
2016-08-24,2.863332986831665,2.878667116165161,2.7639999389648438,2.7893331050872803,4705500,2.538306713104248,-0.025843966484061287
2016-08-25,2.8213329315185547,2.859333038330078,2.7613329887390137,2.8233330249786377,3475500,2.569246768951416,0.01218926482080862
2016-08-26,2.8413329124450684,2.923332929611206,2.799999952316284,2.8626670837402344,3075000,2.6050405502319336,0.013931781484366024
2016-08-29,2.879333019256592,2.927333116531372,2.879333019256592,2.8919999599456787,5029500,2.6317338943481445,0.010246694899331166
2016-08-30,2.8973329067230225,2.9433329105377197,2.8433330059051514,2.8666670322418213,4834500,2.6086814403533936,-0.008759657003706622
2016-08-31,2.871999979019165,2.881333112716675,2.822666883468628,2.868666887283325,2962500,2.610502004623413,0.0006976237627220883
2016-09-01,2.874000072479248,2.944000005722046,2.828666925430298,2.944000005722046,5970000,2.6790547370910645,0.026260671384561673
2016-09-02,2.9779999256134033,2.9779999256134033,2.888667106628418,2.927999973297119,4899000,2.6644949913024902,-0.005434793612034139
2016-09-06,2.9766669273376465,2.9766669273376465,2.861332893371582,2.9033329486846924,2661000,2.64204740524292,-0.008424530340637282
2016-09-07,2.9113330841064453,2.9240000247955322,2.8253331184387207,2.8393330574035645,4519500,2.5838069915771484,-0.02204359348800211
2016-09-08,2.813333034515381,2.8473329544067383,2.7753329277038574,2.826667070388794,4620000,2.5722813606262207,-0.004460902176214865
2016-09-09,2.7633330821990967,2.7633330821990967,2.501332998275757,2.5153329372406006,7638000,2.2889654636383057,-0.11014177665619851
2016-09-12,2.4606668949127197,2.673332929611206,2.433332920074463,2.6659998893737793,7582500,2.4260733127593994,0.05989940731204557
2016-09-13,2.620666980743408,2.692667007446289,2.552000045776367,2.5886669158935547,4434000,2.3556995391845703,-0.029007118037949198
2016-09-14,2.5966670513153076,2.680666923522949,2.564666986465454,2.6626670360565186,5754000,2.4230399131774902,0.02858618840014815
2016-09-15,2.6760001182556152,2.861999988555908,2.6626670360565186,2.8466670513153076,11305500,2.5904812812805176,0.06910365162716636
2016-09-16,2.9200000762939453,2.925333023071289,2.7826669216156006,2.8480000495910645,5265000,2.591693878173828,0.00046826630994334373
2016-09-19,2.913332939147949,2.9846670627593994,2.830667018890381,2.861999988555908,5494500,2.6044342517852783,0.0049157088205999955
2016-09-20,2.9013330936431885,2.913332939147949,2.7986669540405273,2.8259999752044678,3736500,2.571674108505249,-0.012578621067572127
2016-09-21,2.8626670837402344,2.947999954223633,2.8253331184387207,2.936666965484619,3955500,2.672381639480591,0.039160294144073404
2016-09-22,2.9866669178009033,3.0253329277038574,2.941999912261963,2.9706668853759766,4545000,2.7033214569091797,0.01157772409706892
2016-09-23,2.9646670818328857,2.9646670818328857,2.863332986831665,2.875999927520752,2404500,2.6171743869781494,-0.03186724109702499
2016-09-26,2.826667070388794,2.8413329124450684,2.75600004196167,2.7866671085357666,2850000,2.5358808040618896,-0.031061481653789302
2016-09-27,2.7799999713897705,2.937333106994629,2.766666889190674,2.936666965484619,4380000,2.672381639480591,0.05382769132681542
2016-09-28,2.954667091369629,3.0,2.9000000953674316,2.9560000896453857,4860000,2.689974546432495,0.006583356025042564
2016-09-29,2.9560000896453857,3.118000030517578,2.859999895095825,3.064666986465454,12943500,2.788862705230713,0.03676146600966601
2016-09-30,3.131999969482422,3.2660000324249268,3.125999927520752,3.2073330879211426,7447500,2.918689250946045,0.04655190990921598
2016-10-03,3.2133328914642334,3.2726669311523438,3.125333070755005,3.140666961669922,3537000,2.858022689819336,-0.020785532535515627
2016-10-04,3.191999912261963,3.2093329429626465,3.0833330154418945,3.1166670322418213,4381500,2.8361830711364746,-0.007641666474352826
2016-10-05,3.146667003631592,3.25333309173584,3.132667064666748,3.189332962036133,3516000,2.902308940887451,0.023315268856950233
2016-10-06,3.192667007446289,3.249332904815674,3.122667074203491,3.2446670532226562,4366500,2.952662706375122,0.01734973796878103
2016-10-07,3.2660000324249268,3.2853329181671143,3.1413331031799316,3.2260000705718994,4740000,2.935676097869873,-0.005753127314624296
2016-10-10,3.2746670246124268,3.312666893005371,3.1760001182556152,3.177999973297119,4125000,2.891995906829834,-0.01487913708144184
2016-10-11,3.163332939147949,3.1653330326080322,2.8940000534057617,2.97933292388916,11005500,2.711207866668701,-0.06251323193116498
2016-10-12,2.97933292388916,2.97933292388916,2.8606669902801514,2.946000099182129,4563000,2.680875062942505,-0.011188016095737052
2016-10-13,2.865333080291748,2.870666980743408,2.698667049407959,2.8393330574035645,7308000,2.5838069915771484,-0.03620741282669249
2016-10-14,2.9433329105377197,3.006666898727417,2.898667097091675,2.9086670875549316,8758500,2.6469008922576904,0.024419125459966162
2016-10-17,2.894666910171509,2.946666955947876,2.8566670417785645,2.859333038330078,3201000,2.6020069122314453,-0.016961050453637272
2016-10-18,2.992000102996826,2.99666690826416,2.938667058944702,2.9639999866485596,3852000,2.6972546577453613,0.036605371572808965
2016-10-19,2.884000062942505,2.934000015258789,2.8393330574035645,2.9200000762939453,4539000,2.657214641571045,-0.01484477414062535
2016-10-20,2.9146668910980225,3.01200008392334,2.8519999980926514,2.9826669692993164,4458000,2.7142412662506104,0.02146126416712546
2016-10-21,2.9059998989105225,2.9693329334259033,2.873332977294922,2.958667039871216,3619500,2.692401170730591,-0.00804646635884343
2016-10-24,3.0266671180725098,3.127332925796509,3.02066707611084,3.123332977294922,4044000,2.84224796295166,0.05565544726887328
2016-10-25,3.1513330936431885,3.1573328971862793,3.0959999561309814,3.115999937057495,4288500,2.835575580596924,-0.0023478253169720853
2016-10-26,3.0566670894622803,3.1559998989105225,3.041332960128784,3.0980000495910645,4497000,2.81919527053833,-0.005776600715668878
2016-10-27,3.190666913986206,3.2160000801086426,3.0446670055389404,3.0566670894622803,4950000,2.7815823554992676,-0.013341820357375411
2016-10-28,3.064666986465454,3.1493330001831055,2.990000009536743,3.003999948501587,5382000,2.733654737472534,-0.017230250929929802
2016-10-31,3.063999891281128,3.0933330059051514,3.0353329181671143,3.051332950592041,2971500,2.776728391647339,0.01575665875562482
2016-11-01,3.0773329734802246,3.122667074203491,2.864000082015991,2.9653329849243164,5791500,2.69846773147583,-0.028184392545899772
2016-11-02,2.9746670722961426,3.0260000228881836,2.882667064666748,2.9059998989105225,6438000,2.6444735527038574,-0.020008911753061742
2016-11-03,2.9200000762939453,2.9693329334259033,2.8586668968200684,2.886667013168335,5181000,2.6268811225891113,-0.006652748250072338
2016-11-04,2.8340001106262207,2.9146668910980225,2.7753329277038574,2.8359999656677246,2907000,2.5807735919952393,-0.017552092870247393
2016-11-07,2.99733304977417,3.0846669673919678,2.9606668949127197,3.0813329219818115,3789000,2.804028034210205,0.08650668522004867
2016-11-08,3.086667060852051,3.1553330421447754,3.0239999294281006,3.101332902908325,4149000,2.82222843170166,0.0064906913445919034
2016-11-09,2.886667013168335,3.0833330154418945,2.8466670513153076,3.052000045776367,8143500,2.7773354053497314,-0.01590698537577029
2016-11-10,3.121999979019165,3.1706669330596924,2.768666982650757,2.8606669902801514,11700000,2.6032211780548096,-0.06269103952373778
2016-11-11,2.9560000896453857,3.198667049407959,2.9533329010009766,3.183332920074463,8976000,2.8968491554260254,0.1127939501139601
2016-11-14,3.200000047683716,3.23533296585083,3.1046669483184814,3.130000114440918,3526500,2.8483152389526367,-0.01675376310696952
2016-11-15,3.185333013534546,3.3333330154418945,3.1459999084472656,3.310667037963867,5700000,3.012723922729492,0.05772105971798669
2016-11-16,3.2960000038146973,3.433332920074463,3.2860000133514404,3.425333023071289,6178500,3.117070198059082,0.03463531179443047
2016-11-17,3.52066707611084,3.5846669673919678,3.4033329486846924,3.5373330116271973,4744500,3.2189905643463135,0.03269754730460761
2016-11-18,3.555999994277954,3.624666929244995,3.5139999389648438,3.609999895095825,3157500,3.285118579864502,0.020542844914451797
2016-11-21,3.640666961669922,3.696000099182129,3.6046669483184814,3.6579999923706055,4183500,3.328798294067383,0.013296426224274516
2016-11-22,3.7633330821990967,3.811332941055298,3.72933292388916,3.8046669960021973,5646000,3.462266206741333,0.040094861655957104
2016-11-23,3.791332960128784,3.8380000591278076,3.747999906539917,3.819999933242798,3952500,3.4762191772460938,0.004030033970571445
2016-11-25,3.8559999465942383,3.8559999465942383,3.7846670150756836,3.8359999656677246,1351500,3.490779161453247,0.004188490236790132
2016-11-28,3.816667079925537,3.8526670932769775,3.7813329696655273,3.803999900817871,2221500,3.4616591930389404,-0.008342039920817168
2016-11-29,3.7880001068115234,3.8433330059051514,3.7246670722961426,3.7820000648498535,1993500,3.4416391849517822,-0.005783342939437941
2016-11-30,3.7873330116271973,3.801332950592041,3.7093329429626465,3.7139999866485596,1819500,3.379758596420288,-0.017979925181200063
2016-12-01,3.700666904449463,3.708667039871216,3.1046669483184814,3.1646668910980225,10963500,2.8798630237579346,-0.1479087500068207
2016-12-02,3.1519999504089355,3.3006670475006104,3.119999885559082,3.2873330116271973,6096000,2.991490125656128,0.038761147618482594
2016-12-05,3.369999885559082,3.436666965484619,3.303999900817871,3.4073328971862793,6199500,3.1006898880004883,0.036503720534136974
2016-12-06,3.441999912261963,3.558666944503784,3.440666913986206,3.5486669540405273,4474500,3.2293050289154053,0.041479380242229746
2016-12-07,3.5333330631256104,3.793333053588867,3.504667043685913,3.7733330726623535,6499500,3.4337522983551025,0.06331000387794083
2016-12-08,3.7826669216156006,3.930000066757202,3.7826669216156006,3.869999885559082,7072500,3.521719217300415,0.02561841508163587
2016-12-09,3.9800000190734863,3.9860000610351562,3.7426669597625732,3.8213329315185547,5371500,3.477431297302246,-0.01257544069242178
2016-12-12,3.7746670246124268,3.7966670989990234,3.640666961669922,3.7346670627593994,3918000,3.3985652923583984,-0.02267948653317553
2016-12-13,3.7866671085357666,3.937333106994629,3.754667043685913,3.8606669902801514,6130500,3.51322603225708,0.03373792774653794
2016-12-14,3.8666670322418213,3.9260001182556152,3.811332941055298,3.8519999980926514,5143500,3.5053398609161377,-0.0022449468470915335
2016-12-15,3.888000011444092,4.1046671867370605,3.877332925796509,4.054666996002197,7221000,3.689767599105835,0.05261344704306814
2016-12-16,4.133333206176758,4.1453328132629395,3.871999979019165,3.9226670265197754,4263000,3.5696463584899902,-0.03255507039482419
2016-12-19,4.0,4.090000152587891,3.946666955947876,4.044666767120361,4107000,3.6806671619415283,0.031101222656878313
2016-12-20,3.996000051498413,3.996000051498413,3.919332981109619,3.9686670303344727,5374500,3.783893585205078,-0.018790110820426698
2016-12-21,4.000667095184326,4.017333030700684,3.952666997909546,3.9686670303344727,2376000,3.783893585205078,0.0
2016-12-22,4.111332893371582,4.128666877746582,3.9826669692993164,4.03266716003418,3078000,3.844914436340332,0.016126354065615134
2016-12-23,4.006667137145996,4.0960001945495605,3.9946670532226562,4.092667102813721,1362000,3.9021196365356445,0.014878476303269439
2016-12-27,4.104000091552734,4.265999794006348,4.099999904632568,4.242000102996826,4866000,4.044501304626465,0.03648794207582595
2016-12-28,4.325333118438721,4.328000068664551,3.989332914352417,3.995332956314087,8050500,3.8093175888061523,-0.05814878375615251
2016-12-29,3.9553329944610596,3.99666690826416,3.868000030517578,3.9946670532226562,5998500,3.808682918548584,-0.0001666702371772022
2016-12-30,4.079999923706055,4.097332954406738,3.7733330726623535,3.8066670894622803,5214000,3.6294360160827637,-0.04706273670760841
2017-01-03,3.9086670875549316,3.9773330688476562,3.7126669883728027,3.812666893005371,6211500,3.6351563930511475,0.0015761303529009396
2017-01-04,3.864000082015991,3.8973329067230225,3.7906670570373535,3.8473329544067383,3565500,3.6682088375091553,0.009092339397644311
2017-01-05,3.857332944869995,3.9100000858306885,3.7226669788360596,3.7413330078125,3568500,3.567143678665161,-0.027551539690066518
2017-01-06,3.7673330307006836,3.861332893371582,3.689332962036133,3.8313329219818115,4870500,3.6529533863067627,0.024055574305034355
2017-01-09,3.8666670322418213,4.000667095184326,3.865999937057495,3.954667091369629,5397000,3.77054500579834,0.03219092986678418
2017-01-10,3.9533329010009766,4.039332866668701,3.946000099182129,4.01466703414917,3775500,3.8277528285980225,0.015171932654073572
2017-01-11,4.00266695022583,4.052667140960693,3.9639999866485596,4.052667140960693,3205500,3.8639824390411377,0.009465319661204896
2017-01-12,4.026000022888184,4.026000022888184,3.768666982650757,3.947999954223633,5007000,3.764188528060913,-0.025826741525149965
2017-01-13,3.9600000381469727,4.056000232696533,3.948667049407959,4.022666931152344,4092000,3.8353798389434814,0.01891260835725972
2017-01-17,3.98533296585083,3.98533296585083,3.7906670570373535,3.8293330669403076,4072500,3.6510465145111084,-0.048061116548034244
2017-01-18,3.8406670093536377,3.99666690826416,3.8399999141693115,3.989332914352417,3651000,3.8035969734191895,0.04178269286457015
2017-01-19,3.931999921798706,4.066667079925537,3.925333023071289,3.9346671104431152,2694000,3.751477003097534,-0.013702993729259982
2017-01-20,4.039999961853027,4.156667232513428,4.033999919891357,4.0873332023620605,4134000,3.897034168243408,0.03880025619289351
2017-01-23,4.027332782745361,4.065999984741211,3.9140000343322754,4.006667137145996,4033500,3.8201241493225098,-0.019735622525084984
2017-01-24,4.051332950592041,4.25933313369751,4.051332950592041,4.244667053222656,4725000,4.047042369842529,0.05940097041507442
2017-01-25,4.409333229064941,4.4593329429626465,4.313333034515381,4.431333065032959,5010000,4.2250189781188965,0.0439765968613679
2017-01-26,4.447999954223633,4.458000183105469,4.295332908630371,4.354000091552734,3685500,4.1512861251831055,-0.01745140172162829
2017-01-27,4.423999786376953,4.52066707611084,4.415999889373779,4.5193328857421875,3610500,4.308922290802002,0.0379726207425255
2017-01-30,4.449333190917969,4.452667236328125,4.278666973114014,4.447332859039307,7095000,4.2402729988098145,-0.015931560812886825
2017-01-31,4.372666835784912,4.384666919708252,4.193333148956299,4.27400016784668,6417000,4.075011730194092,-0.038974526235499574
2017-02-01,4.441332817077637,4.489333152770996,4.3460001945495605,4.477333068847656,5668500,4.268876552581787,0.0475743783378042
2017-02-02,4.386666774749756,4.516666889190674,4.311333179473877,4.466000080108643,4839000,4.2580718994140625,-0.0025311917976051923
2017-02-03,4.5279998779296875,4.564667224884033,4.49066686630249,4.543333053588867,2787000,4.331802845001221,0.01731593642925855
2017-02-06,4.575333118438721,4.5980000495910645,4.48533296585083,4.590666770935059,4750500,4.3769330978393555,0.010418280321492501
2017-02-07,4.665999889373779,4.689332962036133,4.564000129699707,4.641333103179932,4060500,4.425241947174072,0.011036813337369056
2017-02-08,4.693333148956299,4.7220001220703125,4.592667102813721,4.664000034332275,3667500,4.446852684020996,0.004883711349399578
2017-02-09,4.688666820526123,4.688666820526123,4.522666931152344,4.541999816894531,5070000,4.330533504486084,-0.026157850887582712
2017-02-10,4.638000011444092,4.638000011444092,4.395999908447266,4.531332969665527,5946000,4.320362091064453,-0.0023484913384027584
2017-02-13,4.5793328285217285,4.655333042144775,4.539332866668701,4.563333034515381,4624500,4.35087251663208,0.007061953968969803
2017-02-14,4.547332763671875,4.559999942779541,4.440667152404785,4.51533317565918,3199500,4.305108547210693,-0.010518596493647947
2017-02-15,4.539332866668701,4.642000198364258,4.488667011260986,4.627999782562256,3541500,4.412529945373535,0.024952002990704658
2017-02-16,4.6433329582214355,4.672667026519775,4.561333179473877,4.6453328132629395,2700000,4.429054260253906,0.0037452531363533215
2017-02-17,4.588666915893555,4.71999979019165,4.524666786193848,4.71999979019165,3577500,4.500244140625,0.016073547349616968
2017-02-21,4.812666893005371,4.924666881561279,4.787333011627197,4.922667026519775,4737000,4.69347620010376,0.042937975706964115
2017-02-22,4.926000118255615,4.944666862487793,4.861999988555908,4.923333168029785,2751000,4.694112300872803,0.0001353212611012733
2017-02-23,4.874667167663574,4.888667106628418,4.585999965667725,4.678667068481445,7501500,4.460836410522461,-0.049695214846946945
2017-02-24,4.452000141143799,4.671999931335449,4.406000137329102,4.6706671714782715,5176500,4.45320987701416,-0.0017098666962362952
2017-02-27,4.679999828338623,4.810667037963867,4.642666816711426,4.805333137512207,3328500,4.581606388092041,0.028832276223037745
2017-02-28,4.826666831970215,4.826666831970215,4.5879998207092285,4.619332790374756,4711500,4.4042649269104,-0.03870706604823371
2017-03-01,4.793333053588867,4.853332996368408,4.650000095367432,4.835999965667725,4848000,4.61084508895874,0.0469044308183284
2017-03-02,4.874000072479248,4.901332855224609,4.671999931335449,4.685999870300293,4126500,4.467827320098877,-0.031017389667561845
2017-03-03,4.693333148956299,4.700666904449463,4.5920000076293945,4.677332878112793,3142500,4.459564208984375,-0.0018495502405859732
2017-03-06,4.602666854858398,4.710000038146973,4.519999980926514,4.684667110443115,3381000,4.466558456420898,0.0015680372813835497
2017-03-07,4.658667087554932,4.808000087738037,4.618667125701904,4.71733283996582,4263000,4.4977030754089355,0.006972903037205436
2017-03-08,4.785333156585693,4.864666938781738,4.720666885375977,4.751999855041504,4267500,4.530754566192627,0.007348859249866946
2017-03-09,4.739333152770996,4.800000190734863,4.6606669425964355,4.774666786193848,2389500,4.552367210388184,0.004769977239855283
2017-03-10,4.858666896820068,4.971333026885986,4.858666896820068,4.939332962036133,4827000,4.7093682289123535,0.03448746964257787
2017-03-13,4.9806671142578125,5.057332992553711,4.957333087921143,5.053999900817871,4614000,4.818695068359375,0.023215065609683005
2017-03-14,5.004666805267334,5.010666847229004,4.880000114440918,5.007332801818848,4156500,4.774200439453125,-0.009233696065461205
2017-03-15,5.043333053588867,5.1539998054504395,4.953332901000977,5.128666877746582,4375500,4.889886379241943,0.024231278552857782
2017-03-16,5.196000099182129,5.196000099182129,5.078000068664551,5.108666896820068,2938500,4.870816707611084,-0.003899645152094844
2017-03-17,5.156667232513428,5.168000221252441,5.098667144775391,5.136666774749756,2268000,4.897513389587402,0.005480858019362378
2017-03-20,5.164000034332275,5.307332992553711,5.133333206176758,5.251333236694336,3282000,5.00684118270874,0.022323126450063846
2017-03-21,5.317333221435547,5.326000213623047,4.853332996368408,4.886000156402588,8511000,4.658516883850098,-0.06956958620316422
2017-03-22,4.892666816711426,5.055333137512207,4.844666957855225,5.041999816894531,4558500,4.807253360748291,0.03192788692147763
2017-03-23,5.039999961853027,5.073999881744385,4.962666988372803,5.00333309173584,3840000,4.770388126373291,-0.00766892633139904
2017-03-24,5.211999893188477,5.294000148773193,5.052667140960693,5.108666896820068,5841000,4.870816707611084,0.02105272688284776
2017-03-27,4.939332962036133,5.171332836151123,4.898666858673096,5.135333061218262,7363500,4.896241664886475,0.005219789220313409
2017-03-28,5.165332794189453,5.242000102996826,5.090000152587891,5.186666965484619,4147500,4.945184707641602,0.009996217120565865
2017-03-29,5.186666965484619,5.186666965484619,5.099999904632568,5.1433329582214355,3456000,4.903869152069092,-0.008354885237775167
2017-03-30,5.134666919708252,5.25933313369751,5.134666919708252,5.231332778930664,5355000,4.987771987915039,0.017109493284614974
2017-03-31,5.24399995803833,5.300000190734863,5.1666669845581055,5.221333026885986,3334500,4.978238105773926,-0.0019115113618755064
2017-04-03,5.251333236694336,5.2733330726623535,5.026000022888184,5.130667209625244,4821000,4.891793727874756,-0.017364496153354003
2017-04-04,5.035333156585693,5.150000095367432,5.000667095184326,5.052000045776367,3976500,4.816789150238037,-0.01533273561405335
2017-04-05,5.108666896820068,5.193333148956299,4.933332920074463,4.942667007446289,5608500,4.712546348571777,-0.021641535498695075
2017-04-06,4.939332962036133,4.995333194732666,4.814667224884033,4.96133279800415,5905500,4.730342388153076,0.0037764612768249606
2017-04-07,4.9633331298828125,5.071332931518555,4.932000160217285,5.027332782745361,2850000,4.793268203735352,0.013302873930924664
2017-04-10,5.031332969665527,5.041333198547363,4.874000072479248,4.9106669425964355,3631500,4.682034492492676,-0.023206309427007188
2017-04-11,4.8506669998168945,4.8506669998168945,4.570666790008545,4.791333198547363,7803000,4.568257808685303,-0.024300923977136235
2017-04-12,4.760666847229004,4.76800012588501,4.510000228881836,4.53866720199585,8232000,4.327355861663818,-0.052733964865586236
2017-04-13,4.469333171844482,4.6539998054504395,4.447999954223633,4.451333045959473,4864500,4.244088649749756,-0.019242247150875524
2017-04-17,4.492667198181152,4.626667022705078,4.492667198181152,4.625332832336426,5293500,4.4099860191345215,0.0390893659450835
2017-04-18,4.561333179473877,4.691999912261963,4.53000020980835,4.680666923522949,3120000,4.462742328643799,0.011963266902583536
2017-04-19,4.791999816894531,4.886666774749756,4.733333110809326,4.757332801818848,3657000,4.535839557647705,0.016379263799056076
2017-04-20,4.861332893371582,5.006667137145996,4.792666912078857,4.98533296585083,5005500,4.753224849700928,0.047926048802978904
2017-04-21,4.936666965484619,4.946000099182129,4.792666912078857,4.915332794189453,5757000,4.686483860015869,-0.014041222951580834
2017-04-24,5.129333019256592,5.173333168029785,5.061999797821045,5.126667022705078,7372500,4.887979984283447,0.04299489726625394
2017-04-25,5.22599983215332,5.307332992553711,5.1620001792907715,5.2866668701171875,4311000,5.040528774261475,0.03120933087783917
2017-04-26,5.26800012588501,5.283999919891357,5.094666957855225,5.150667190551758,5542500,4.910862922668457,-0.025725032975723483
2017-04-27,5.261332988739014,5.389999866485596,5.224667072296143,5.369999885559082,5331000,5.119982719421387,0.04258335607659958
2017-04-28,5.328667163848877,5.328667163848877,5.050000190734863,5.0960001945495605,7579500,4.858741283416748,-0.05102415211336542
2017-05-01,5.1533331871032715,5.25,5.055333137512207,5.244667053222656,5449500,5.000483989715576,0.029173244308762447
2017-05-02,5.199999809265137,5.199999809265137,4.993332862854004,5.076000213623047,4305000,4.8396711349487305,-0.03215968485472687
2017-05-03,5.013332843780518,5.1539998054504395,4.998000144958496,5.131999969482422,2863500,4.893064498901367,0.011032260343307732
2017-05-04,5.1533331871032715,5.173333168029785,5.058667182922363,5.119332790374756,2571000,4.880985736846924,-0.0024682734183537614
2017-05-05,5.159333229064941,5.179999828338623,5.03866720199585,5.173999786376953,2940000,4.933108329772949,0.01067853922389661
2017-05-08,5.161333084106445,5.197332859039307,5.084667205810547,5.116666793823242,1861500,4.878443241119385,-0.011080980850572852
2017-05-09,5.116666793823242,5.310667037963867,5.116666793823242,5.271999835968018,4875000,5.026544094085693,0.030358248524662734
2017-05-10,5.450666904449463,5.633333206176758,5.447999954223633,5.605999946594238,6981000,5.344995498657227,0.06335358896400511
2017-05-11,5.565332889556885,5.739333152770996,5.450666904449463,5.6626667976379395,3789000,5.399023056030273,0.01010825037166252
2017-05-12,5.684667110443115,5.73466682434082,5.617332935333252,5.714000225067139,3030000,5.447966575622559,0.00906523891722033
2017-05-15,5.75333309173584,5.98799991607666,5.736667156219482,5.97599983215332,3984000,5.69776725769043,0.045852222045214
2017-05-16,6.041999816894531,6.24399995803833,5.97599983215332,6.242667198181152,4143000,5.952019214630127,0.04462305447082726
2017-05-17,5.99666690826416,6.057332992553711,5.423333168029785,5.423333168029785,14551500,5.170833110809326,-0.13124743064792666
2017-05-18,5.480000019073486,5.77666711807251,5.400000095367432,5.734000205993652,12283500,5.467035293579102,0.057283413786051396
2017-05-19,5.8933329582214355,5.97933292388916,5.873332977294922,5.922667026519775,6928500,5.646919250488281,0.03290317644720564
2017-05-22,6.007999897003174,6.118667125701904,5.989999771118164,6.111999988555908,5236500,5.827436447143555,0.03196751753700844
2017-05-23,6.125332832336426,6.133333206176758,5.888000011444092,6.041333198547363,4482000,5.7600603103637695,-0.011561974826711618
2017-05-24,6.139999866485596,6.188666820526123,6.073332786560059,6.1539998054504395,3240000,5.867480278015137,0.018649295312856973
2017-05-25,6.24066686630249,6.315999984741211,6.133333206176758,6.257332801818848,3831000,5.966002941131592,0.016791192660891685
2017-05-26,6.25600004196167,6.336667060852051,6.116000175476074,6.332666873931885,4323000,6.037830352783203,0.01203932641894001
2017-05-30,6.328667163848877,6.505332946777344,6.326000213623047,6.4593329429626465,4041000,6.158598899841309,0.020002010456633412
2017-05-31,6.5980000495910645,6.632667064666748,6.361332893371582,6.457333087921143,6340500,6.156692028045654,-0.0003096070537257356
2017-06-01,6.486000061035156,6.519999980926514,6.357333183288574,6.47333288192749,3088500,6.171947002410889,0.0024777712080976677
2017-06-02,6.585332870483398,6.696667194366455,6.448667049407959,6.665999889373779,5817000,6.355644226074219,0.029763185512085233
2017-06-05,6.667333126068115,6.822667121887207,6.646667003631592,6.723999977111816,4200000,6.410943984985352,0.008700883393426784
2017-06-06,6.633999824523926,6.9206671714782715,6.614666938781738,6.7906670570373535,5025000,6.47450590133667,0.00991479478769608
2017-06-07,6.868667125701904,7.015999794006348,6.829999923706055,6.949999809265137,6444000,6.626420497894287,0.023463490536274056
2017-06-08,7.084667205810547,7.319333076477051,6.922667026519775,7.314000129699707,7707000,6.973475456237793,0.05237414826246711
2017-06-09,7.466667175292969,7.53866720199585,5.962666988372803,6.392000198364258,32179500,6.0944013595581055,-0.12605960008005956
2017-06-12,6.127999782562256,6.284667015075684,5.745333194732666,6.284667015075684,22534500,5.9920654296875,-0.016791799117284345
2017-06-13,6.5966668128967285,6.599999904632568,6.171332836151123,6.406000137329102,14511000,6.107748031616211,0.019306213354241875
2017-06-14,6.482666969299316,6.527332782745361,5.99666690826416,6.199333190917969,11181000,5.910705089569092,-0.032261464561457176
2017-06-15,5.875999927520752,6.114666938781738,5.869999885559082,6.050000190734863,8821500,5.768324375152588,-0.024088558492367906
2017-06-16,6.068666934967041,6.196000099182129,5.926000118255615,5.980000019073486,8154000,5.701583385467529,-0.011570275942896169
2017-06-19,6.165332794189453,6.349999904632568,6.1620001792907715,6.320666790008545,11425500,6.026388168334961,0.05696768726563306
2017-06-20,6.3933329582214355,6.443999767303467,6.102666854858398,6.1106672286987305,8809500,5.826167583465576,-0.03322427336966616
2017-06-21,6.193999767303467,6.326666831970215,6.116666793823242,6.318666934967041,6385500,6.024482727050781,0.034038787988886154
2017-06-22,6.351333141326904,6.3566670417785645,6.183332920074463,6.27133321762085,7081500,5.979351997375488,-0.007491092319528714
2017-06-23,6.24733304977417,6.433332920074463,6.214666843414307,6.3293328285217285,5433000,6.034652233123779,0.009248370145269025
2017-06-26,6.483333110809326,6.5406670570373535,6.066667079925537,6.171999931335449,11284500,5.884643077850342,-0.0248577380031737
2017-06-27,6.046667098999023,6.072000026702881,5.6666669845581055,5.673333168029785,13833000,5.409193992614746,-0.08079500467488931
2017-06-28,5.791333198547363,5.986667156219482,5.605332851409912,5.9633331298828125,9801000,5.6856913566589355,0.0511163284904943
2017-06-29,5.838666915893555,5.881332874298096,5.27666711807251,5.515999794006348,18418500,5.259186267852783,-0.07501397727301806
2017-06-30,5.570666790008545,5.654666900634766,5.3566670417785645,5.433332920074463,8343000,5.180367469787598,-0.014986743476986697
2017-07-03,5.531332969665527,5.584000110626221,5.199999809265137,5.199999809265137,6811500,4.9578986167907715,-0.042944747587108756
2017-07-05,5.266666889190674,5.550000190734863,5.266666889190674,5.53000020980835,9180000,5.2725348472595215,0.06346161781683768
2017-07-06,5.3379998207092285,5.595333099365234,5.293333053588867,5.456666946411133,8092500,5.202614784240723,-0.013260987452974882
2017-07-07,5.567333221435547,5.791999816894531,5.50266695022583,5.724667072296143,7816500,5.4581379890441895,0.049114253905724325
2017-07-10,5.787333011627197,5.966667175292969,5.685332775115967,5.929999828338623,6774000,5.653910160064697,0.03586806943519294
2017-07-11,5.918000221252441,6.078667163848877,5.860000133514404,6.069333076477051,7659000,5.786755561828613,0.023496332575352552
2017-07-12,6.233333110809326,6.3979997634887695,6.177332878112793,6.358666896820068,14623500,6.062619686126709,0.04767143550984043
2017-07-13,6.397333145141602,6.507999897003174,6.239999771118164,6.305333137512207,13311000,6.011769771575928,-0.008387569308675902
2017-07-14,6.3993330001831055,6.561333179473877,6.352666854858398,6.557332992553711,9894000,6.252036094665527,0.03996614445988356
2017-07-17,6.604000091552734,6.623332977294922,6.402667045593262,6.47333288192749,8266500,6.171947002410889,-0.01281010293691176
2017-07-18,6.355999946594238,6.533999919891357,6.2820000648498535,6.533999919891357,5998500,6.229790210723877,0.009371839679871874
2017-07-19,6.633333206176758,6.714000225067139,6.573999881744385,6.7093329429626465,6400500,6.396958827972412,0.026833949375714816
2017-07-20,6.732666969299316,6.795332908630371,6.549333095550537,6.767333030700684,5653500,6.452258110046387,0.008644687665839035
2017-07-21,6.613999843597412,6.631332874298096,6.48799991607666,6.593999862670898,6243000,6.286995887756348,-0.02561321679359385
2017-07-24,6.611999988555908,6.613333225250244,6.49666690826416,6.529333114624023,5100000,6.225340366363525,-0.009806907703010181
2017-07-25,6.499332904815674,6.565999984741211,6.315999984741211,6.525332927703857,6889500,6.2215256690979,-0.0006126486196893488
2017-07-26,6.668000221252441,6.820666790008545,6.616000175476074,6.71999979019165,7546500,6.407129287719727,0.029832479759204
2017-07-27,6.789999961853027,6.820000171661377,6.187333106994629,6.4166669845581055,19879500,6.117919445037842,-0.045138811771435194
2017-07-28,6.318666934967041,6.426000118255615,6.254000186920166,6.354000091552734,4975500,6.058169841766357,-0.009766268555962299
2017-07-31,6.366666793823242,6.452667236328125,6.150000095367432,6.21133279800415,6486000,5.922145843505859,-0.022453146284692638
2017-08-01,6.25600004196167,6.315332889556885,6.159999847412109,6.315332889556885,4021500,6.021303653717041,0.016743603174209643
2017-08-02,6.419332981109619,6.4633331298828125,6.046667098999023,6.180666923522949,8943000,5.892906665802002,-0.021323652828597717
2017-08-03,6.175333023071289,6.225333213806152,6.016666889190674,6.107333183288574,5614500,5.822987079620361,-0.011865020578163632
2017-08-04,6.138000011444092,6.260000228881836,6.062666893005371,6.113999843597412,3673500,5.829343318939209,0.0010915828740243327
2017-08-07,6.156000137329102,6.438000202178955,6.155333042144775,6.432000160217285,6843000,6.132538795471191,0.052011829367788254
2017-08-08,6.428667068481445,6.597332954406738,6.300000190734863,6.364666938781738,6391500,6.0683393478393555,-0.010468473221131314
2017-08-09,6.201333045959473,6.323332786560059,6.133333206176758,6.302000045776367,4788000,6.008591651916504,-0.009846060070091589
2017-08-10,6.1706671714782715,6.197332859039307,5.766666889190674,5.776000022888184,10722000,5.507080554962158,-0.08346556951244577
2017-08-11,5.710667133331299,5.906667232513428,5.657332897186279,5.871333122253418,5586000,5.597975730895996,0.016505037913342013
2017-08-14,6.079999923706055,6.344666957855225,6.079999923706055,6.326000213623047,6805500,6.031473636627197,0.07743847639071233
2017-08-15,6.386000156402588,6.407332897186279,6.234000205993652,6.372666835784912,3964500,6.075966835021973,0.007376955514697636
2017-08-16,6.427332878112793,6.478000164031982,6.305333137512207,6.401332855224609,4659000,6.103298664093018,0.004498276809125956
2017-08-17,6.28000020980835,6.365333080291748,5.891333103179932,5.891333103179932,8376000,5.617043972015381,-0.07967086911102095
2017-08-18,6.006667137145996,6.076666831970215,5.8460001945495605,5.945333003997803,5275500,5.6685285568237305,0.009165990086135833
2017-08-21,5.966667175292969,5.969333171844482,5.690000057220459,5.817999839782715,6723000,5.547126293182373,-0.02141733089289799
2017-08-22,5.9593329429626465,6.130000114440918,5.933332920074463,6.093999862670898,4810500,5.810275554656982,0.04743898770861632
2017-08-23,5.943999767303467,6.221333026885986,5.883333206176758,6.174666881561279,4038000,5.887186050415039,0.013237121875323776
2017-08-24,6.266666889190674,6.266666889190674,6.058667182922363,6.167333126068115,3655500,5.88019323348999,-0.001187716784376458
2017-08-25,6.21733283996582,6.266666889190674,6.039999961853027,6.075333118438721,3156000,5.792477130889893,-0.014917307975554017
2017-08-28,6.093332767486572,6.145999908447266,6.028666973114014,6.122666835784912,2274000,5.837606906890869,0.007791131189585743
2017-08-29,5.891333103179932,6.206666946411133,5.888000011444092,6.165999889373779,3357000,5.878923416137695,0.0070774802469408815
2017-08-30,6.2133331298828125,6.5,6.193999767303467,6.480000019073486,6849000,6.178304672241211,0.05092444621039349
2017-08-31,6.563333034515381,6.691332817077637,6.506667137145996,6.670000076293945,6339000,6.359457015991211,0.029320996398334076
2017-09-01,6.75,6.861332893371582,6.701333045959473,6.757332801818848,4966500,6.44272518157959,0.013093361997894792
2017-09-05,6.619999885559082,6.708000183105469,6.300000190734863,6.471333026885986,7698000,6.170039653778076,-0.04232435834089443
2017-09-06,6.561333179473877,6.594666957855225,6.4079999923706055,6.510000228881836,3603000,6.206906318664551,0.005975152543564288
2017-09-07,6.566667079925537,6.613999843597412,6.452667236328125,6.539999961853027,2992500,6.235509872436523,0.004608253750606028
2017-09-08,6.500667095184326,6.533332824707031,6.233333110809326,6.297999858856201,4530000,6.004777431488037,-0.03700307406855985
2017-09-11,6.460000038146973,6.708000183105469,6.447999954223633,6.667333126068115,6217500,6.356914520263672,0.0586429462510325
2017-09-12,6.75600004196167,6.813333034515381,6.636000156402588,6.756667137145996,4447500,6.442089557647705,0.013398762202026626
2017-09-13,6.697999954223633,6.840000152587891,6.636666774749756,6.783999919891357,3481500,6.468149185180664,0.0040453055020417406
2017-09-14,6.690000057220459,6.993332862854004,6.667333126068115,6.878666877746582,4311000,6.558409214019775,0.013954445603345578
2017-09-15,6.933332920074463,7.25333309173584,6.921999931335449,7.227333068847656,6129000,6.890841007232666,0.050688047160570626
2017-09-18,7.361332893371582,7.651332855224609,7.357333183288574,7.513999938964844,7929000,7.164162635803223,0.03966426721812821
2017-09-19,7.588666915893555,7.671332836151123,7.438000202178955,7.5920000076293945,4869000,7.23853063583374,0.010380632059906025
2017-09-20,7.609333038330078,7.609333038330078,6.978000164031982,7.271999835968018,12088500,6.9334282875061035,-0.042149653759193995
2017-09-21,7.254666805267334,7.263999938964844,6.9913330078125,7.183332920074463,4734000,6.8488898277282715,-0.012192920502417937
2017-09-22,7.085332870483398,7.317999839782715,7.067333221435547,7.285999774932861,3871500,6.94677734375,0.014292370408099497
2017-09-25,7.172667026519775,7.185332775115967,6.763332843780518,6.861999988555908,10708500,6.542518615722656,-0.058193768799678636
2017-09-26,7.081999778747559,7.097332954406738,6.775332927703857,6.849999904632568,7134000,6.531075954437256,-0.001748773527157188
2017-09-27,7.067333221435547,7.4106669425964355,7.048666954040527,7.329999923706055,7663500,6.988729476928711,0.07007299646075449
2017-09-28,7.310667037963867,7.495333194732666,7.243332862854004,7.494667053222656,4728000,7.145728588104248,0.022464820086020687
2017-09-29,7.545332908630371,7.702000141143799,7.462666988372803,7.684000015258789,6090000,7.326247215270996,0.025262357979561
2017-10-02,7.751999855041504,7.928667068481445,7.659333229064941,7.817333221435547,6615000,7.453372955322266,0.017352056990107556
2017-10-03,7.866000175476074,7.9593329429626465,7.778666973114014,7.894667148590088,4030500,7.527106761932373,0.009892622581635369
2017-10-04,7.866666793823242,7.946667194366455,7.72599983215332,7.946667194366455,4509000,7.576686382293701,0.006586730611645164
2017-10-05,8.034000396728516,8.062666893005371,7.832666873931885,7.9633331298828125,4539000,7.5925750732421875,0.002097223289805328
2017-10-06,7.8333330154418945,8.066666603088379,7.8333330154418945,8.066666603088379,2910000,7.691097259521484,0.012976158540674687
2017-10-09,8.149333000183105,8.266667366027832,8.12733268737793,8.235333442687988,4219500,7.851912021636963,0.020909112511856343
2017-10-10,8.432000160217285,8.437333106994629,8.13933277130127,8.395333290100098,5818500,8.004462242126465,0.01942846012557875
2017-10-11,8.307999610900879,8.564000129699707,8.300000190734863,8.5600004196167,4752000,8.161462783813477,0.019614126542275567
2017-10-12,8.533332824707031,8.646666526794434,8.453332901000977,8.473333358764648,4723500,8.078829765319824,-0.010124656145277577
2017-10-13,8.548666954040527,8.723333358764648,8.522000312805176,8.640000343322754,4167000,8.237739562988281,0.019669588991882314
2017-10-16,8.733332633972168,8.76533317565918,8.583333015441895,8.763999938964844,4827000,8.355962753295898,0.01435180448087836
2017-10-17,8.758000373840332,8.759332656860352,8.604666709899902,8.744667053222656,2974500,8.337532997131348,-0.002205943162577273
2017-10-18,8.789999961853027,8.870667457580566,8.477999687194824,8.830666542053223,6814500,8.419527053833008,0.009834506940875842
2017-10-19,8.596667289733887,8.759332656860352,8.343999862670898,8.75333309173584,7495500,8.345795631408691,-0.008757374083723679
2017-10-20,8.923333168029785,9.017333030700684,8.846667289733887,8.879332542419434,4353000,8.46592903137207,0.014394454016899205
2017-10-23,9.005999565124512,9.165332794189453,8.885333061218262,9.022000312805176,7243500,8.601953506469727,0.016067398050942705
2017-10-24,9.096667289733887,9.236666679382324,8.982000350952148,9.206000328063965,5085000,8.777386665344238,0.020394591983956545
2017-10-25,9.034000396728516,9.130000114440918,8.5686674118042,8.846667289733887,12625500,8.434783935546875,-0.039032481590802415
2017-10-26,8.892000198364258,9.053333282470703,8.856666564941406,9.005332946777344,5766000,8.586061477661133,0.017935076774909353
2017-10-27,9.233332633972168,9.599332809448242,9.061332702636719,9.557332992553711,9070500,9.112363815307617,0.06129701689418443
2017-10-30,9.233332633972168,9.761333465576172,9.233332633972168,9.647333145141602,7716000,9.19817066192627,0.009416868979872373
2017-10-31,9.733332633972168,9.956000328063965,9.638667106628418,9.86400032043457,5248500,9.404751777648926,0.02245876368456101
2017-11-01,10.111332893371582,10.119999885559082,9.506667137145996,9.772000312805176,7902000,9.317033767700195,-0.00932684556374197
2017-11-02,9.784000396728516,9.979999542236328,9.58133316040039,9.90133285522461,6831000,9.440347671508789,0.013235012103914645
2017-11-03,10.0086669921875,10.432666778564453,9.803333282470703,10.429332733154297,11805000,9.943763732910156,0.05332614160638771
2017-11-06,10.697999954223633,10.883333206176758,10.5,10.873332977294922,10276500,10.367090225219727,0.04257225802463571
2017-11-07,10.829333305358887,10.910667419433594,10.61733341217041,10.84333324432373,8470500,10.338489532470703,-0.002759019063780621
2017-11-08,10.766667366027832,10.970000267028809,10.675999641418457,10.952667236328125,5565000,10.442731857299805,0.010083061134511295
2017-11-09,10.631333351135254,10.660667419433594,9.88933277130127,10.28600025177002,17956500,9.807103157043457,-0.060868003215407196
2017-11-10,10.36733341217041,10.510666847229004,10.292667388916016,10.481332778930664,6489000,9.993343353271484,0.01899013439427355
2017-11-13,10.320667266845703,10.612667083740234,10.266667366027832,10.566666603088379,5070000,10.074702262878418,0.008141505088861578
2017-11-14,10.488666534423828,10.63466739654541,10.3013334274292,10.537332534790039,6117000,10.046732902526855,-0.002776094808344398
2017-11-15,10.261333465576172,10.395999908447266,10.0,10.258000373840332,8970000,9.780406951904297,-0.0265088114119455
2017-11-16,10.399999618530273,10.846667289733887,10.399999618530273,10.720000267028809,7363500,10.220897674560547,0.04503800705317351
2017-11-17,10.878666877746582,10.912667274475098,10.526666641235352,10.57800006866455,6295500,10.085508346557617,-0.013246286830887799
2017-11-20,10.668000221252441,11.007332801818848,10.661333084106445,10.951333045959473,6471000,10.441458702087402,0.035293342302091135
2017-11-21,11.199999809265137,11.370667457580566,11.09866714477539,11.343999862670898,9874500,10.815844535827637,0.03585561822140915
2017-11-22,11.442667007446289,11.453332901000977,11.071999549865723,11.12266731262207,6756000,10.604817390441895,-0.019510979612857304
2017-11-24,11.21733283996582,11.442667007446289,11.213333129882812,11.420000076293945,6757500,10.8883056640625,0.026732145744794433
2017-11-27,11.215999603271484,11.216667175292969,10.933333396911621,10.989999771118164,10698000,10.478325843811035,-0.03765326640131916
2017-11-28,11.104666709899902,11.124667167663574,10.793333053588867,10.979999542236328,9736500,10.468791961669922,-0.0009099389526937562
2017-11-29,10.916666984558105,10.937333106994629,9.22266674041748,9.536666870117188,36519000,9.092658042907715,-0.13145106851481458
2017-11-30,9.863332748413086,9.993332862854004,9.52066707611084,9.713333129882812,14869500,9.26109790802002,0.0185249481995855
2017-12-01,9.419333457946777,9.553333282470703,8.666666984558105,9.380666732788086,19072500,8.943921089172363,-0.034248428695530575
2017-12-04,9.706666946411133,9.729999542236328,8.516667366027832,8.699999809265137,23742000,8.294943809509277,-0.07256061247158752
2017-12-05,8.597999572753906,9.199333190917969,8.338000297546387,8.711333274841309,16374000,8.305747032165527,0.0013026972212231147
2017-12-06,8.468000411987305,8.844667434692383,8.352666854858398,8.799332618713379,10795500,8.389652252197266,0.01010170786671849
2017-12-07,9.010666847229004,9.13933277130127,8.883999824523926,9.05666732788086,9966000,8.635005950927734,0.029244798477126688
2017-12-08,9.34333324432373,9.385333061218262,8.89466667175293,8.916666984558105,9871500,8.501526832580566,-0.01545826276424711
2017-12-11,8.960000038146973,9.148667335510254,8.876667022705078,9.071999549865723,5599500,8.649624824523926,0.017420473992874497
2017-12-12,9.0,9.0,8.77400016784668,8.800000190734863,5977500,8.390287399291992,-0.029982294160815437
2017-12-13,8.88466739654541,9.042667388916016,8.780667304992676,8.798666954040527,4125000,8.389018058776855,-0.00015150416652709442
2017-12-14,8.787332534790039,8.949333190917969,8.708000183105469,8.778667449951172,5094000,8.369950294494629,-0.0022730152412657745
2017-12-15,8.866666793823242,9.25,8.766667366027832,9.169333457946777,10255500,8.742426872253418,0.04450174359865722
2017-12-18,9.516667366027832,9.793333053588867,9.378666877746582,9.787332534790039,15397500,9.331652641296387,0.06739847336533078
2017-12-19,9.7413330078125,9.843999862670898,9.577333450317383,9.744000434875488,8127000,9.298004150390625,-0.004427365654586901
2017-12-20,10.017333030700684,10.083333015441895,9.686667442321777,9.947999954223633,8721000,9.492667198181152,0.02093591032877984
2017-12-21,10.008000373840332,10.008000373840332,9.583999633789062,9.62600040435791,6909000,9.185402870178223,-0.032368270139467636
2017-12-22,9.474666595458984,9.618000030517578,9.400667190551758,9.600666999816895,3942000,9.161227226257324,-0.0026317684891792315
2017-12-26,9.266667366027832,9.342000007629395,9.073332786560059,9.323332786560059,4524000,8.896592140197754,-0.028886973505291347
2017-12-27,9.27066707611084,9.557999610900879,9.267333030700684,9.417332649230957,2980500,8.986285209655762,0.010082216823409151
2017-12-28,9.531999588012695,9.561332702636719,9.434000015258789,9.477333068847656,3168000,9.043540000915527,0.006371275376111818
2017-12-29,9.50333309173584,9.537332534790039,9.192000389099121,9.19333267211914,4132500,8.772539138793945,-0.029966277924961315
2018-01-02,9.350000381469727,9.951333045959473,9.303999900817871,9.951333045959473,9237000,9.495844841003418,0.08245109808101914
2018-01-03,10.050666809082031,10.46399974822998,10.027999877929688,10.446666717529297,9871500,9.968505859375,0.04977560988886243
2018-01-04,10.663999557495117,10.738666534423828,10.368666648864746,10.630000114440918,8502000,10.143449783325195,0.01754946356276421
2018-01-05,10.746000289916992,10.937999725341797,10.577333450317383,10.821999549865723,7713000,10.326658248901367,0.018062035123026288
2018-01-08,10.810667037963867,11.166666984558105,10.723333358764648,11.065333366394043,6538500,10.558855056762695,0.02248510687947114
2018-01-09,11.119999885559082,11.12733268737793,10.690667152404785,10.747332572937012,9009000,10.255410194396973,-0.028738473837834455
2018-01-10,10.378000259399414,10.49666690826416,10.097332954406738,10.350000381469727,13269000,9.876264572143555,-0.036970307634083266
2018-01-11,10.47933292388916,10.547332763671875,10.317999839782715,10.533332824707031,5524500,10.051204681396484,0.017713278886978268
2018-01-12,10.528667449951172,10.76533317565918,10.440667152404785,10.696666717529297,5019000,10.207061767578125,0.01550638297872342
2018-01-16,10.937333106994629,11.1813325881958,10.61066722869873,10.811332702636719,9804000,10.31648063659668,0.010719786652743979
2018-01-17,11.091333389282227,11.792667388916016,11.053333282470703,11.7413330078125,11496000,11.203912734985352,0.08602087557151661
2018-01-18,11.65666675567627,12.083333015441895,11.630000114440918,11.908666610717773,9171000,11.363588333129883,0.014251669958933233
2018-01-19,12.04800033569336,12.10200023651123,11.715999603271484,11.940667152404785,9315000,11.394123077392578,0.0026871641245049815
2018-01-22,11.98799991607666,12.21733283996582,11.8100004196167,12.21733283996582,5620500,11.658124923706055,0.02317003598122369
2018-01-23,12.373332977294922,12.496000289916992,12.234000205993652,12.494667053222656,6738000,11.922764778137207,0.02270006202578112
2018-01-24,12.138667106628418,12.236000061035156,11.370667457580566,11.63466739654541,18628500,11.102131843566895,-0.06882933758970655
2018-01-25,12.079999923706055,12.095333099365234,11.028667449951172,11.029333114624023,13167000,10.524500846862793,-0.05202849907863494
2018-01-26,11.466667175292969,12.083333015441895,11.399999618530273,12.075332641601562,12733500,11.522622108459473,0.09483796672988554
2018-01-29,11.916000366210938,12.27733325958252,11.591333389282227,12.036666870117188,9184500,11.48572826385498,-0.0032020460745871837
2018-01-30,11.40666675567627,11.718667030334473,11.267999649047852,11.303999900817871,11923500,10.786598205566406,-0.0608695893311022
2018-01-31,11.683333396911621,11.830666542053223,11.392000198364258,11.593999862670898,6891000,11.063323974609375,0.025654632377698938
2018-02-01,11.266667366027832,11.927332878112793,11.206666946411133,11.422666549682617,6895500,10.899834632873535,-0.014777757031024463
2018-02-02,11.06933307647705,11.15999984741211,10.466667175292969,10.468667030334473,13788000,9.989496231079102,-0.08351810982127039
2018-02-05,10.199999809265137,10.72266674041748,8.933333396911621,9.067999839782715,16929000,8.652942657470703,-0.13379613531437407
2018-02-06,8.526666641235352,10.022000312805176,8.518667221069336,10.0,20614500,9.542284965515137,0.10277902257215055
2018-02-07,9.859999656677246,10.050666809082031,9.333333015441895,9.334667205810547,12523500,8.907404899597168,-0.06653327941894527
2018-02-08,9.500666618347168,9.527999877929688,8.13466739654541,8.153332710266113,17155500,7.780138969421387,-0.126553466716959
2018-02-09,8.757332801818848,9.03600025177002,7.820666790008545,8.895999908447266,20676000,8.488813400268555,0.09108756192986434
2018-02-12,9.144000053405762,9.540666580200195,8.949999809265137,9.36533260345459,14100000,8.936668395996094,0.05275772255366884
2018-02-13,9.125332832336426,9.395999908447266,9.088000297546387,9.351332664489746,7440000,8.923306465148926,-0.0014948683146266406
2018-02-14,9.133333206176758,10.034667015075684,9.133333206176758,9.97933292388916,11127000,9.522562980651855,0.06715623130210613
2018-02-15,10.254667282104492,10.347999572753906,9.633333206176758,10.347999572753906,12339000,9.87435531616211,0.03694301529736599
2018-02-16,10.157333374023438,10.604666709899902,10.152000427246094,10.230667114257812,7677000,9.762393951416016,-0.011338660933561284
2018-02-20,10.100000381469727,11.052666664123535,10.089332580566406,10.760666847229004,11586000,10.268133163452148,0.05180500225958529
2018-02-21,10.954000473022461,10.968000411987305,10.37600040435791,10.395999908447266,9901500,9.920157432556152,-0.03388887918927108
2018-02-22,10.523332595825195,10.638667106628418,10.224666595458984,10.3186674118042,5809500,9.846365928649902,-0.007438678080424976
2018-02-23,10.587332725524902,10.988666534423828,10.55666732788086,10.988666534423828,8178000,10.485697746276855,0.06493077990411567
2018-02-26,11.233332633972168,11.699999809265137,11.140666961669922,11.687999725341797,8653500,11.153020858764648,0.063641315233945
2018-02-27,11.647333145141602,12.170000076293945,11.572667121887207,11.579999923706055,10837500,11.049962997436523,-0.009240229652091592
2018-02-28,11.800000190734863,11.930000305175781,11.231332778930664,11.261333465576172,10170000,10.74588680267334,-0.027518692593211824
2018-03-01,11.281999588012695,11.402667045593262,10.333333015441895,10.718000411987305,14397000,10.227420806884766,-0.04824766580704998
2018-03-02,10.258000373840332,11.33133316040039,10.258000373840332,11.272000312805176,9610500,10.756061553955078,0.05168873666008289
2018-03-05,11.10533332824707,11.739999771118164,10.933333396911621,11.579333305358887,8790000,11.04932975769043,0.027265168916343674
2018-03-06,11.853333473205566,12.190667152404785,11.716667175292969,12.102666854858398,12933000,11.548707962036133,0.04519548195899281
2018-03-07,11.750666618347168,12.256667137145996,11.733332633972168,12.197999954223633,9990000,11.639678955078125,0.007877032434959963
2018-03-08,12.333333015441895,12.447333335876465,12.026666641235352,12.25,8625000,11.68929672241211,0.004262997702206173
2018-03-09,12.461333274841309,13.016667366027832,12.439332962036133,13.013333320617676,12120000,12.417693138122559,0.06231292413205525
2018-03-12,13.279999732971191,13.628000259399414,13.166666984558105,13.41866683959961,12079500,12.804472923278809,0.031147555280071293
2018-03-13,13.665332794189453,13.933333396911621,12.611332893371582,12.791999816894531,22048500,12.206490516662598,-0.04670113880879223
2018-03-14,12.949333190917969,12.979999542236328,12.434000015258789,12.786666870117188,13102500,12.201398849487305,-0.00041689703358971375
2018-03-15,12.88599967956543,13.012666702270508,12.555999755859375,12.749333381652832,7572000,12.165777206420898,-0.0029197201149898655
2018-03-16,12.805999755859375,12.96399974822998,12.682000160217285,12.739333152770996,4693500,12.156233787536621,-0.0007843726869850576
2018-03-19,12.407999992370605,12.54466724395752,11.468667030334473,12.001333236694336,17712000,11.45201301574707,-0.05793081217254559
2018-03-20,12.066666603088379,12.38599967956543,12.017333030700684,12.281999588012695,8823000,11.719831466674805,0.023386264324384953
2018-03-21,12.196000099182129,12.822667121887207,12.079999923706055,12.36533260345459,9939000,11.799351692199707,0.006784971359486747
2018-03-22,11.781999588012695,12.146666526794434,11.331999778747559,11.350000381469727,15714000,10.830491065979004,-0.08211119381464937
2018-03-23,11.284667015075684,11.358667373657227,10.214667320251465,10.214667320251465,16557000,9.747122764587402,-0.10002934123877505
2018-03-26,10.980667114257812,11.507332801818848,10.534667015075684,11.499333381652832,18847500,10.972990036010742,0.12576680386393058
2018-03-27,11.84000015258789,11.851332664489746,9.934000015258789,10.21733283996582,23146500,9.74967098236084,-0.11148477038959859
2018-03-28,10.092666625976562,10.302666664123535,9.421333312988281,9.56933307647705,20061000,9.131328582763672,-0.06342161634923671
2018-03-29,9.788666725158691,10.45533275604248,9.543333053588867,10.187999725341797,17752500,9.721678733825684,0.06465096824621219
2018-04-02,9.880000114440918,10.133333206176758,8.723999977111816,9.008000373840332,19338000,8.59569263458252,-0.11582247578651927
2018-04-03,9.392666816711426,9.586000442504883,9.042667388916016,9.52400016784668,15993000,9.088069915771484,0.05728239038542182
2018-04-04,8.707332611083984,9.96066665649414,8.683333396911621,9.887332916259766,16759500,9.434772491455078,0.03814917492753822
2018-04-05,10.09333324432373,10.128666877746582,9.37399959564209,9.583333015441895,13840500,9.144688606262207,-0.030746400813301378
2018-04-06,9.170666694641113,9.499333381652832,8.588666915893555,8.708666801452637,13326000,8.31005859375,-0.09126952100901464
2018-04-09,9.045999526977539,9.623332977294922,8.854000091552734,8.868000030517578,16462500,8.462099075317383,0.018295938138127354
2018-04-10,9.498000144958496,9.869999885559082,9.302666664123535,9.720666885375977,18669000,9.275735855102539,0.09615097563420205
2018-04-11,9.574666976928711,9.980667114257812,9.476667404174805,9.724666595458984,10633500,9.279552459716797,0.0004114645764710101
2018-04-12,9.989333152770996,10.358667373657227,9.908666610717773,10.278667449951172,13927500,9.808196067810059,0.05696862191150931
2018-04-13,10.657333374023438,10.677332878112793,9.916666984558105,10.037332534790039,14283000,9.577905654907227,-0.023479202565530932
2018-04-16,10.227999687194824,10.254667282104492,9.844667434692383,10.10200023651123,8299500,9.63961410522461,0.0064427178732047174
2018-04-17,10.296667098999023,10.737333297729492,10.266667366027832,10.671333312988281,12387000,10.18288803100586,0.0563584501235046
2018-04-18,10.46733283996582,10.525333404541016,10.046667098999023,10.340666770935059,12802500,9.867358207702637,-0.030986431812673465
2018-04-19,9.797332763671875,9.800000190734863,8.90666675567627,9.005332946777344,33981000,8.593145370483398,-0.12913420901551464
2018-04-20,9.0,9.133333206176758,8.559332847595215,8.682000160217285,16249500,8.284611701965332,-0.0359045899214383
2018-04-23,8.815333366394043,8.838666915893555,8.266667366027832,8.332667350769043,16278000,7.951268672943115,-0.04023644356158351
2018-04-24,8.54466724395752,8.783332824707031,7.906000137329102,8.130000114440918,21633000,7.757875442504883,-0.024322012123695336
2018-04-25,8.251999855041504,8.281332969665527,7.710667133331299,8.101332664489746,20535000,7.7305216789245605,-0.0035261315556750494
2018-04-26,8.461333274841309,8.61733341217041,8.323332786560059,8.595999717712402,17655000,8.202544212341309,0.06105996059030039
2018-04-27,8.904000282287598,8.932000160217285,8.285332679748535,8.406000137329102,13656000,8.02124309539795,-0.022103255772775166
2018-04-30,8.399999618530273,8.553333282470703,8.022666931152344,8.12733268737793,11466000,7.755332946777344,-0.03315101658322295
2018-05-01,8.066666603088379,8.55666732788086,8.047332763671875,8.529333114624023,13552500,8.138932228088379,0.049462774899127204
2018-05-02,8.531332969665527,8.633999824523926,8.309332847595215,8.411999702453613,10189500,8.026968002319336,-0.013756457930953037
2018-05-03,8.199999809265137,8.673333168029785,8.014666557312012,8.564000129699707,15442500,8.172012329101562,0.018069476060699197
2018-05-04,8.381333351135254,9.210000038146973,8.309332847595215,9.1813325881958,19219500,8.761087417602539,0.07208459238051645
2018-05-07,9.335332870483398,9.5600004196167,9.275333404541016,9.432666778564453,14211000,9.000920295715332,0.02737447837275675
2018-05-08,9.330666542053223,9.633333206176758,9.29466724395752,9.633333206176758,10398000,9.192400932312012,0.021273562643844723
2018-05-09,9.719332695007324,10.0513334274292,9.630666732788086,10.049332618713379,12400500,9.58935832977295,0.04318333059110713
2018-05-10,10.173999786376953,10.586000442504883,10.173999786376953,10.586000442504883,12277500,10.101461410522461,0.053403329768600516
2018-05-11,10.378000259399414,10.633333206176758,10.275333404541016,10.333333015441895,11790000,9.860360145568848,-0.023868072595999434
2018-05-14,10.715999603271484,11.088666915893555,10.664667129516602,10.739999771118164,13374000,10.2484130859375,0.03935484853421012
2018-05-15,10.4913330078125,10.600000381469727,10.137332916259766,10.359999656677246,10774500,9.885807037353516,-0.03538176187515463
2018-05-16,10.390666961669922,10.826000213623047,10.390666961669922,10.777999877929688,10854000,10.284672737121582,0.04034751304099049
2018-05-17,10.657999992370605,10.932666778564453,10.420666694641113,10.652000427246094,8755500,10.164441108703613,-0.011690429774600886
2018-05-18,10.392666816711426,10.432000160217285,10.094667434692383,10.204000473022461,9588000,9.73694896697998,-0.04205782353122345
2018-05-21,10.670000076293945,10.825332641601562,10.239999771118164,10.522666931152344,13068000,10.041028022766113,0.03122956128553489
2018-05-22,10.803999900817871,10.930000305175781,10.574000358581543,10.699999809265137,12891000,10.210247039794922,0.016852465185208887
2018-05-23,10.399333000183105,10.87266731262207,10.30666732788086,10.871333122253418,9612000,10.373738288879395,0.016012459443216498
2018-05-24,10.843999862670898,11.063332557678223,10.579999923706055,10.984000205993652,10362000,10.481244087219238,0.010363686079088774
2018-05-25,10.966667175292969,11.281999588012695,10.908666610717773,11.254667282104492,9672000,10.739522933959961,0.024641940188888878
2018-05-29,11.050666809082031,11.333333015441895,10.8100004196167,11.03933334350586,10375500,10.534046173095703,-0.019132856902933537
2018-05-30,11.19333267211914,11.501333236694336,11.094667434692383,11.258000373840332,12159000,10.742701530456543,0.019807992342500302
2018-05-31,11.1813325881958,11.354000091552734,10.956666946411133,11.013999938964844,9567000,10.509872436523438,-0.021673514547260075
2018-06-01,11.2586669921875,11.757332801818848,11.176667213439941,11.751999855041504,17115000,11.214091300964355,0.06700562195082238
2018-06-04,11.866666793823242,12.079333305358887,11.718000411987305,12.03933334350586,11950500,11.488275527954102,0.024449752553485027
2018-06-05,12.133333206176758,12.312000274658203,11.99666690826416,12.199333190917969,9339000,11.640950202941895,0.01328975972730384
2018-06-06,12.223999977111816,12.438667297363281,12.066666603088379,12.434666633605957,8950500,11.86551284790039,0.019290680810586158
2018-06-07,12.465999603271484,12.519332885742188,11.836000442504883,12.104666709899902,9597000,11.550616264343262,-0.026538702920607116
2018-06-08,11.673333168029785,11.85200023651123,11.480667114257812,11.785332679748535,9820500,11.245899200439453,-0.02638106755059988
2018-06-11,11.707332611083984,11.892666816711426,11.58666706085205,11.697999954223633,6118500,11.16256332397461,-0.007410289373924184
2018-06-12,11.777999877929688,11.90999984741211,11.578666687011719,11.87733268737793,7593000,11.333686828613281,0.015330204638062783
2018-06-13,11.879332542419434,12.209333419799805,11.799332618713379,11.83666706085205,8608500,11.294883728027344,-0.003423801252034897
2018-06-14,12.015999794006348,12.221332550048828,11.833999633789062,12.03933334350586,8094000,11.488275527954102,0.01712190446955253
2018-06-15,11.739333152770996,12.03933334350586,11.683333396911621,12.015999794006348,10308000,11.466008186340332,-0.0019381097635359223
2018-06-18,11.733332633972168,11.733332633972168,11.320667266845703,11.646666526794434,12819000,11.113580703735352,-0.03073679040808075
2018-06-19,11.133333206176758,11.25333309173584,10.723333358764648,11.239333152770996,14991000,10.746480941772461,-0.034974245470695164
2018-06-20,11.510000228881836,11.580666542053223,11.266667366027832,11.416000366210938,7033500,10.91540241241455,0.01571865617279844
2018-06-21,11.65133285522461,11.658666610717773,10.944000244140625,10.98799991607666,9858000,10.506169319152832,-0.037491278591850086
2018-06-22,11.130000114440918,11.187999725341797,10.656000137329102,10.733332633972168,5146500,10.26267147064209,-0.023176855119181994
2018-06-25,10.333333015441895,10.350666999816895,9.380666732788086,9.785332679748535,16000500,9.356240272521973,-0.0883229828565184
2018-06-26,9.935999870300293,10.031332969665527,9.733332633972168,9.887999534606934,7869000,9.454404830932617,0.010491912561222838
2018-06-27,10.034000396728516,10.12733268737793,9.156000137329102,9.160667419433594,12337500,8.758968353271484,-0.07355705394481016
2018-06-28,9.11066722869873,9.442000389099121,9.053999900817871,9.392000198364258,10029000,8.980154991149902,0.025252830207536103
2018-06-29,9.603333473205566,9.77733325958252,9.433333396911621,9.433333396911621,8799000,9.01967716217041,0.004400894130577315
2018-07-02,9.185333251953125,9.616000175476074,8.97933292388916,9.607333183288574,8422500,9.18604850769043,0.018445206912110157
2018-07-03,9.697333335876465,9.764666557312012,9.049332618713379,9.064000129699707,7272000,8.666539192199707,-0.05655399299921904
2018-07-05,9.378000259399414,9.807999610900879,9.349332809448242,9.797332763671875,10789500,9.367713928222656,0.08090607055148658
2018-07-06,9.755999565124512,10.207332611083984,9.638667106628418,10.167332649230957,14602500,9.721488952636719,0.03776536884926762
2018-07-09,10.476667404174805,10.476667404174805,9.991999626159668,10.357333183288574,10915500,9.903159141540527,0.018687352977674987
2018-07-10,10.399999618530273,10.752667427062988,10.36400032043457,10.6813325881958,11608500,10.21295166015625,0.03128212631317062
2018-07-11,10.146666526794434,10.353333473205566,9.833999633789062,9.85200023651123,16504500,9.419984817504883,-0.07764315405748956
2018-07-12,9.813332557678223,10.097332954406738,9.583999633789062,10.063332557678223,13414500,9.622052192687988,0.021450701998950494
2018-07-13,10.079999923706055,10.118666648864746,9.88466739654541,9.934666633605957,6973500,9.499027252197266,-0.012785617819426554
2018-07-16,9.947999954223633,10.095333099365234,9.873332977294922,9.894000053405762,6094500,9.460140228271484,-0.004093401590611223
2018-07-17,9.688667297363281,10.333333015441895,9.658666610717773,10.332667350769043,10303500,9.879576683044434,0.044336698503683714
2018-07-18,10.453332901000977,10.61533260345459,10.350000381469727,10.555999755859375,9042000,10.093114852905273,0.02161420642983436
2018-07-19,10.426667213439941,10.614666938781738,10.270000457763672,10.478667259216309,7416000,10.019172668457031,-0.00732592823338607
2018-07-20,10.393333435058594,10.511333465576172,10.166666984558105,10.325332641601562,6780000,9.872559547424316,-0.014633026683797401
2018-07-23,10.200667381286621,10.421333312988281,9.769332885742188,10.368666648864746,8800500,9.913994789123535,0.004196863071373347
2018-07-24,10.542667388916016,10.720000267028809,9.989999771118164,10.034000396728516,10236000,9.594005584716797,-0.03227669125353483
2018-07-25,9.986666679382324,10.191332817077637,9.628666877746582,10.191332817077637,14748000,9.744438171386719,0.015679929652027802
2018-07-26,10.366666793823242,10.7586669921875,10.355999946594238,10.745332717895508,16359000,10.274144172668457,0.05435990667378965
2018-07-27,10.766667366027832,11.045332908630371,10.354000091552734,10.590666770935059,12807000,10.126258850097656,-0.014393779236157589
2018-07-30,10.569999694824219,10.675999641418457,10.12600040435791,10.28933334350586,10194000,9.838140487670898,-0.028452734275067226
2018-07-31,10.46733283996582,10.904666900634766,10.420666694641113,10.481332778930664,7806000,10.021720886230469,0.018660046187150225
2018-08-01,10.552666664123535,10.764666557312012,10.305999755859375,10.423999786376953,6054000,9.966901779174805,-0.005470009755721206
2018-08-02,10.154666900634766,10.783332824707031,10.046667098999023,10.747332572937012,7603500,10.276056289672852,0.03101811139545685
2018-08-03,10.750666618347168,10.84000015258789,10.600000381469727,10.800000190734863,4069500,10.326416015625,0.00490052926532436
2018-08-06,10.755332946777344,10.998666763305664,10.565999984741211,10.994667053222656,5463000,10.512547492980957,0.018024709171282627
2018-08-07,11.11533260345459,11.28266716003418,11.021332740783691,11.263999938964844,5655000,10.770065307617188,0.024496684114071687
2018-08-08,11.208000183105469,11.400667190551758,11.12399959564209,11.350000381469727,4932000,10.852294921875,0.0076349825080686
2018-08-09,11.215332984924316,11.223333358764648,10.985333442687988,10.998666763305664,6726000,10.516369819641113,-0.030954502762630565
2018-08-10,10.38266658782959,10.46066665649414,10.024666786193848,10.170000076293945,16897500,9.724040031433105,-0.07534246694120783
2018-08-13,10.22266674041748,10.490667343139648,10.186667442321777,10.210000038146973,9745500,9.762285232543945,0.003933132896062341
2018-08-14,10.393333435058594,10.456000328063965,10.131333351135254,10.179332733154297,5463000,9.732963562011719,-0.003003653758873237
2018-08-15,9.96066665649414,10.026000022888184,9.433333396911621,9.760000228881836,12493500,9.33201789855957,-0.04119449823137089
2018-08-16,9.968667030334473,9.98799991607666,9.619999885559082,9.692000389099121,8014500,9.267000198364258,-0.006967196535660913
2018-08-17,9.407333374023438,9.549332618713379,9.053333282470703,9.470666885375977,12708000,9.05537223815918,-0.022836720474349592
2018-08-20,9.533332824707031,9.616000175476074,9.128000259399414,9.4486665725708,8164500,9.034337043762207,-0.0023229951038766794
2018-08-21,9.5600004196167,10.074000358581543,9.517333030700684,10.008000373840332,10276500,9.569145202636719,0.05919711495516844
2018-08-22,9.916666984558105,10.172666549682617,9.745332717895508,10.13933277130127,8587500,9.694716453552246,0.013122741062662646
2018-08-23,10.137332916259766,10.396666526794434,10.092000007629395,10.173999786376953,7741500,9.727865219116211,0.003419062758627023
2018-08-24,10.295999526977539,10.619333267211914,10.293333053588867,10.611332893371582,8875500,10.146020889282227,0.042985366245065215
2018-08-27,10.819999694824219,11.350000381469727,10.779333114624023,11.108667373657227,16623000,10.621545791625977,0.04686823844686905
2018-08-28,11.2586669921875,11.373332977294922,10.910667419433594,11.237333297729492,11250000,10.7445707321167,0.011582480575247134
2018-08-29,11.236000061035156,11.420000076293945,11.11533260345459,11.330666542053223,7524000,10.833810806274414,0.008305639945963783
2018-08-30,11.223333358764648,11.375332832336426,10.972000122070312,11.01200008392334,9526500,10.529117584228516,-0.028124246437503664
2018-08-31,10.933333396911621,11.241999626159668,10.933333396911621,11.199999809265137,4807500,10.708874702453613,0.017072259708412307
2018-09-04,11.0513334274292,11.481332778930664,10.989999771118164,11.457332611083984,8767500,10.95492172241211,0.022976143410821326
2018-09-05,11.399999618530273,11.526000022888184,11.001333236694336,11.292667388916016,6303000,10.797477722167969,-0.014372038218447902
2018-09-06,11.192000389099121,11.206000328063965,10.358667373657227,10.386667251586914,13224000,9.931205749511719,-0.08022906423493525
2018-09-07,10.266667366027832,10.716667175292969,10.183333396911621,10.260666847229004,8241000,9.810731887817383,-0.012130975346173689
2018-09-10,10.512666702270508,10.596667289733887,10.29466724395752,10.595333099365234,5392500,10.130722045898438,0.032616423193450705
2018-09-11,10.417332649230957,10.505332946777344,10.11066722869873,10.278667449951172,8391000,9.82794189453125,-0.02988727644938638
2018-09-12,9.937333106994629,9.937333106994629,9.25333309173584,9.925999641418457,19008000,9.490740776062012,-0.034310654591164
2018-09-13,10.238666534423828,10.63933277130127,10.148667335510254,10.275333404541016,13285500,9.82475471496582,0.035193811781423445
2018-09-14,10.453332901000977,10.720000267028809,10.345333099365234,10.608667373657227,9342000,10.143468856811523,0.03244020957693694
2018-09-17,10.417332649230957,10.566666603088379,10.109333038330078,10.133333206176758,6747000,9.688980102539062,-0.04480620899292109
2018-09-18,10.27400016784668,10.600000381469727,10.27400016784668,10.418000221252441,6496500,9.961164474487305,0.028092139998136645
2018-09-19,10.41333293914795,10.606666564941406,10.327333450317383,10.477333068847656,4318500,10.01789665222168,0.005695224259467446
2018-09-20,10.64466667175293,10.96733283996582,10.64466667175293,10.838000297546387,9111000,10.362747192382812,0.03442357194610013
2018-09-21,10.835332870483398,10.986666679382324,10.658666610717773,10.740667343139648,5826000,10.269685745239258,-0.008980711545908848
2018-09-24,10.482666969299316,10.871333122253418,10.410667419433594,10.854666709899902,5310000,10.378684997558594,0.010613806676832649
2018-09-25,10.718667030334473,10.747332572937012,10.220666885375977,10.284667015075684,10809000,9.861052513122559,-0.05251194809181525
2018-09-26,10.180000305175781,10.349332809448242,9.961999893188477,9.994667053222656,5340000,9.58299732208252,-0.02819731172899753
2018-09-27,10.073332786560059,10.220000267028809,9.990667343139648,10.12399959564209,3802500,9.707003593444824,0.0129401551578181
2018-09-28,10.054667472839355,10.394000053405762,9.985333442687988,10.307332992553711,7743000,9.88278579711914,0.018108791409922276
2018-10-01,10.392666816711426,10.649999618530273,10.314666748046875,10.393333435058594,6400500,9.96524429321289,0.008343617361252553
2018-10-02,10.324666976928711,10.816666603088379,10.307332992553711,10.40999984741211,8142000,9.981223106384277,0.0016035675616157263
2018-10-03,10.540666580200195,10.630000114440918,10.133333206176758,10.427332878112793,7701000,9.997844696044922,0.0016650365950765522
2018-10-04,10.239999771118164,10.266667366027832,9.600000381469727,9.866666793823242,15123000,9.4602689743042,-0.05376888710116867
2018-10-05,9.760666847229004,9.897333145141602,8.897333145141602,9.170000076293945,22242000,8.79229736328125,-0.07060811235314302
2018-10-08,9.0,9.186667442321777,8.613332748413086,8.844667434692383,12891000,8.480364799499512,-0.03547793226770024
2018-10-09,8.777999877929688,8.954000473022461,8.65666675567627,8.837332725524902,7024500,8.473333358764648,-0.0008292803795777459
2018-10-10,8.506667137145996,8.508000373840332,7.6533331871032715,7.664667129516602,26956500,7.348968029022217,-0.13269451682194633
2018-10-11,7.646667003631592,8.10533332824707,7.24666690826416,7.4206671714782715,20209500,7.115018844604492,-0.031834384183324405
2018-10-12,8.040666580200195,8.155332565307617,7.5,7.834000110626221,13690500,7.511326789855957,0.05570023956021308
2018-10-15,7.723999977111816,7.880000114440918,7.533999919891357,7.624667167663574,8487000,7.3106160163879395,-0.026721079908934686
2018-10-16,7.913332939147949,8.402667045593262,7.848667144775391,8.371333122253418,10891500,8.026529312133789,0.09792767843775207
2018-10-17,8.53266716003418,8.60533332824707,8.09333324432373,8.26533317565918,9156000,7.924892425537109,-0.012662254033644849
2018-10-18,8.161333084106445,8.166666984558105,7.555333137512207,7.646667003631592,15177000,7.331709384918213,-0.07485072396712522
2018-10-19,7.802000045776367,7.918000221252441,7.199999809265137,7.285999774932861,14745000,6.985898017883301,-0.04716659278185398
2018-10-22,7.433332920074463,7.558667182922363,7.22933292388916,7.427999973297119,8202000,7.1220502853393555,0.019489459614424165
2018-10-23,6.843332767486572,7.433332920074463,6.6106672286987305,7.308667182922363,20764500,7.007629871368408,-0.016065265320913347
2018-10-24,6.943999767303467,6.966667175292969,5.8333330154418945,5.863333225250244,29644500,5.621829509735107,-0.197756160117583
2018-10-25,6.000667095184326,6.402667045593262,5.960000038146973,6.26200008392334,15933000,6.004075050354004,0.06799321194235564
2018-10-26,5.8393330574035645,6.25333309173584,5.625332832336426,5.928667068481445,19084500,5.684471607208252,-0.053231078086005246
2018-10-29,6.267333030700684,6.369332790374756,5.415999889373779,5.754000186920166,15058500,5.517000675201416,-0.029461408364429897
2018-10-30,5.721333026885986,6.477333068847656,5.692667007446289,6.46999979019165,18321000,6.203506946563721,0.12443510253946033
2018-10-31,6.766666889190674,6.853332996368408,6.522666931152344,6.702667236328125,14517000,6.42659330368042,0.035960966565901975
2018-11-01,6.794666767120361,7.691999912261963,6.789332866668701,7.625332832336426,19780500,7.31125545501709,0.13765648263239139
2018-11-02,7.618000030517578,7.679333209991455,7.007999897003174,7.283332824707031,18301500,6.983341217041016,-0.044850502286154614
2018-11-05,7.24666690826416,7.262667179107666,6.738667011260986,7.0960001945495605,12534000,6.803724765777588,-0.025720729048930413
2018-11-06,7.047332763671875,7.423999786376953,7.047332763671875,7.353332996368408,7428000,7.050457954406738,0.0362644862970134
2018-11-07,7.657332897186279,7.674666881561279,7.344666957855225,7.617332935333252,13149000,7.303582668304443,0.035902078566987905
2018-11-08,7.3993330001831055,7.680666923522949,7.303999900817871,7.517333030700684,8494500,7.207703113555908,-0.013127941955735634
2018-11-09,7.199999809265137,7.27666711807251,6.9019999504089355,7.0980000495910645,8788500,6.805642127990723,-0.05578214765756273
2018-11-12,6.755332946777344,6.757999897003174,6.073332786560059,6.168000221252441,15409500,5.913947582244873,-0.13102279823063723
2018-11-13,6.267333030700684,6.77133321762085,6.267333030700684,6.395999908447266,10953000,6.132556438446045,0.036964928504579
2018-11-14,6.632667064666748,6.77133321762085,6.297332763671875,6.470666885375977,10629000,6.204145908355713,0.011674011569339893
2018-11-15,6.398666858673096,7.199999809265137,6.366666793823242,7.125332832336426,14431500,6.831848621368408,0.10117441657211979
2018-11-16,6.389999866485596,6.9633331298828125,6.3506669998168945,6.870666980743408,12009000,6.587672233581543,-0.03574090608613878
2018-11-19,6.702667236328125,6.8373332023620605,6.063333034515381,6.071332931518555,13630500,5.821260929107666,-0.11634009499589593
2018-11-20,5.572667121887207,6.345333099365234,5.556666851043701,6.099999904632568,21753000,5.848747253417969,0.004721693479399436
2018-11-21,6.319333076477051,6.446000099182129,6.1620001792907715,6.172667026519775,10492500,5.918422222137451,0.011912643118571431
2018-11-23,6.066667079925537,6.3333330154418945,6.0,6.170000076293945,5686500,5.915865421295166,-0.00043205800902135216
2018-11-26,6.433332920074463,6.52133321762085,6.242667198181152,6.518667221069336,10636500,6.2501702308654785,0.0565100713880089
2018-11-27,6.406000137329102,6.7133331298828125,6.312666893005371,6.560667037963867,7797000,6.290441036224365,0.006443006748186431
2018-11-28,6.757332801818848,7.01200008392334,6.380667209625244,7.011332988739014,11701500,6.722545623779297,0.06869209307031277
2018-11-29,6.9106669425964355,7.051332950592041,6.792666912078857,6.844666957855225,6813000,6.562744140625,-0.023770947857058466
2018-11-30,6.862667083740234,7.139999866485596,6.636666774749756,7.125999927520752,9060000,6.832488059997559,0.041102506724985055
2018-12-03,7.797332763671875,7.861332893371582,7.480000019073486,7.702000141143799,18288000,7.384763717651367,0.08083079139511673
2018-12-04,7.5233330726623535,7.552000045776367,6.566667079925537,6.578667163848877,18252000,6.307698726654053,-0.14584951398457124
2018-12-06,6.03866720199585,6.470666885375977,5.940000057220459,6.470666885375977,21013500,6.204145908355713,-0.01641674153487871
2018-12-07,6.427332878112793,6.47333288192749,5.657332897186279,5.745999813079834,19045500,5.5093278884887695,-0.11199264081016524
2018-12-10,5.715332984924316,6.052000045776367,5.6579999923706055,5.989333152770996,14008500,5.742639064788818,0.042348302750942146
2018-12-11,6.27066707611084,6.510000228881836,5.989333152770996,6.095333099365234,23953500,5.844273090362549,0.017698121625643326
2018-12-12,6.387332916259766,6.627333164215088,6.22866678237915,6.365333080291748,17592000,6.103152275085449,0.04429618144324743
2018-12-13,6.48466682434082,6.574666976928711,6.223999977111816,6.294666767120361,13446000,6.035396099090576,-0.011101746331261597
2018-12-14,6.0833330154418945,6.409999847412109,6.021999835968018,6.026000022888184,10413000,5.777795791625977,-0.04268164688805054
2018-12-17,5.966667175292969,6.275332927703857,5.691332817077637,5.800000190734863,15946500,5.5611042976379395,-0.03750412069281761
2018-12-18,5.946000099182129,6.305333137512207,5.944666862487793,6.029333114624023,13204500,5.78099250793457,0.03954015799094379
2018-12-19,5.971333026885986,6.126667022705078,5.181333065032959,5.267333030700684,29062500,5.05037784576416,-0.12638215030367528
2018-12-20,5.24066686630249,5.506667137145996,4.935999870300293,5.132667064666748,19387500,4.921257972717285,-0.025566252456230565
2018-12-21,5.23199987411499,5.414667129516602,4.8379998207092285,4.897333145141602,19287000,4.695616722106934,-0.04585022105664793
2018-12-24,4.768667221069336,4.923333168029785,4.466667175292969,4.4720001220703125,13795500,4.287802696228027,-0.08684992637130284
2018-12-26,4.652667045593262,5.244667053222656,4.425333023071289,5.24066686630249,17737500,5.024809837341309,0.17188432988600266
2018-12-27,4.956666946411133,5.341332912445068,4.803332805633545,5.338666915893555,12370500,5.137268543243408,0.01869991970319762
2018-12-28,5.454667091369629,5.74666690826416,5.314000129699707,5.451333045959473,17269500,5.245683670043945,0.021103794606571746
2018-12-31,5.638000011444092,5.691332817077637,5.390666961669922,5.554666996002197,12660000,5.345118522644043,0.018955721320185193
2019-01-02,5.180666923522949,5.822000026702881,5.173999786376953,5.702000141143799,13147500,5.4868950843811035,0.026524208426470963
2019-01-03,5.315332889556885,5.388667106628418,4.672667026519775,4.688666820526123,28599000,4.511789321899414,-0.17771541486044318
2019-01-04,4.921999931335449,5.3566670417785645,4.886666774749756,5.294666767120361,17604000,5.094925880432129,0.12924781601910418
2019-01-07,5.398666858673096,5.754000186920166,5.280666828155518,5.605332851409912,16641000,5.393873691558838,0.05867528551915169
2019-01-08,5.775332927703857,5.78266716003418,5.298666954040527,5.5193328857421875,14445000,5.311117649078369,-0.015342526117087418
2019-01-09,5.677999973297119,6.021999835968018,5.672667026519775,5.946000099182129,17928000,5.721690654754639,0.07730412755898985
2019-01-10,5.760666847229004,6.137332916259766,5.757332801818848,6.113333225250244,12975000,5.882709980010986,0.028142133077181164
2019-01-11,6.018667221069336,6.451333045959473,5.966667175292969,6.283999919891357,12399000,6.046937942504883,0.027917126116436597
2019-01-14,6.050000190734863,6.118000030517578,5.890666961669922,5.986667156219482,10731000,5.760822772979736,-0.0473158445993449
2019-01-15,6.028666973114014,6.243332862854004,5.952000141143799,6.026000022888184,14590500,5.798672199249268,0.006570077414081554
2019-01-16,6.099999904632568,6.179333209991455,5.870666980743408,5.878666877746582,10257000,5.656897068023682,-0.02444957593461583
2019-01-17,5.794000148773193,6.176000118255615,5.654666900634766,6.081999778747559,15876000,5.8525590896606445,0.034588267243154114
2019-01-18,6.263332843780518,6.616000175476074,6.161333084106445,6.499332904815674,15720000,6.254148960113525,0.068617747657014
2019-01-22,6.315332889556885,6.322000026702881,5.813333034515381,5.952667236328125,18655500,5.728105068206787,-0.08411104285525939
2019-01-23,6.067333221435547,6.125999927520752,5.6606669425964355,5.828667163848877,15681000,5.608783721923828,-0.0208310102944268
2019-01-24,6.192667007446289,6.900000095367432,6.192667007446289,6.825333118438721,32491500,6.567850112915039,0.17099380125382035
2019-01-25,6.894667148590088,7.3420000076293945,6.766666889190674,7.261332988739014,17100000,6.987401962280273,0.0638796470054237
2019-01-28,6.453332901000977,6.994667053222656,6.407332897186279,6.818666934967041,14305500,6.561435222625732,-0.060962092560479686
2019-01-29,6.857333183288574,6.906667232513428,6.49666690826416,6.52400016784668,9061500,6.277885437011719,-0.043214717763859434
2019-01-30,6.875999927520752,7.1666669845581055,6.656667232513428,7.090000152587891,14400000,6.822531700134277,0.08675658647752993
2019-01-31,7.065999984741211,7.27400016784668,6.900000095367432,7.095333099365234,10894500,6.827664852142334,0.0007521786548054799
2019-02-01,7.1066670417785645,7.440667152404785,7.1066670417785645,7.343332767486572,10723500,7.066308975219727,0.03495250535080929
2019-02-04,7.360000133514404,7.455333232879639,7.1666669845581055,7.453999996185303,4450500,7.172800540924072,0.015070436299539969
2019-02-05,7.466667175292969,7.656667232513428,7.409333229064941,7.558000087738037,9172500,7.272877216339111,0.01395225269733813
2019-02-06,7.8333330154418945,8.33666706085205,7.826000213623047,8.165332794189453,17931000,7.857298374176025,0.08035627142115831
2019-02-07,7.866666793823242,7.96733283996582,7.422667026519775,7.619999885559082,18687000,7.332538604736328,-0.06678636650528635
2019-02-08,7.2733330726623535,7.624667167663574,7.184667110443115,7.588666915893555,10705500,7.302387714385986,-0.004111938338070997
2019-02-11,7.705999851226807,7.748666763305664,7.49066686630249,7.697332859039307,8164500,7.406954765319824,0.01431950359003964
2019-02-12,7.986667156219482,8.235333442687988,7.937333106994629,8.182666778564453,13083000,7.873979091644287,0.06305221930934146
2019-02-13,8.331999778747559,8.442000389099121,8.174667358398438,8.253999710083008,12480000,7.942620277404785,0.008717565244795278
2019-02-14,8.13599967956543,8.5,8.13599967956543,8.3186674118042,11575500,8.00484561920166,0.007834710927139277
2019-02-15,8.53266716003418,8.577333450317383,8.29466724395752,8.453332901000977,10102500,8.13443374633789,0.01618834874990749
2019-02-19,8.304667472839355,8.574666976928711,8.300666809082031,8.398667335510254,7548000,8.081832885742188,-0.006466747037047305
2019-02-20,8.472000122070312,8.779333114624023,8.469332695007324,8.630000114440918,9694500,8.304438591003418,0.02754398640753042
2019-02-21,8.652667045593262,8.69333267211914,8.359333038330078,8.4399995803833,11476500,8.12160587310791,-0.02201628407161682
2019-02-22,8.642666816711426,8.734000205993652,8.525333404541016,8.703332901000977,12757500,8.37500286102295,0.031200631956159075
2019-02-25,9.133999824523926,9.220666885375977,8.899333000183105,8.92199993133545,12519000,8.58542251586914,0.02512451641477753
2019-02-26,8.829333305358887,8.949333190917969,8.66333293914795,8.737333297729492,8319000,8.407719612121582,-0.02069789677506939
2019-02-27,8.614666938781738,8.614666938781738,8.150667190551758,8.428667068481445,15036000,8.110699653625488,-0.035327281074221784
2019-02-28,8.324000358581543,8.517333030700684,8.239999771118164,8.449333190917969,7447500,8.130586624145508,0.0024518850096479916
2019-03-01,8.702667236328125,8.781999588012695,8.400667190551758,8.670000076293945,10362000,8.342930793762207,0.02611648521722021
2019-03-04,8.864666938781738,8.927332878112793,8.34866714477539,8.673999786376953,14767500,8.34677791595459,0.0004613275718352572
2019-03-05,8.65133285522461,8.71066665649414,8.447999954223633,8.550000190734863,7974000,8.227455139160156,-0.01429554976895886
2019-03-06,8.52400016784668,8.555999755859375,8.119999885559082,8.131999969482422,14940000,7.825225353240967,-0.048888913675745216
2019-03-07,8.0,8.040666580200195,7.71133279800415,7.855332851409912,15607500,7.558993339538574,-0.03402202645238317
2019-03-08,7.442667007446289,7.861999988555908,7.380000114440918,7.842667102813721,12711000,7.5468058586120605,-0.0016123758007170474
2019-03-11,7.988667011260986,8.512666702270508,7.946667194366455,8.402000427246094,12825000,8.085039138793945,0.07131927405559524
2019-03-12,8.458000183105469,8.63266658782959,8.255332946777344,8.5,10372500,8.179340362548828,0.01166383810647198
2019-03-13,8.635333061218262,8.802666664123535,8.566666603088379,8.604000091552734,8331000,8.279419898986816,0.012235304888557064
2019-03-14,8.609999656677246,8.72599983215332,8.442000389099121,8.457332611083984,6633000,8.138282775878906,-0.0170464294407372
2019-03-15,8.76533317565918,9.38466739654541,8.720000267028809,9.185999870300293,22909500,8.839459419250488,0.08615804683634343
2019-03-18,9.244000434875488,9.38466739654541,8.961999893188477,9.12600040435791,10273500,8.78172492980957,-0.006531620595420451
2019-03-19,9.362667083740234,9.559332847595215,9.317333221435547,9.478667259216309,13689000,9.137308120727539,0.038644185758526906
2019-03-20,9.465999603271484,9.628666877746582,9.034667015075684,9.208666801452637,13167000,8.877032279968262,-0.028485065503396023
2019-03-21,9.236666679382324,10.34866714477539,9.236666679382324,10.16333293914795,21321000,9.797318458557129,0.10367039640794884
2019-03-22,10.011333465576172,10.074000358581543,9.273332595825195,9.298666954040527,18607500,8.963790893554688,-0.08507701068975426
2019-03-25,9.14466667175293,9.353333473205566,8.721332550048828,8.944000244140625,23959500,8.621896743774414,-0.03814167252713463
2019-03-26,9.31933307647705,9.450667381286621,9.002667427062988,9.215999603271484,17310000,8.884101867675781,0.030411376532447187
2019-03-27,9.233332633972168,9.317333221435547,8.609333038330078,8.812000274658203,19968000,8.494650840759277,-0.04383673459250914
2019-03-28,8.890666961669922,9.092000007629395,8.587332725524902,8.765999794006348,11520000,8.450307846069336,-0.005220208717440111
2019-03-29,9.074000358581543,9.215332984924316,8.998666763305664,9.169333457946777,12793500,8.83911418914795,0.0460111423018974
2019-04-01,9.577333450317383,9.869333267211914,9.456000328063965,9.844667434692383,18229500,9.490126609802246,0.0736513706086579
2019-04-02,9.829333305358887,9.9486665725708,9.696000099182129,9.87600040435791,8290500,9.520334243774414,0.0031827352090239014
2019-04-03,10.236666679382324,10.808667182922363,10.21399974822998,10.548666954040527,30327000,10.168774604797363,0.06811123148453846
2019-04-04,10.435999870300293,10.795332908630371,10.4313325881958,10.588666915893555,14100000,10.207331657409668,0.0037919447099148407
2019-04-05,10.792667388916016,10.847332954406738,10.600666999816895,10.830666542053223,7863000,10.440617561340332,0.02285458859759082
2019-04-08,10.683333396911621,10.933333396911621,10.616666793823242,10.908666610717773,7659000,10.515809059143066,0.0072017791667478015
2019-04-09,10.733332633972168,10.733332633972168,10.393333435058594,10.540666580200195,16965000,10.16106128692627,-0.03373464820677696
2019-04-10,10.53933334350586,10.899999618530273,10.520000457763672,10.811332702636719,13528500,10.421977996826172,0.025678273795790796
2019-04-11,10.866666793823242,11.005332946777344,10.680000305175781,10.784667015075684,9259500,10.396275520324707,-0.002466457031197633
2019-04-12,11.09333324432373,11.239333152770996,10.974666595458984,11.233332633972168,12208500,10.828782081604004,0.041602176336951624
2019-04-15,11.22933292388916,11.266667366027832,10.795999526977539,10.994000434875488,9196500,10.598071098327637,-0.02130553833800708
2019-04-16,11.199333190917969,12.047332763671875,11.172666549682617,12.041333198547363,19468500,11.607683181762695,0.095264027855547
2019-04-17,12.733332633972168,13.062666893005371,12.302666664123535,12.589332580566406,16183500,12.135947227478027,0.04550985949671693
2019-04-18,12.601332664489746,12.723999977111816,12.421333312988281,12.613332748413086,9463500,12.159085273742676,0.0019063892142883176
2019-04-22,12.433333396911621,12.702667236328125,12.293333053588867,12.618666648864746,4671000,12.164226531982422,0.00042287796239515174
2019-04-23,12.777999877929688,13.120667457580566,12.694666862487793,12.997332572937012,8796000,12.529255867004395,0.03000839427883073
2019-04-24,12.96733283996582,13.76200008392334,12.96733283996582,13.37399959564209,11011500,12.89235782623291,0.028980332740686565
2019-04-25,13.262666702270508,13.262666702270508,12.3013334274292,12.645999908447266,12978000,12.19057559967041,-0.05443395462880396
2019-04-26,11.928667068481445,12.333333015441895,11.541999816894531,12.329333305358887,13794000,11.88531494140625,-0.025040851287437715
2019-04-29,12.371333122253418,12.416000366210938,12.10200023651123,12.264666557312012,4995000,11.822975158691406,-0.0052449509186979215
2019-04-30,12.209333419799805,12.620667457580566,12.189332962036133,12.536666870117188,6696000,12.085182189941406,0.022177554647257347
2019-05-01,12.934000015258789,13.106666564941406,12.209333419799805,12.22933292388916,12915000,11.788915634155273,-0.0245148052039732
2019-05-02,12.165332794189453,13.020000457763672,12.136667251586914,12.636667251586914,13312500,12.1815767288208,0.03330797601413349
2019-05-03,12.863332748413086,12.907999992370605,12.450667381286621,12.890000343322754,8863500,12.425788879394531,0.020047460829043073
2019-05-06,11.605999946594238,12.284667015075684,11.481332778930664,12.256667137145996,17829000,11.815266609191895,-0.049133684197676164
2019-05-07,11.8013334274292,11.859333038330078,10.960000038146973,11.362000465393066,24256500,10.952817916870117,-0.07299428643546046
2019-05-08,11.125332832336426,11.600000381469727,11.02400016784668,11.089332580566406,12007500,10.689969062805176,-0.023998228626830764
2019-05-09,10.566666603088379,10.847999572753906,9.95533275604248,10.694666862487793,18993000,10.309515953063965,-0.03558967279692271
2019-05-10,10.47933292388916,10.923333168029785,9.973999977111816,10.72599983215332,20788500,10.339723587036133,0.0029297751924775017
2019-05-13,9.662667274475098,9.858667373657227,9.079333305358887,9.211999893188477,24391500,8.880244255065918,-0.1411523366265891
2019-05-14,9.553333282470703,10.007332801818848,9.425333023071289,9.871333122253418,17139000,9.515830993652344,0.07157329968625636
2019-05-15,9.522000312805176,10.311332702636719,9.513333320617676,10.113332748413086,14703000,9.749117851257324,0.024515394543227043
2019-05-16,9.666666984558105,9.935333251953125,9.417332649230957,9.600000381469727,21981000,9.25426959991455,-0.05075798252795627
2019-05-17,9.155332565307617,9.715332984924316,8.918000221252441,9.03266716003418,24265500,8.707369804382324,-0.05909720821789077
2019-05-20,8.223999977111816,8.373332977294922,7.78000020980835,7.949999809265137,26760000,7.663692951202393,-0.11986131356189
2019-05-21,8.466667175292969,8.575332641601562,8.245332717895508,8.449999809265137,19236000,8.145687103271484,0.06289308326992504
2019-05-22,7.98199987411499,8.178667068481445,7.835999965667725,7.921332836151123,15225000,7.636058330535889,-0.06256414024226942
2019-05-23,7.471333026885986,7.554666996002197,7.154666900634766,7.52066707611084,20860500,7.249823093414307,-0.05058059903905787
2019-05-24,7.712666988372803,7.806666851043701,7.310667037963867,7.325333118438721,13459500,7.061522960662842,-0.025972956347528164
2019-05-28,7.457333087921143,7.533332824707031,7.095333099365234,7.125999927520752,13249500,6.869369029998779,-0.02721148481510338
2019-05-29,6.950666904449463,7.322667121887207,6.9033331871032715,7.222667217254639,20284500,6.962554931640625,0.013565435127294245
2019-05-30,7.296000003814697,7.572000026702881,7.2266669273376465,7.387332916259766,19113000,7.121290683746338,0.02279846129581431
2019-05-31,7.111999988555908,7.430666923522949,7.047999858856201,7.066667079925537,18478500,6.812173366546631,-0.04340752474122733
2019-06-03,7.331999778747559,7.533332824707031,7.010000228881836,7.134666919708252,23410500,6.877723217010498,0.00962261827444566
2019-06-04,7.533332824707031,8.055333137512207,7.326666831970215,8.039999961853027,32151000,7.750452995300293,0.1268921243742933
2019-06-05,8.304667472839355,8.310667037963867,7.569333076477051,7.880000114440918,25533000,7.596214771270752,-0.019900478628265272
2019-06-06,7.877333164215088,8.291999816894531,7.826666831970215,8.207332611083984,14176500,7.911757946014404,0.041539656331120556
2019-06-07,8.26533317565918,8.538666725158691,8.227333068847656,8.464667320251465,14091000,8.159825325012207,0.03135424398664566
2019-06-10,8.851332664489746,9.423999786376953,8.787332534790039,9.124667167663574,21726000,8.79605770111084,0.07797115024628076
2019-06-11,9.637999534606934,9.666666984558105,8.994000434875488,9.19333267211914,18606000,8.862250328063965,0.007525261271874806
2019-06-12,8.92199993133545,8.946666717529297,8.517333030700684,8.54466724395752,11925000,8.236946105957031,-0.07055824599155924
2019-06-13,8.768667221069336,8.803333282470703,8.5,8.706666946411133,11455500,8.393111228942871,0.018959158716001845
2019-06-14,7.933332920074463,8.143333435058594,7.8520002365112305,8.016667366027832,14856000,7.727960109710693,-0.07924956641045255
2019-06-17,8.033332824707031,8.11066722869873,7.838666915893555,7.855332851409912,8601000,7.5724358558654785,-0.02012488572266402
2019-06-18,8.14466667175293,9.039999961853027,8.093999862670898,8.880000114440918,26061000,8.560200691223145,0.1304422463584205
2019-06-19,9.026666641235352,9.08133316040039,8.755332946777344,8.897333145141602,13185000,8.576910018920898,0.0019519178465432496
2019-06-20,9.471332550048828,9.552666664123535,9.010666847229004,9.144000053405762,19162500,8.81469440460205,0.02772369026092414
2019-06-21,9.010666847229004,9.24666690826416,8.923999786376953,8.95533275604248,12225000,8.632820129394531,-0.020632906415284924
2019-06-24,9.013999938964844,9.133333206176758,8.927332878112793,9.014666557312012,9433500,8.690016746520996,0.006625527256873376
2019-06-25,9.025333404541016,9.170666694641113,8.587332725524902,8.619333267211914,12205500,8.320858001708984,-0.04385445513560715
2019-06-26,9.188667297363281,9.593999862670898,9.142000198364258,9.429332733154297,19284000,9.102807998657227,0.09397472412670638
2019-06-27,9.603333473205566,10.001333236694336,9.603333473205566,9.845333099365234,13567500,9.50440502166748,0.0441176887043393
2019-06-28,10.12600040435791,10.157333374023438,9.824666976928711,9.88599967956543,11226000,9.54366397857666,0.004130543861722291
2019-07-01,11.180000305175781,11.4399995803833,10.4399995803833,10.685999870300293,21082500,10.315960884094238,0.0809225386066399
2019-07-02,10.5600004196167,10.5600004196167,10.103333473205566,10.23799991607666,12142500,9.883475303649902,-0.04192400895200865
2019-07-03,10.27733325958252,10.27733325958252,9.876667022705078,10.078666687011719,9478500,9.729659080505371,-0.015562925412290873
2019-07-05,9.75,9.951333045959473,9.588666915893555,9.918000221252441,9699000,9.574555397033691,-0.015941242105597775
2019-07-08,9.64466667175293,9.778667449951172,9.516667366027832,9.678000450134277,8194500,9.342865943908691,-0.0241984034849978
2019-07-09,9.53600025177002,9.928667068481445,9.458666801452637,9.90133285522461,9168000,9.558465957641602,0.023076296208193847
2019-07-10,10.230667114257812,10.530667304992676,10.059332847595215,10.109333038330078,16626000,9.75926399230957,0.021007291255309424
2019-07-11,10.260000228881836,10.311332702636719,10.007332801818848,10.185999870300293,8664000,9.833274841308594,0.007583767562066468
2019-07-12,10.295332908630371,10.778667449951172,10.268667221069336,10.767999649047852,12400500,10.395119667053223,0.05713722620834871
2019-07-15,10.933333396911621,11.166666984558105,10.833333015441895,11.018667221069336,8479500,10.63710880279541,0.02327893575327611
2019-07-16,10.859333038330078,10.932666778564453,10.499333381652832,10.661999702453613,9934500,10.292795181274414,-0.03236938837155556
2019-07-17,10.895999908447266,10.925333023071289,10.65133285522461,10.751333236694336,7201500,10.379032135009766,0.008378684743366227
2019-07-18,10.795999526977539,11.302666664123535,10.774666786193848,11.244000434875488,13081500,10.85463809967041,0.04582382364446458
2019-07-19,11.395999908447266,11.5,11.150667190551758,11.169333457946777,9180000,10.78255844116211,-0.006640606015730577
2019-07-22,11.364666938781738,11.880000114440918,11.34000015258789,11.823332786560059,13075500,11.413908958435059,0.05855312056674
2019-07-23,12.069999694824219,12.273332595825195,11.87399959564209,12.273332595825195,10419000,11.848328590393066,0.0380603183035384
2019-07-24,12.533332824707031,13.473999977111816,12.512666702270508,13.392000198364258,23553000,12.928257942199707,0.09114619797067824
2019-07-25,13.143333435058594,13.146666526794434,12.609999656677246,12.712667465209961,14809500,12.27244758605957,-0.050726756503279624
2019-07-26,12.969332695007324,12.990667343139648,12.685333251953125,12.703332901000977,8842500,12.263436317443848,-0.000734272664216995
2019-07-29,12.600000381469727,12.863332748413086,12.321999549865723,12.8013334274292,7939500,12.358044624328613,0.0077145523298456364
2019-07-30,12.456000328063965,12.804667472839355,12.322667121887207,12.714667320251465,5961000,12.274378776550293,-0.006770084356371497
2019-07-31,12.510666847229004,12.510666847229004,11.109333038330078,11.486666679382324,21309000,11.088902473449707,-0.09658142127818203
2019-08-01,11.36400032043457,12.312666893005371,10.506667137145996,10.797332763671875,25618500,10.423439979553223,-0.060011658294895076
2019-08-02,10.453332901000977,10.736000061035156,10.033332824707031,10.291333198547363,16612500,9.93496036529541,-0.04686338526371725
2019-08-05,9.386667251586914,9.430000305175781,8.70199966430664,8.946666717529297,22728000,8.636858940124512,-0.13066008602343848
2019-08-06,9.417332649230957,9.666000366210938,9.005999565124512,9.305999755859375,20334000,8.983746528625488,0.04016390122435576
2019-08-07,8.887332916259766,9.571332931518555,8.866666793823242,9.501999855041504,19701000,9.172961235046387,0.021061691846566033
2019-08-08,9.791333198547363,10.278667449951172,9.559332847595215,10.278667449951172,18787500,9.922734260559082,0.08173727707410872
2019-08-09,9.947333335876465,10.070667266845703,9.505999565124512,9.704000473022461,17550000,9.367966651916504,-0.0559087040929066
2019-08-12,9.463333129882812,9.704000473022461,9.202667236328125,9.355999946594238,12654000,9.032017707824707,-0.03586155291270632
2019-08-13,9.319999694824219,10.411333084106445,9.133999824523926,10.182000160217285,19845000,9.829413414001465,0.08828561547007352
2019-08-14,9.479999542236328,9.721332550048828,9.074666976928711,9.227333068847656,27957000,8.907805442810059,-0.09376027070787796
2019-08-15,9.473333358764648,9.473333358764648,8.928667068481445,9.15133285522461,14976000,8.83443832397461,-0.00823642249130796
2019-08-16,9.545332908630371,9.977333068847656,9.479999542236328,9.899999618530273,16189500,9.557178497314453,0.08180958720982834
2019-08-19,10.591333389282227,10.714667320251465,10.313332557678223,10.468667030334473,15972000,10.10615348815918,0.05744115492083446
2019-08-20,10.393333435058594,10.524666786193848,10.13599967956543,10.302666664123535,8716500,9.945901870727539,-0.015856877072307984
2019-08-21,10.633333206176758,10.733332633972168,10.432000160217285,10.594667434692383,9754500,10.227792739868164,0.02834225158285153
2019-08-22,10.653332710266113,10.755332946777344,10.246000289916992,10.583333015441895,9760500,10.216850280761719,-0.001069823033177375
2019-08-23,10.173333168029785,10.436667442321777,9.106666564941406,9.211999893188477,31515000,8.893004417419434,-0.12957478709708348
2019-08-26,9.66866683959961,9.685999870300293,9.325332641601562,9.4399995803833,11319000,9.113106727600098,0.024750291992883255
2019-08-27,9.676667213439941,9.766667366027832,9.180000305175781,9.341333389282227,11251500,9.01785659790039,-0.01045192748801671
2019-08-28,9.194666862487793,9.552666664123535,9.000666618347168,9.512666702270508,10600500,9.183259010314941,0.018341419350781374
2019-08-29,9.933333396911621,10.347999572753906,9.933333396911621,10.15666675567627,18906000,9.80495834350586,0.06769921343423602
2019-08-30,10.440667152404785,10.59866714477539,10.170000076293945,10.329999923706055,10582500,9.972288131713867,0.01706595009951606
2019-09-03,10.000666618347168,10.102666854858398,9.62399959564209,9.792667388916016,12528000,9.453564643859863,-0.052016702687182836
2019-09-04,10.265999794006348,10.607333183288574,10.251333236694336,10.59333324432373,19119000,10.2265043258667,0.081761773744502
2019-09-05,11.270000457763672,11.950667381286621,11.22599983215332,11.582667350769043,17769000,11.181577682495117,0.09339214425029363
2019-09-06,11.640000343322754,11.75333309173584,11.400667190551758,11.629332542419434,7131000,11.226630210876465,0.004028881278999474
2019-09-09,11.853333473205566,12.084667205810547,11.646666526794434,11.792667388916016,9319500,11.384307861328125,0.014045074891512188
2019-09-10,11.607999801635742,11.947999954223633,11.37399959564209,11.947999954223633,7002000,11.534260749816895,0.013171961879770766
2019-09-11,12.119333267211914,12.483332633972168,11.899999618530273,12.483332633972168,9793500,12.051054000854492,0.04480521273849636
2019-09-12,12.800666809082031,12.937999725341797,12.333999633789062,12.59333324432373,11793000,12.157249450683594,0.008811798385649494
2019-09-13,12.597332954406738,12.703332901000977,12.280667304992676,12.47933292388916,6118500,12.047194480895996,-0.009052434190602754
2019-09-16,12.133333206176758,12.393333435058594,11.887999534606934,12.225333213806152,6535500,11.801990509033203,-0.02035362880629432
2019-09-17,12.143333435058594,12.359333038330078,11.934000015258789,12.33666706085205,5451000,11.909470558166504,0.009106814930833096
2019-09-18,12.291999816894531,12.374667167663574,11.833999633789062,12.36066722869873,8751000,11.932637214660645,0.0019454337000663902
2019-09-19,12.472000122070312,12.55666732788086,12.11733341217041,12.172666549682617,7227000,11.751148223876953,-0.015209589865797679
2019-09-20,12.319999694824219,12.319999694824219,11.333333015441895,11.494000434875488,11719500,11.095982551574707,-0.05575328232619858
2019-09-23,11.425999641418457,12.03266716003418,11.425999641418457,11.845333099365234,8188500,11.435148239135742,0.030566613119634267
2019-09-24,12.092000007629395,12.104666709899902,11.0686674118042,11.251999855041504,18163500,10.881529808044434,-0.05009004300229647
2019-09-25,11.067333221435547,11.938667297363281,10.795332908630371,11.827333450317383,11985000,11.4379243850708,0.051131674607878486
2019-09-26,11.838666915893555,11.966667175292969,11.511333465576172,11.864666938781738,10096500,11.474027633666992,0.0031565431566786817
2019-09-27,11.607333183288574,11.73799991607666,10.749333381652832,11.0,17278500,10.637828826904297,-0.0728774725193021
2019-09-30,11.199999809265137,11.38266658782959,11.017333030700684,11.347999572753906,7299000,10.974370956420898,0.03163632479580958
2019-10-01,11.573332786560059,11.986666679382324,10.910667419433594,11.037332534790039,14653500,10.673932075500488,-0.027376370255579374
2019-10-02,10.709333419799805,10.83666706085205,10.30666732788086,10.516667366027832,19338000,10.17040729522705,-0.04717309794926017
2019-10-03,10.535332679748535,11.079999923706055,10.145999908447266,11.054667472839355,17961000,10.69069766998291,0.05115690057379152
2019-10-04,11.163999557495117,11.666666984558105,11.136667251586914,11.654000282287598,13695000,11.270297050476074,0.0542153629605564
2019-10-07,11.553333282470703,11.762666702270508,11.383999824523926,11.388667106628418,9079500,11.013697624206543,-0.02276756214451514
2019-10-08,11.033332824707031,11.058667182922363,10.311332702636719,10.341333389282227,25107000,10.000846862792969,-0.09196280017146374
2019-10-09,10.766667366027832,11.065999984741211,10.671333312988281,10.862667083740234,15838500,10.505017280578613,0.05041261845385603
2019-10-10,10.941332817077637,11.516667366027832,10.904000282287598,11.178667068481445,18492000,10.810612678527832,0.02909046022539119
2019-10-11,11.800000190734863,12.336000442504883,11.762666702270508,11.929332733154297,27876000,11.536561012268066,0.06715162550903542
2019-10-14,11.887999534606934,12.0,11.750666618347168,11.927332878112793,7069500,11.534628868103027,-0.00016764181922312993
2019-10-15,12.131999969482422,12.795999526977539,12.096667289733887,12.709333419799805,19419000,12.290881156921387,0.06556373915932356
2019-10-16,12.526000022888184,12.691332817077637,12.077333450317383,12.15666675567627,15471000,11.7564115524292,-0.04348510231563674
2019-10-17,12.595999717712402,12.701333045959473,12.043333053588867,12.284000396728516,12418500,11.87955093383789,0.010474387725795786
2019-10-18,12.203332901000977,12.290666580200195,11.513999938964844,11.87399959564209,14661000,11.483052253723145,-0.03337681438007911
2019-10-21,12.158666610717773,12.55666732788086,12.113332748413086,12.549332618713379,11613000,12.136147499084473,0.05687494071661803
2019-10-22,12.619999885559082,12.699333190917969,12.23799991607666,12.255999565124512,9618000,11.8524751663208,-0.023374394679080646
2019-10-23,11.576000213623047,11.866666793823242,11.316666603088379,11.543333053588867,15555000,11.1632719039917,-0.058148379309966525
2019-10-24,12.0,12.398667335510254,11.934000015258789,12.380666732788086,14469000,11.973036766052246,0.07253829334317685
2019-10-25,12.456000328063965,13.173333168029785,12.44333267211914,13.142666816711426,18265500,12.70994758605957,0.06154758062466148
2019-10-28,13.400667190551758,13.888667106628418,13.391332626342773,13.831999778747559,15250500,13.37658405303955,0.052450006657676074
2019-10-29,13.898667335510254,14.165332794189453,13.423333168029785,13.469332695007324,10779000,13.025858879089355,-0.026219425212647973
2019-10-30,13.743332862854004,13.743332862854004,13.173333168029785,13.471332550048828,8559000,13.027793884277344,0.00014847469334888785
2019-10-31,13.303999900817871,13.345999717712402,12.710000038146973,13.218000411987305,9952500,12.782800674438477,-0.01880527684401978
2019-11-01,13.595333099365234,14.129332542419434,13.434666633605957,14.129332542419434,10477500,13.664128303527832,0.06894629308723954
2019-11-04,14.665332794189453,15.131333351135254,14.628666877746582,15.054667472839355,12294000,14.558996200561523,0.06549034978417123
2019-11-05,15.236000061035156,15.477333068847656,14.970000267028809,15.141332626342773,9777000,14.642809867858887,0.005756696629784397
2019-11-06,15.060667037963867,15.066666603088379,14.345999717712402,14.800000190734863,11104500,14.312713623046875,-0.022543090759003737
2019-11-07,15.510000228881836,15.5686674118042,14.881333351135254,15.090666770935059,12427500,14.593810081481934,0.019639633544204838
2019-11-08,14.906000137329102,15.33133316040039,14.638667106628418,15.33133316040039,7299000,14.826556205749512,0.01594802887893998
2019-11-11,14.925999641418457,15.175333023071289,14.748666763305664,15.081999778747559,6657000,14.585427284240723,-0.016262994160014754
2019-11-12,15.305999755859375,15.559332847595215,15.008000373840332,15.215332984924316,13849500,14.714372634887695,0.008840552190210182
2019-11-13,14.888667106628418,15.353333473205566,14.733332633972168,15.206666946411133,12061500,14.705991744995117,-0.0005695595700579981
2019-11-14,15.055333137512207,15.12733268737793,14.741999626159668,15.08133316040039,11265000,14.584785461425781,-0.00824202873992197
2019-11-15,15.619333267211914,15.866666793823242,15.280667304992676,15.473333358764648,14211000,14.963876724243164,0.025992410232906105
2019-11-18,15.484000205993652,15.675333023071289,15.13466739654541,15.379332542419434,8130000,14.872971534729004,-0.006075020434557432
2019-11-19,15.566666603088379,15.663999557495117,14.898667335510254,15.141332626342773,12429000,14.642809867858887,-0.015475308529821152
2019-11-20,14.895333290100098,15.167332649230957,14.285332679748535,14.620667457580566,17808000,14.139287948608398,-0.03438701081411799
2019-11-21,14.40666675567627,14.542667388916016,13.958000183105469,14.121333122253418,15439500,13.656394004821777,-0.034152636107474876
2019-11-22,14.343999862670898,14.489999771118164,14.0,14.11400032043457,10084500,13.649301528930664,-0.0005192712157814361
2019-11-25,14.533332824707031,15.16333293914795,14.517999649047852,15.140666961669922,14046000,14.642166137695312,0.0727410101974364
2019-11-26,15.063332557678223,15.094667434692383,14.739999771118164,14.935999870300293,10887000,14.44423770904541,-0.013517706445017486
2019-11-27,15.167332649230957,15.275333404541016,15.054667472839355,15.255999565124512,7248000,14.75369930267334,0.021424725334962424
2019-11-29,15.03600025177002,15.070667266845703,14.71399974822998,14.762666702270508,4399500,14.276611328125,-0.03233697410307823
2019-12-02,14.774666786193848,14.878666877746582,14.035332679748535,14.113332748413086,13189500,13.64865493774414,-0.04398486851684824
2019-12-03,13.153332710266113,13.475333213806152,12.979999542236328,13.468000411987305,14646000,13.024569511413574,-0.04572501392333028
2019-12-04,14.065999984741211,14.243332862854004,13.933333396911621,14.100666999816895,8785500,13.636407852172852,0.04697553968490231
2019-12-05,14.316666603088379,14.483332633972168,14.088666915893555,14.270000457763672,7833000,13.800165176391602,0.012008897022316445
2019-12-06,14.756667137145996,15.017999649047852,14.727333068847656,14.933333396911621,9769500,14.441658973693848,0.04648443713167927
2019-12-09,14.933333396911621,15.052000045776367,14.673999786376953,14.6813325881958,4908000,14.197955131530762,-0.01687505408323209
2019-12-10,14.87600040435791,15.150667190551758,14.697999954223633,14.844667434692383,7432500,14.355908393859863,0.011125342029776553
2019-12-11,15.023332595825195,15.851332664489746,14.96733283996582,15.817999839782715,11976000,15.297195434570312,0.06556781479763085
2019-12-12,15.73466682434082,17.149999618530273,15.720000267028809,17.101333618164062,20947500,16.53827476501465,0.08113122969907538
2019-12-13,17.053333282470703,17.61199951171875,16.60066795349121,16.81999969482422,21313500,16.266197204589844,-0.016450993216168053
2019-12-16,17.386667251586914,17.75933265686035,17.281333923339844,17.297332763671875,10213500,16.727819442749023,0.028378898781700856
2019-12-17,17.56333351135254,17.656667709350586,17.266666412353516,17.524667739868164,9778500,16.947669982910156,0.01314277636340222
2019-12-18,17.57933235168457,17.666667938232422,17.32666778564453,17.499332427978516,7486500,16.923173904418945,-0.0014456942788142468
2019-12-19,17.667333602905273,17.92733383178711,17.46733283996582,17.910667419433594,7558500,17.320964813232422,0.023505753327905277
2019-12-20,18.214000701904297,18.577333450317383,18.03733253479004,18.486000061035156,10882500,17.877355575561523,0.032122345199560254
2019-12-23,18.913333892822266,18.92066764831543,18.534000396728516,18.591333389282227,11043000,17.99791145324707,0.005698005404051187
2019-12-24,18.67333221435547,18.729333877563477,18.39933204650879,18.729333877563477,3774000,18.131502151489258,0.007422839738908005
2019-12-26,18.829999923706055,18.873332977294922,18.554000854492188,18.799999237060547,5878500,18.199920654296875,0.0037729777235548934
2019-12-27,18.99066734313965,18.99066734313965,18.44066619873047,18.590667724609375,7303500,17.997268676757812,-0.011134655369480884
2019-12-30,18.51066780090332,18.536666870117188,17.774667739868164,18.19933319091797,9241500,17.618425369262695,-0.021050052611793935
2019-12-31,17.916000366210938,18.381332397460938,17.869333267211914,18.321332931518555,5722500,17.736528396606445,0.00670352805351504
2020-01-02,19.0086669921875,19.465999603271484,18.752666473388672,19.464000701904297,10438500,18.842723846435547,0.062368157090797016
2020-01-03,18.5,18.885332107543945,18.274667739868164,18.41266632080078,14713500,17.8249454498291,-0.05401430041053468
2020-01-06,17.733999252319336,17.996667861938477,17.429332733154297,17.82866668701172,11313000,17.25958824157715,-0.03171727677100833
2020-01-07,18.40399932861328,19.006000518798828,18.123332977294922,18.74799919128418,10441500,18.149574279785156,0.05156484892626323
2020-01-08,18.82666778564453,19.123332977294922,18.486000061035156,18.78933334350586,10024500,18.189592361450195,0.0022047233840769564
2020-01-09,19.465999603271484,19.482667922973633,18.547332763671875,19.11400032043457,11472000,18.50389289855957,0.01727932391177278
2020-01-10,19.375999450683594,19.381999969482422,18.583999633789062,18.72333335876465,11304000,18.125701904296875,-0.02043878597471116
2020-01-13,19.126667022705078,19.501333236694336,18.920000076293945,19.457332611083984,8160000,18.836265563964844,0.039202381234949346
2020-01-14,19.470666885375977,20.01799964904785,19.222667694091797,19.582666397094727,9610500,18.957599639892578,0.006441468032434505
2020-01-15,19.573333740234375,19.623332977294922,18.666667938232422,18.876667022705078,11518500,18.274139404296875,-0.036052259690967814
2020-01-16,19.343332290649414,19.823999404907227,19.299999237060547,19.82266616821289,10807500,19.189937591552734,0.050114733939521816
2020-01-17,20.077333450317383,20.236000061035156,19.747333526611328,20.207332611083984,11839500,19.562326431274414,0.019405383695959788
2020-01-21,19.95599937438965,20.399999618530273,19.933332443237305,20.170000076293945,6961500,19.526185989379883,-0.0018474746523230445
2020-01-22,20.634000778198242,21.291332244873047,20.465999603271484,20.65133285522461,10747500,19.992162704467773,0.023863796584531416
2020-01-23,20.890666961669922,21.133333206176758,20.248666763305664,21.12266731262207,9354000,20.448448181152344,0.022823440051145116
2020-01-24,21.950666427612305,22.066667556762695,19.957332611083984,20.408666610717773,19885500,19.757238388061523,-0.03380258237924516
2020-01-27,18.586000442504883,18.796667098999023,17.937332153320312,18.041332244873047,19500000,17.465469360351562,-0.11599652299682828
2020-01-28,18.733333587646484,19.496667861938477,18.333332061767578,19.332666397094727,14221500,18.71558380126953,0.07157642987194857
2020-01-29,19.117332458496094,19.24333381652832,18.202667236328125,18.266666412353516,12270000,17.68360710144043,-0.05513983238760112
2020-01-30,17.900667190551758,18.37266731262207,17.143333435058594,18.198667526245117,17106000,17.617780685424805,-0.0037225668095856035
2020-01-31,17.757999420166016,17.78066635131836,16.034000396728516,16.24066734313965,22954500,15.722275733947754,-0.10759030463531183
2020-02-03,16.468000411987305,16.94066619873047,16.402666091918945,16.860666275024414,13681500,16.322484970092773,0.03817570539345261
2020-02-04,18.13599967956543,18.469999313354492,17.892000198364258,18.433332443237305,15466500,17.844955444335938,0.09327425989935345
2020-02-05,19.413333892822266,19.720666885375977,18.825332641601562,19.639999389648438,19452000,19.01310920715332,0.06546113949427657
2020-02-06,19.701332092285156,19.72333335876465,18.946666717529297,19.652666091918945,12234000,19.02536964416504,0.0006449441275024892
2020-02-07,19.07466697692871,19.15333366394043,18.233333587646484,18.266000747680664,16014000,17.68297004699707,-0.07055863757887126
2020-02-10,17.841333389282227,19.093332290649414,17.833332061767578,19.093332290649414,11137500,18.48388671875,0.04529352398465214
2020-02-11,19.61199951171875,20.535999298095703,19.599332809448242,20.23933219909668,16857000,19.593305587768555,0.06002094820339443
2020-02-12,20.892667770385742,21.227333068847656,20.799999237060547,21.1286678314209,11917500,20.45425796508789,0.04394095731893333
2020-02-13,20.562667846679688,21.625333786010742,20.514667510986328,21.17533302307129,13008000,20.499435424804688,0.002208619683111035
2020-02-14,21.650667190551758,21.906667709350586,20.6646671295166,21.03933334350586,11269500,20.36777687072754,-0.006422552099523249
2020-02-18,19.933332443237305,20.28266716003418,19.733999252319336,20.165332794189453,16186500,19.52167320251465,-0.04154126630567323
2020-02-19,20.989999771118164,21.810667037963867,20.93666648864746,21.73200035095215,13075500,21.038326263427734,0.07769113323109278
2020-02-20,21.46666717529297,21.666667938232422,19.77400016784668,20.76066780090332,20755500,20.097999572753906,-0.04469595685453187
2020-02-21,20.344667434692383,20.366666793823242,18.666667938232422,18.89666748046875,25333500,18.293500900268555,-0.08978518120469448
2020-02-24,16.222000122070312,17.014667510986328,15.934666633605957,16.200666427612305,30187500,15.683550834655762,-0.14267071459255887
2020-02-25,16.893999099731445,16.922666549682617,14.45199966430664,14.712667465209961,38751000,14.243049621582031,-0.09184800940449023
2020-02-26,15.0686674118042,15.772000312805176,14.533332824707031,14.836000442504883,33132000,14.362447738647461,0.008382774747445199
2020-02-27,13.4399995803833,14.342000007629395,12.658666610717773,12.741999626159668,38827500,12.335285186767578,-0.14114321608847757
2020-02-28,11.466667175292969,13.866000175476074,11.446666717529297,13.666666984558105,45580500,13.230439186096191,0.07256846535296324
2020-03-02,14.5,15.02066707611084,13.02066707611084,15.020000457763672,36516000,14.54057502746582,0.09902439817511399
2020-03-03,15.210000038146973,15.822667121887207,13.118000030517578,13.499333381652832,32919000,13.06844425201416,-0.10124281156894532
2020-03-04,14.30666732788086,15.489999771118164,13.736000061035156,15.475333213806152,20538000,14.981371879577637,0.14637758593612737
2020-03-05,14.190667152404785,15.28600025177002,13.734000205993652,14.087332725524902,23968500,13.637675285339355,-0.08969115359939128
2020-03-06,13.0,13.565999984741211,12.199999809265137,13.240667343139648,26310000,12.818035125732422,-0.06010118443863943
2020-03-09,10.135333061218262,11.792667388916016,9.866666793823242,9.88599967956543,31191000,9.57044506072998,-0.2533609203098335
2020-03-10,11.128000259399414,11.773332595825195,9.933333396911621,11.773332595825195,33006000,11.397537231445312,0.1909096679581046
2020-03-11,10.719332695007324,11.13266658782959,9.420000076293945,9.776000022888184,33735000,9.463956832885742,-0.16964887016317387
2020-03-12,7.77400016784668,8.915332794189453,6.801332950592041,6.802667140960693,47734500,6.5855302810668945,-0.30414616151453944
2020-03-13,8.074000358581543,8.733332633972168,6.533332824707031,8.661333084106445,43620000,8.384869575500488,0.27322606040125397
2020-03-16,5.98533296585083,7.097332954406738,5.266666889190674,5.318666934967041,47341500,5.148898124694824,-0.38592975430920673
2020-03-17,5.320000171661377,5.992000102996826,4.380667209625244,5.847332954406738,73488000,5.660691261291504,0.09939821874613641
2020-03-18,4.6006669998168945,5.263999938964844,3.566667079925537,4.3333330154418945,67953000,4.195016860961914,-0.2589214520140921
2020-03-19,4.215332984924316,5.065999984741211,3.8499999046325684,4.6620001792907715,67534500,4.513192653656006,0.07584627414455958
2020-03-20,5.220666885375977,5.432666778564453,4.25333309173584,4.263332843780518,63204000,4.1272501945495605,-0.08551422569248013
2020-03-23,4.533332824707031,4.938666820526123,4.0873332023620605,4.659999847412109,63927000,4.511255264282227,0.09304152834566093
2020-03-24,5.570000171661377,6.265999794006348,5.547332763671875,6.249332904815674,67669500,6.056705474853516,0.34105860717703385
2020-03-25,6.363333225250244,7.013332843780518,5.707333087921143,6.004666805267334,65236500,5.819580078125,-0.03915075469252127
2020-03-26,6.469333171844482,7.266666889190674,6.266666889190674,7.205333232879639,55215000,6.983237266540527,0.19995554566975682
2020-03-27,6.47866678237915,6.815332889556885,6.048666954040527,6.0960001945495605,51672000,5.908097743988037,-0.15395999081179612
2020-03-30,6.330667018890381,6.798666954040527,6.157332897186279,6.751999855041504,39718500,6.543877601623535,0.10761148942850651
2020-03-31,6.76200008392334,7.082666873931885,6.164000034332275,6.315999984741211,50964000,6.121316432952881,-0.06457344189288539
2020-04-01,5.687333106994629,6.156000137329102,5.1066670417785645,5.294000148773193,47541000,5.130817890167236,-0.1618112473776221
2020-04-02,5.184000015258789,5.797332763671875,5.175333023071289,5.778666973114014,43654500,5.600546360015869,0.091550209807443
2020-04-03,5.783999919891357,5.960667133331299,5.208000183105469,5.435332775115967,43627500,5.267795085906982,-0.05941408279720095
2020-04-06,6.133333206176758,7.179333209991455,6.125999927520752,7.102666854858398,51997500,6.883735656738281,0.3067584173274207
2020-04-07,7.909333229064941,7.97933292388916,6.9806671142578125,7.013332843780518,79462500,6.797154903411865,-0.012577530792785785
2020-04-08,7.3933329582214355,7.802000045776367,7.064000129699707,7.716000080108643,50287500,7.478163242340088,0.10019020228752673
2020-04-09,8.040666580200195,8.22933292388916,6.986000061035156,7.210000038146973,75898500,6.987760543823242,-0.06557802445675265
2020-04-13,7.159999847412109,7.5233330726623535,6.9633331298828125,7.46999979019165,36957000,7.23974609375,0.036060991771020845
2020-04-14,7.992667198181152,8.492667198181152,7.940667152404785,8.461999893188477,51487500,8.201168060302734,0.13279787561699186
2020-04-15,7.972667217254639,7.973999977111816,7.505332946777344,7.775332927703857,37128000,7.5356669425964355,-0.08114712528386514
2020-04-16,8.157333374023438,8.434666633605957,7.834000110626221,8.347332954406738,47277000,8.090036392211914,0.07356598515091473
2020-04-17,8.856666564941406,8.887999534606934,8.266667366027832,8.564000129699707,47445000,8.300023078918457,0.02595645537040503
2020-04-20,8.200667381286621,8.566666603088379,8.0,8.011333465576172,35502000,7.764394283294678,-0.06453370571619954
2020-04-21,7.642666816711426,7.77400016784668,6.767333030700684,6.886000156402588,60042000,6.673747539520264,-0.14046766546530842
2020-04-22,7.495333194732666,8.183333396911621,7.413332939147949,8.03933334350586,37150500,7.791530132293701,0.1674895673696586
2020-04-23,8.080666542053223,8.33666706085205,7.75333309173584,7.835332870483398,42906000,7.593817234039307,-0.025375297217554937
2020-04-24,7.863999843597412,8.378000259399414,7.626667022705078,8.333999633789062,34429500,8.07711410522461,0.06364334120177584
2020-04-27,8.666666984558105,8.917332649230957,8.543999671936035,8.670666694641113,42303000,8.403403282165527,0.04039681733211031
2020-04-28,9.13266658782959,9.288000106811523,8.501999855041504,8.535332679748535,55147500,8.272242546081543,-0.015608259394427115
2020-04-29,8.971332550048828,9.850000381469727,8.9313325881958,9.760000228881836,42030000,9.459158897399902,0.14348211078392104
2020-04-30,9.624667167663574,9.655332565307617,8.668000221252441,8.734000205993652,55264500,8.464784622192383,-0.10512295069953381
2020-05-01,8.133333206176758,8.166666984558105,7.320000171661377,7.406667232513428,65224500,7.178365707397461,-0.15197308703626444
2020-05-04,7.208666801452637,7.636000156402588,7.133999824523926,7.614666938781738,35217000,7.3799543380737305,0.028082766477646404
2020-05-05,8.050666809082031,8.434666633605957,7.847332954406738,8.000666618347168,47706000,7.754054546356201,0.05069160380469451
2020-05-06,8.266667366027832,8.657999992370605,8.21399974822998,8.277999877929688,46401000,8.022842407226562,0.03466376900976442
2020-05-07,8.712667465209961,8.819999694824219,8.386667251586914,8.52066707611084,32518500,8.258027076721191,0.029314713911525514
2020-05-08,8.78266716003418,9.281999588012695,8.694000244140625,9.26533317565918,38311500,8.979740142822266,0.08739528171874467
2020-05-11,8.962667465209961,9.482666969299316,8.939332962036133,9.239999771118164,27099000,8.955187797546387,-0.002734214092545373
2020-05-12,9.434666633605957,9.517999649047852,8.456666946411133,8.456666946411133,34702500,8.196000099182129,-0.08477628183017127
2020-05-13,8.685333251953125,8.739999771118164,7.625332832336426,8.001333236694336,53503500,7.754700660705566,-0.053843164523587284
2020-05-14,7.813333034515381,8.666666984558105,7.400000095367432,8.640666961669922,54496500,8.374327659606934,0.07990339935394553
2020-05-15,7.7866668701171875,8.191332817077637,7.639999866485596,8.099332809448242,55647000,7.8496785163879395,-0.06264957955480088
2020-05-18,8.666666984558105,9.350000381469727,8.666666984558105,9.232666969299316,42394500,8.948081016540527,0.1399293233794503
2020-05-19,9.185999870300293,9.762666702270508,9.107333183288574,9.121999740600586,40813500,8.840826988220215,-0.011986485494031585
2020-05-20,9.676667213439941,10.313332557678223,9.671333312988281,10.159333229064941,39808500,9.846185684204102,0.1137177721949878
2020-05-21,10.156000137329102,10.164667129516602,9.324000358581543,9.369999885559082,37935000,9.081180572509766,-0.07769538863511705
2020-05-22,9.449333190917969,9.53266716003418,9.034000396728516,9.505999565124512,25134000,9.21298885345459,0.014514373663443658
2020-05-26,10.249333381652832,10.387999534606934,9.748666763305664,9.800666809082031,41682000,9.498573303222656,0.03099802834397236
2020-05-27,9.918000221252441,10.226667404174805,9.045999526977539,10.219332695007324,41941500,9.904333114624023,0.042718102153756154
2020-05-28,10.053333282470703,10.418000221252441,9.399999618530273,9.548666954040527,33565500,9.254339218139648,-0.06562715599761737
2020-05-29,9.677332878112793,10.378000259399414,9.566666603088379,10.27400016784668,38440500,9.957314491271973,0.07596172505516363
2020-06-01,10.071999549865723,10.27400016784668,9.866666793823242,10.146666526794434,21564000,9.833909034729004,-0.012393774476541997
2020-06-02,10.232000350952148,10.800000190734863,10.073332786560059,10.800000190734863,34992000,10.46710205078125,0.06438899536268017
2020-06-03,11.219332695007324,11.876667022705078,11.219332695007324,11.74666690826416,30483000,11.384588241577148,0.0876543241491261
2020-06-04,11.643333435058594,12.314000129699707,11.477999687194824,12.055999755859375,31461000,11.684386253356934,0.026333669798501713
2020-06-05,12.927332878112793,13.466667175292969,12.826666831970215,12.934000015258789,26946000,12.535325050354004,0.07282683121926037
2020-06-08,13.260666847229004,13.260666847229004,12.457332611083984,12.85533332824707,25800000,12.45908260345459,-0.0060821622791799035
2020-06-09,12.41333293914795,13.010000228881836,12.281332969665527,12.87733268737793,22317000,12.4804048538208,0.001711302116337965
2020-06-10,13.153332710266113,13.38266658782959,12.85533332824707,12.996000289916992,23647500,12.59541130065918,0.009215231556095382
2020-06-11,12.001333236694336,12.156000137329102,10.501333236694336,10.515999794006348,47562000,10.191854476928711,-0.19082798096232456
2020-06-12,11.491999626159668,11.59866714477539,10.259332656860352,10.95199966430664,35401500,10.61441707611084,0.041460619897386586
2020-06-15,10.260666847229004,11.461999893188477,10.11533260345459,11.432666778564453,29254500,11.080265998840332,0.04388852529135301
2020-06-16,12.406000137329102,12.621333122253418,11.432666778564453,12.038666725158691,30856500,11.66758918762207,0.0530060009909894
2020-06-17,12.295999526977539,12.66866683959961,12.133999824523926,12.371999740600586,21156000,11.990646362304688,0.027688532546987776
2020-06-18,12.206666946411133,12.480667114257812,12.10200023651123,12.314666748046875,13989000,11.935081481933594,-0.004634092608777229
2020-06-19,12.739333152770996,12.859999656677246,12.005999565124512,12.066666603088379,29616000,11.694726943969727,-0.020138599771514665
2020-06-22,12.126667022705078,12.449333190917969,11.708000183105469,12.38933277130127,19461000,12.007448196411133,0.026740290324281046
2020-06-23,12.62399959564209,12.880000114440918,12.421333312988281,12.4913330078125,18909000,12.112431526184082,0.008232907969628833
2020-06-24,12.258000373840332,12.484000205993652,11.368000030517578,11.652000427246094,31200000,11.298555374145508,-0.06719319547733293
2020-06-25,11.638667106628418,11.9913330078125,11.09000015258789,11.938667297363281,21685500,11.576526641845703,0.02460237380757979
2020-06-26,11.800000190734863,12.005332946777344,11.157999992370605,11.223999977111816,21492000,10.883538246154785,-0.059861565989807186
2020-06-29,11.248000144958496,11.619333267211914,10.833999633789062,11.609999656677246,17931000,11.257828712463379,0.03439056311052813
2020-06-30,11.74666690826416,12.649333000183105,11.74666690826416,12.547332763671875,32251500,12.166728973388672,0.08073498145674285
2020-07-01,12.555333137512207,12.562000274658203,11.989333152770996,12.022666931152344,21469500,11.657980918884277,-0.0418149293082104
2020-07-02,12.52733325958252,12.803999900817871,12.328666687011719,12.470000267028809,24289500,12.091744422912598,0.037207496343208524
2020-07-06,13.10533332824707,13.594667434692383,13.088000297546387,13.470000267028809,21822000,13.061410903930664,0.0801924601913635
2020-07-07,13.298666954040527,13.613332748413086,12.899999618530273,12.972000122070312,17728500,12.57851791381836,-0.036971056799269375
2020-07-08,13.300000190734863,13.533332824707031,12.954667091369629,13.5086669921875,14014500,13.09890365600586,0.041371173686940654
2020-07-09,13.666666984558105,14.292667388916016,13.069999694824219,14.045999526977539,25341000,13.619938850402832,0.0397768732548367
2020-07-10,14.073332786560059,14.197999954223633,13.481332778930664,13.906000137329102,16764000,13.484185218811035,-0.009967207344663942
2020-07-13,14.492667198181152,14.961333274841309,13.133333206176758,13.211999893188477,24480000,12.811237335205078,-0.04990653223694852
2020-07-14,12.993332862854004,13.961999893188477,12.40133285522461,13.911999702453613,25491000,13.490004539489746,0.05298212344264597
2020-07-15,14.199999809265137,14.21066665649414,13.133333206176758,13.772666931152344,20254500,13.354896545410156,-0.010015294298539645
2020-07-16,13.333999633789062,13.76533317565918,13.126667022705078,13.604666709899902,13903500,13.191990852355957,-0.012198089309227611
2020-07-17,13.854000091552734,14.00333309173584,13.600000381469727,13.856666564941406,12028500,13.436349868774414,0.018523045100261593
2020-07-20,13.92199993133545,14.774666786193848,13.62733268737793,14.71066665649414,16717500,14.264442443847656,0.061630990942181496
2020-07-21,14.965332984924316,15.035332679748535,14.246000289916992,14.399333000183105,16822500,13.962553977966309,-0.021163803353099198
2020-07-22,14.533332824707031,14.903332710266113,14.21733283996582,14.571999549865723,13956000,14.129982948303223,0.011991288046496518
2020-07-23,14.552000045776367,14.940667152404785,13.510000228881836,13.893333435058594,22534500,13.47189998626709,-0.046573300560758146
2020-07-24,13.157999992370605,13.833333015441895,12.630666732788086,13.231332778930664,19546500,12.82998275756836,-0.04764879927645227
2020-07-27,13.733332633972168,14.500666618347168,13.715332984924316,14.48466682434082,17731500,14.04530143737793,0.09472470130945099
2020-07-28,14.231332778930664,14.231332778930664,13.553333282470703,13.628000259399414,20592000,13.214617729187012,-0.05914299412823343
2020-07-29,14.050000190734863,14.652667045593262,13.954667091369629,14.510666847229004,19687500,14.070511817932129,0.06476860662082862
2020-07-30,14.310667037963867,15.375332832336426,14.299332618713379,15.359999656677246,25672500,14.894081115722656,0.05853161804279394
2020-07-31,15.473999977111816,15.475333213806152,14.447333335876465,15.100666999816895,26299500,14.64261531829834,-0.01688363689172445
2020-08-03,15.390666961669922,16.077999114990234,15.390000343322754,15.999333381652832,16984500,15.514021873474121,0.05951170116173232
2020-08-04,15.926667213439941,16.71066665649414,15.88266658782959,16.68666648864746,12100500,16.180503845214844,0.04296010906197045
2020-08-05,16.634666442871094,16.85066795349121,16.266666412353516,16.65399932861328,12822000,16.148828506469727,-0.001957680406473261
2020-08-06,16.53733253479004,16.67333221435547,16.086000442504883,16.593332290649414,10840500,16.090002059936523,-0.0036427909456940855
2020-08-07,16.474666595458984,16.733333587646484,15.444000244140625,16.029333114624023,17872500,15.543109893798828,-0.03398950651661525
2020-08-10,16.124666213989258,16.232667922973633,15.334667205810547,16.03933334350586,11625000,15.552804946899414,0.0006238705509657994
2020-08-11,15.994000434875488,16.474000930786133,15.383333206176758,15.508000373840332,15201000,15.037593841552734,-0.03312687368522449
2020-08-12,15.905332565307617,17.155332565307617,15.774666786193848,17.06999969482422,18397500,16.552209854125977,0.10072216167977044
2020-08-13,17.077333450317383,17.077333450317383,16.268667221069336,16.511333465576172,12742500,16.0104923248291,-0.03272795777597115
2020-08-14,16.65333366394043,17.06599998474121,16.308666229248047,16.453332901000977,12001500,15.954243659973145,-0.0035127728899739807
2020-08-17,16.858667373657227,17.281333923339844,16.779333114624023,17.076000213623047,11739000,16.558027267456055,0.03784444868213832
2020-08-18,17.275999069213867,17.374666213989258,16.625999450683594,16.79400062561035,11410500,16.28458023071289,-0.016514381850834092
2020-08-19,16.812667846679688,16.931333541870117,16.319332122802734,16.468000411987305,10309500,15.968470573425293,-0.01941170664992753
2020-08-20,15.97933292388916,16.28066635131836,15.69333267211914,16.03933334350586,16498500,15.552804946899414,-0.02603030469743084
2020-08-21,16.045333862304688,16.399999618530273,15.766667366027832,16.392667770385742,10789500,15.89542293548584,0.022029246435167016
2020-08-24,16.889333724975586,17.04800033569336,16.474666595458984,16.84600067138672,11776500,16.33500862121582,0.027654614084227758
2020-08-25,16.876667022705078,17.391332626342773,16.876667022705078,17.3886661529541,11626500,16.861215591430664,0.03221331235544289
2020-08-26,17.504667282104492,17.71933364868164,17.25933265686035,17.584667205810547,11527500,17.0512638092041,0.011271770424044147
2020-08-27,17.663999557495117,17.75933265686035,16.589332580566406,16.89933204650879,17893500,16.386722564697266,-0.038973450636319185
2020-08-28,17.005332946777344,17.87266731262207,16.8973331451416,17.856666564941406,13989000,17.315017700195312,0.05664925192297132
2020-08-31,17.840667724609375,18.19333267211914,17.387332916259766,17.80666732788086,12093000,17.26653289794922,-0.0028000319588602496
2020-09-01,18.126667022705078,18.833332061767578,17.87066650390625,18.80933380126953,10255500,18.23878288269043,0.056308485744479775
2020-09-02,19.628000259399414,20.75933265686035,19.1213321685791,20.496667861938477,18729000,19.87493324279785,0.08970727397878697
2020-09-03,19.571332931518555,19.600000381469727,16.6026668548584,16.998666763305664,37044000,16.483043670654297,-0.17066193989162826
2020-09-04,16.615999221801758,17.363332748413086,14.670666694641113,16.527332305908203,26686500,16.026002883911133,-0.027727730883866264
2020-09-08,14.708666801452637,15.612667083740234,14.131333351135254,14.173999786376953,21556500,13.74405574798584,-0.1423903432189101
2020-09-09,15.209333419799805,15.686667442321777,14.666666984558105,15.345999717712402,19171500,14.88050365447998,0.08268660568641262
2020-09-10,15.850000381469727,16.07933235168457,14.426667213439941,14.708666801452637,19227000,14.262505531311035,-0.041530882834837635
2020-09-11,15.029333114624023,15.475333213806152,14.191332817077637,14.657333374023438,14871000,14.212726593017578,-0.003490012257543973
2020-09-14,15.553333282470703,15.854000091552734,15.210000038146973,15.583999633789062,11850000,15.111286163330078,0.06322202245927744
2020-09-15,16.15399932861328,16.68600082397461,16.097999572753906,16.385332107543945,11725500,15.888311386108398,0.05142020614640175
2020-09-16,16.591999053955078,16.781999588012695,15.833333015441895,15.892000198364258,10791000,15.409942626953125,-0.030108142205585997
2020-09-17,14.749333381652832,15.971332550048828,14.554667472839355,15.81933307647705,14704500,15.33948040008545,-0.004572559840182122
2020-09-18,16.014667510986328,16.202667236328125,14.520000457763672,15.081999778747559,17329500,14.62451171875,-0.04660963228758919
2020-09-21,14.189332962036133,15.031999588012695,13.894000053405762,15.009332656860352,25779000,14.554049491882324,-0.004818135721603944
2020-09-22,15.357333183288574,15.576666831970215,14.5513334274292,15.553333282470703,13864500,15.081548690795898,0.03624415808798154
2020-09-23,15.464667320251465,15.786666870117188,14.262666702270508,14.395333290100098,14178000,13.958674430847168,-0.07445349310914096
2020-09-24,14.094667434692383,15.407333374023438,14.066666603088379,14.815999984741211,24952500,14.366580963134766,0.02922243522700607
2020-09-25,14.895999908447266,15.550000190734863,14.223999977111816,15.45533275604248,15505500,14.986520767211914,0.04315150998648143
2020-09-28,16.041332244873047,16.732667922973633,15.76200008392334,16.71733283996582,15123000,16.210243225097656,0.08165466922282483
2020-09-29,16.607999801635742,17.27199935913086,16.607999801635742,16.856666564941406,19848000,16.345348358154297,0.00833468629891021
2020-09-30,16.700666427612305,17.398666381835938,16.600000381469727,16.87933349609375,20143500,16.367328643798828,0.0013446864517974166
2020-10-01,17.52199935913086,18.07866668701172,17.340667724609375,17.92733383178711,18271500,17.38353729248047,0.06208777946924804
2020-10-02,16.67133331298828,17.45199966430664,16.284000396728516,16.32933235168457,24060000,15.834010124206543,-0.08913770977305668
2020-10-05,16.790666580200195,17.92533302307129,16.768667221069336,17.92333221435547,14751000,17.37965965270996,0.09761574008912
2020-10-06,17.862667083740234,18.889333724975586,17.400667190551758,17.617332458496094,16638000,17.08293914794922,-0.017072704572997255
2020-10-07,18.37066650390625,18.78333282470703,18.35066795349121,18.68000030517578,13549500,18.11337661743164,0.06031945240195591
2020-10-08,19.170000076293945,19.432666778564453,18.952667236328125,19.32866668701172,11172000,18.74236297607422,0.03472518047316142
2020-10-09,20.019332885742188,20.496000289916992,19.92333221435547,20.342666625976562,18609000,19.72560691833496,0.05246093563433529
2020-10-12,21.089332580566406,21.553333282470703,20.801332473754883,21.22599983215332,15901500,20.5821475982666,0.04342268505982316
2020-10-13,21.250667572021484,21.676000595092773,20.833999633789062,21.200666427612305,14068500,20.55758285522461,-0.0011935081853077234
2020-10-14,21.338666915893555,21.592666625976562,20.494667053222656,20.864667892456055,11320500,20.23177146911621,-0.015848489305913316
2020-10-15,19.80066680908203,20.82933235168457,19.575332641601562,20.700000762939453,10518000,20.072101593017578,-0.007892151955897653
2020-10-16,21.211999893188477,21.21666717529297,20.36400032043457,20.404666900634766,8916000,19.78572654724121,-0.014267335817370719
2020-10-19,20.866666793823242,21.262666702270508,19.845333099365234,20.076000213623047,11283000,19.467025756835938,-0.016107427218108317
2020-10-20,20.360666275024414,20.520666122436523,19.843332290649414,20.011999130249023,6909000,19.404966354370117,-0.0031879399627916527
2020-10-21,20.155332565307617,20.25,19.549333572387695,19.589332580566406,8161500,18.995119094848633,-0.02112065600901103
2020-10-22,19.72599983215332,19.92066764831543,18.91266632080078,19.658000946044922,9789000,19.061708450317383,0.003505395867679395
2020-10-23,19.479333877563477,19.479333877563477,18.8353328704834,19.3700008392334,6975000,18.78244400024414,-0.01465052868814043
2020-10-26,18.883333206176758,19.133333206176758,17.399999618530273,18.132667541503906,13960500,17.582643508911133,-0.0638788458502959
2020-10-27,18.516666412353516,18.665332794189453,17.726667404174805,17.94533348083496,7834500,17.400989532470703,-0.010331301792202208
2020-10-28,17.07466697692871,17.0853328704834,16.0939998626709,16.159332275390625,15634500,15.66916561126709,-0.09952454811451272
2020-10-29,16.267332077026367,17.8973331451416,16.131999969482422,17.445999145507812,10749000,16.916805267333984,0.0796237646574467
2020-10-30,16.89533233642578,17.184667587280273,16.007333755493164,16.59666633605957,11187000,16.093238830566406,-0.048683529235809764
2020-11-02,17.142000198364258,17.399999618530273,16.423999786376953,16.86400032043457,10897500,16.352460861206055,0.016107691687104797
2020-11-03,17.333332061767578,18.25933265686035,17.294666290283203,17.867332458496094,12472500,17.32535743713379,0.059495500414914027
2020-11-04,18.963333129882812,19.968666076660156,18.28333282470703,19.739999771118164,17590500,19.141218185424805,0.1048095633174162
2020-11-05,21.333332061767578,22.49066734313965,21.32666778564453,22.343332290649414,20565000,21.66558265686035,0.1318810815459186
2020-11-06,22.14933204650879,23.68000030517578,21.93400001525879,23.492666244506836,15370500,22.780057907104492,0.05143968405905208
2020-11-09,24.961999893188477,25.59866714477539,22.554000854492188,22.595333099365234,16741500,21.90993881225586,-0.0381963092567843
2020-11-10,21.996000289916992,22.292667388916016,20.406667709350586,20.56333351135254,16570500,19.9395809173584,-0.08993005675449772
2020-11-11,21.53066635131836,22.91200065612793,21.499332427978516,22.804000854492188,11782500,22.112279891967773,0.1089642076710291
2020-11-12,22.842666625976562,23.093332290649414,21.58066749572754,21.92133331298828,11928000,21.256383895874023,-0.038706696563293175
2020-11-13,22.65999984741211,23.312000274658203,22.278667449951172,22.73466682434082,10963500,22.04505157470703,0.03710237419138385
2020-11-16,23.270000457763672,24.446666717529297,23.100000381469727,24.411333084106445,12468000,23.670856475830078,0.07374932180534555
2020-11-17,24.1560001373291,24.215999603271484,23.281333923339844,23.816667556762695,9009000,23.094228744506836,-0.024360223396850067
2020-11-18,23.91866683959961,24.45400047302246,23.272666931152344,23.31133270263672,10455000,22.60422134399414,-0.02121769777075666
2020-11-19,23.233333587646484,24.4060001373291,22.680667877197266,24.393333435058594,8220000,23.653406143188477,0.046415224141153066
2020-11-20,24.37066650390625,24.978666305541992,23.908000946044922,23.997333526611328,11338500,23.26941680908203,-0.016233939879578996
2020-11-23,24.43400001525879,25.29199981689453,24.083999633789062,25.083332061767578,11436000,24.32246971130371,0.04525496693005304
2020-11-24,25.53333282470703,25.566667556762695,24.30933380126953,25.488666534423828,9943500,24.715511322021484,0.0161595146792346
2020-11-25,25.366666793823242,25.8613338470459,24.91200065612793,25.215999603271484,6964500,24.45111656188965,-0.010697575362920264
2020-11-27,25.721332550048828,26.60533332824707,25.720666885375977,26.083999633789062,8937000,25.292787551879883,0.03442259058431163
2020-11-30,26.236000061035156,27.150667190551758,25.268667221069336,27.064666748046875,10632000,26.243703842163086,0.037596500844428116
2020-12-01,27.746000289916992,28.932666778564453,27.53333282470703,28.500667572021484,12735000,27.63614845275879,0.053058138027073154
2020-12-02,28.218666076660156,29.101999282836914,28.066667556762695,28.71733283996582,7210500,27.846240997314453,0.007602112034632791
2020-12-03,29.231332778930664,29.68600082397461,28.634000778198242,28.76066780090332,7801500,27.888267517089844,0.0015090176089469498
2020-12-04,29.235332489013672,31.19333267211914,28.978666305541992,31.154666900634766,10473000,30.209640502929688,0.08323864787507662
2020-12-07,31.736000061035156,31.736000061035156,30.687999725341797,31.562000274658203,8889000,30.604618072509766,0.013074553976859749
2020-12-08,31.450666427612305,32.27333450317383,31.041332244873047,31.959999084472656,6286500,30.99054527282715,0.012610062934889976
2020-12-09,31.606666564941406,32.16133117675781,28.618000030517578,29.226667404174805,19231500,28.34012794494629,-0.08552352185847856
2020-12-10,28.6200008392334,29.82200050354004,28.134000778198242,29.170000076293945,11490000,28.285175323486328,-0.0019388911878733817
2020-12-11,28.413333892822266,28.859333038330078,27.266666412353516,28.163333892822266,13248000,27.309049606323242,-0.034510325020183474
2020-12-14,28.988666534423828,29.683332443237305,28.799999237060547,29.224000930786133,10854000,28.33754539489746,0.03766127412330933
2020-12-15,30.281333923339844,30.687332153320312,29.750667572021484,30.44266700744629,7351500,29.519241333007812,0.041700863599971605
2020-12-16,30.709999084472656,30.722000122070312,29.695999145507812,30.375333786010742,6372000,29.453948974609375,-0.0022118042883390032
2020-12-17,30.91933250427246,30.99066734313965,30.180667877197266,30.538000106811523,6106500,29.61168098449707,0.005355210973046143
2020-12-18,30.733333587646484,30.866666793823242,29.55733299255371,30.139333724975586,8797500,29.22510528564453,-0.013054763915172463
2020-12-21,29.0,29.694000244140625,28.166667938232422,29.54599952697754,11620500,28.649770736694336,-0.019686374072243273
2020-12-22,29.700666427612305,29.820667266845703,28.754667282104492,29.433332443237305,6235500,28.54380989074707,-0.00381327711175794
2020-12-23,29.623332977294922,29.799333572387695,28.78333282470703,28.82200050354004,4338000,27.950952529907227,-0.02077005520446007
2020-12-24,29.166667938232422,29.660667419433594,29.029333114624023,29.65399932861328,2637000,28.75780487060547,0.02886679656296076
2020-12-28,30.621999740600586,30.733333587646484,29.368000030517578,29.485332489013672,7542000,28.594234466552734,-0.005687827727063555
2020-12-29,29.866666793823242,29.866666793823242,28.284000396728516,29.2586669921875,7833000,28.374422073364258,-0.007687398366989062
2020-12-30,29.672000885009766,30.891332626342773,29.600000381469727,30.771333694458008,7807500,29.84137535095215,0.051699781903065345
2020-12-31,30.774667739868164,31.183332443237305,30.17733383178711,31.09866714477539,5871000,30.158815383911133,0.010637610107108841
2021-01-04,31.672000885009766,33.654666900634766,29.930667877197266,30.66933250427246,17731500,29.74245262145996,-0.013805564029616524
2021-01-05,30.444000244140625,32.505332946777344,30.444000244140625,32.44599914550781,8538000,31.465425491333008,0.05792974597630551
2021-01-06,31.527999877929688,34.160667419433594,31.284000396728516,32.207332611083984,16782000,31.23397445678711,-0.007355807825596639
2021-01-07,33.645999908447266,36.121334075927734,33.615333557128906,35.75666809082031,10443000,34.67604446411133,0.11020271447486607
2021-01-08,37.50733184814453,37.94200134277344,34.62933349609375,35.78666687011719,13090500,34.70513153076172,0.0008389702088762441
2021-01-11,34.96533203125,37.874000549316406,34.933998107910156,37.09000015258789,9625500,35.969078063964844,0.03641952147152949
2021-01-12,37.66533279418945,38.7586669921875,36.70600128173828,37.818668365478516,10501500,36.675716400146484,0.01964594796152319
2021-01-13,38.62066650390625,38.93333435058594,37.400001525878906,37.919334411621094,6897000,36.77334976196289,0.002661808320952641
2021-01-14,39.220001220703125,41.612667083740234,39.220001220703125,40.38666534423828,11373000,39.166114807128906,0.06506788610353431
2021-01-15,40.19200134277344,40.313331604003906,37.10533142089844,37.82400131225586,16302000,36.6808967590332,-0.06345322175374946
2021-01-19,39.513999938964844,41.79533386230469,39.41133117675781,41.66666793823242,13351500,40.407432556152344,0.10159334001322184
2021-01-20,43.163333892822266,43.521331787109375,40.951332092285156,41.319332122802734,11220000,40.07059097290039,-0.008336059315916189
2021-01-21,42.388668060302734,43.52000045776367,41.09733200073242,43.158668518066406,11056500,41.854339599609375,0.04451515309582188
2021-01-22,42.0,42.47600173950195,40.77399826049805,40.790000915527344,12573000,39.5572509765625,-0.05488277752469417
2021-01-25,42.01333236694336,42.13999938964844,38.62733459472656,40.96533203125,12499500,39.727291107177734,0.00429838469692001
2021-01-26,41.04666519165039,41.04666519165039,39.0,39.05533218383789,7641000,37.87501907348633,-0.046624786196169166
2021-01-27,36.866668701171875,37.048667907714844,32.538665771484375,33.14400100708008,25056000,32.142333984375,-0.1513578516995453
2021-01-28,35.000667572021484,36.57666778564453,34.17333221435547,35.13399887084961,16110000,34.07219314575195,0.06004096679047399
2021-01-29,35.33733367919922,35.82133483886719,32.900665283203125,33.400665283203125,15256500,32.391239166259766,-0.049334936054905465
2021-02-01,35.08599853515625,37.5273323059082,34.63666534423828,37.347999572753906,13749000,36.21928405761719,0.11818130735066101
2021-02-02,39.132667541503906,39.15999984741211,37.46666717529297,39.04800033569336,10789500,37.86791229248047,0.045517853228734584
2021-02-03,39.46666717529297,39.79666519165039,36.57133483886719,36.632667541503906,14184000,35.52556228637695,-0.06185547975376404
2021-02-04,36.336666107177734,37.60733413696289,35.52933120727539,37.53799819946289,8400000,36.403533935546875,0.024713751924652083
2021-02-05,38.33333206176758,38.33333206176758,36.58533477783203,36.7226676940918,8242500,35.61284255981445,-0.021720138112819254
2021-02-08,37.461334228515625,40.133331298828125,37.44533157348633,40.133331298828125,17278500,38.92043685913086,0.09287624834742214
2021-02-09,39.63666534423828,40.540000915527344,39.043331146240234,39.62200164794922,8659500,38.4245491027832,-0.012740772677742762
2021-02-10,40.66666793823242,41.3120002746582,38.37666702270508,39.996665954589844,15432000,38.787899017333984,0.009455966156621809
2021-02-11,40.884666442871094,44.16466522216797,40.884666442871094,44.16466522216797,20781000,42.82992935180664,0.10420866760020098
2021-02-12,43.487998962402344,46.01333236694336,43.00400161743164,45.77199935913086,15841500,44.38868713378906,0.03639412025150168
2021-02-16,47.336666107177734,47.85266876220703,45.810665130615234,46.582000732421875,14367000,45.1742057800293,0.017696438535176995
2021-02-17,45.099998474121094,45.7413330078125,42.138668060302734,44.01066589355469,19341000,42.68059539794922,-0.05520018029361917
2021-02-18,42.20333480834961,43.26599884033203,41.020668029785156,42.685333251953125,15594000,41.39530944824219,-0.03011389659059116
2021-02-19,44.64466857910156,46.518001556396484,44.223331451416016,45.798667907714844,23602500,44.41455078125,0.07293687125235837
2021-02-22,44.003334045410156,44.93600082397461,40.18000030517578,40.80666732788086,22419000,39.57342529296875,-0.10899881607676798
2021-02-23,38.496665954589844,40.74399948120117,35.069332122802734,39.978668212890625,27033000,38.770442962646484,-0.02029078013985497
2021-02-24,38.982666015625,43.83333206176758,38.06666564941406,43.74533462524414,17964000,42.423274993896484,0.09421690568319141
2021-02-25,42.06733322143555,43.009334564208984,35.70333480834961,36.218666076660156,35817000,35.124080657958984,-0.17205648586445066
2021-02-26,37.94333267211914,39.70066833496094,35.8033332824707,38.71066665649414,29536500,37.54076385498047,0.06880431693865896
2021-03-01,40.59199905395508,42.55799865722656,39.54999923706055,42.55799865722656,24520500,41.27182388305664,0.0993868701583569
2021-03-02,42.939998626708984,42.9900016784668,38.45000076293945,38.54999923706055,19687700,37.384944915771484,-0.09417734730543859
2021-03-03,38.900001525878906,38.9900016784668,34.81999969482422,35.0099983215332,21749000,33.951942443847656,-0.09182881934078269
2021-03-04,34.83000183105469,35.189998626708984,28.440000534057617,29.979999542236328,34294300,29.073955535888672,-0.14367320823900553
2021-03-05,32.220001220703125,32.959999084472656,27.729999542236328,32.75,30945800,31.760251998901367,0.09239494663304604
2021-03-08,32.709999084472656,32.93000030517578,27.5,27.520000457763672,28761200,26.68829917907715,-0.15969464251103294
2021-03-09,30.34000015258789,33.08000183105469,30.0,32.45000076293945,19994900,31.46931266784668,0.17914244996987194
2021-03-10,34.189998626708984,34.189998626708984,30.6200008392334,30.719999313354492,19953500,29.79159164428711,-0.053312832323898274
2021-03-11,33.29999923706055,35.040000915527344,32.849998474121094,34.470001220703125,19094300,33.428253173828125,0.12207037731665715
2021-03-12,32.52000045776367,33.59000015258789,31.850000381469727,33.41999816894531,17047600,32.40999221801758,-0.030461358125138838
2021-03-15,33.79999923706055,35.630001068115234,33.18000030517578,35.56999969482422,15325300,34.495018005371094,0.06433278407168608
2021-03-16,36.83000183105469,38.59000015258789,36.22999954223633,36.97999954223633,27404900,35.862403869628906,0.03964014224091428
2021-03-17,35.279998779296875,39.150001525878906,34.5099983215332,38.41999816894531,21743500,37.25887680053711,0.038939930896005226
2021-03-18,36.7599983215332,36.91999816894531,33.45000076293945,33.709999084472656,25749000,32.691226959228516,-0.1225923818049457
2021-03-19,34.0099983215332,35.650001525878906,32.380001068115234,34.75,20615000,33.69979476928711,0.030851407409452802
2021-03-22,35.939998626708984,38.20000076293945,35.619998931884766,37.0,23763800,35.88180160522461,0.06474820143884896
2021-03-23,37.369998931884766,37.5,33.5099983215332,34.029998779296875,26947000,33.015830993652344,-0.0802703032622466
2021-03-24,35.630001068115234,36.130001068115234,32.54999923706055,32.59000015258789,26195900,31.618743896484375,-0.042315565041543546
2021-03-25,30.93000030517578,33.18000030517578,30.100000381469727,32.810001373291016,30291400,31.832189559936523,0.006750574399296383
2021-03-26,32.810001373291016,37.7400016784668,32.709999084472656,37.689998626708984,35670300,36.56676483154297,0.14873505178791402
2021-03-29,36.380001068115234,36.90999984741211,34.5,35.790000915527344,28422700,34.72338104248047,-0.05041119077768308
2021-03-30,35.119998931884766,35.779998779296875,34.279998779296875,35.52000045776367,17926000,34.46142578125,-0.007544019303071137
2021-03-31,36.43000030517578,38.97999954223633,36.349998474121094,38.209999084472656,25362500,37.07126235961914,0.07573194234351499
2021-04-01,40.04999923706055,42.439998626708984,40.04999923706055,42.40999984741211,27795500,41.14609146118164,0.10991889200662674
2021-04-05,44.529998779296875,45.29999923706055,42.90999984741211,45.0,26445800,43.65890121459961,0.061070506057687046
2021-04-06,44.119998931884766,44.970001220703125,42.06999969482422,43.380001068115234,17961500,42.08718490600586,-0.03599997626410589
2021-04-07,43.9900016784668,44.0,42.34000015258789,43.380001068115234,12421800,42.08718490600586,0.0
2021-04-08,44.75,45.0,43.599998474121094,44.790000915527344,12957100,43.455169677734375,0.03250345349688044
2021-04-09,43.83000183105469,44.5,43.130001068115234,44.47999954223633,10748500,43.15439224243164,-0.006921218284314579
2021-04-12,43.720001220703125,43.790000915527344,41.79999923706055,43.09000015258789,14926000,41.80583190917969,-0.03124998659967504
2021-04-13,44.0,44.130001068115234,41.56999969482422,42.689998626708984,14056400,41.41774368286133,-0.009282931642201064
2021-04-14,42.38999938964844,43.470001220703125,40.630001068115234,41.27000045776367,12838600,40.04006576538086,-0.033263017442612175
2021-04-15,42.349998474121094,43.65999984741211,41.619998931884766,43.470001220703125,13642000,42.17450714111328,0.05330750517415095
2021-04-16,43.5099983215332,43.63999938964844,42.47999954223633,42.75,11016200,41.47595977783203,-0.01656317461431811
2021-04-19,41.77000045776367,42.290000915527344,38.25,39.599998474121094,20268200,38.419837951660156,-0.07368424621938963
2021-04-20,39.0099983215332,39.529998779296875,37.040000915527344,37.709999084472656,13892000,36.586151123046875,-0.047727259153395374
2021-04-21,37.93000030517578,40.77000045776367,37.34000015258789,40.75,15160200,39.53556823730469,0.08061524766196793
2021-04-22,40.369998931884766,40.61000061035156,37.27000045776367,37.97999954223633,20962100,36.848114013671875,-0.06797547135616377
2021-04-23,38.31999969482422,40.56999969482422,38.29999923706055,40.150001525878906,13212600,38.95343780517578,0.057135387303767216
2021-04-26,40.09000015258789,42.459999084472656,40.0,42.209999084472656,13528500,40.952049255371094,0.05130753375603159
2021-04-27,42.779998779296875,42.90999984741211,40.959999084472656,41.34000015258789,12557200,40.10798645019531,-0.02061120470871569
2021-04-28,40.68000030517578,40.689998626708984,39.310001373291016,39.41999816894531,12753600,38.245201110839844,-0.0464441697280058
2021-04-29,41.20000076293945,41.220001220703125,38.47999954223633,40.310001373291016,14812500,39.10867691040039,0.02257745422846913
2021-04-30,38.349998474121094,39.16999816894531,36.560001373291016,36.900001525878906,19385800,35.80030059814453,-0.08459438678341347
2021-05-03,37.720001220703125,37.790000915527344,35.08000183105469,35.61000061035156,13899900,34.548736572265625,-0.03495937295890439
2021-05-04,34.40999984741211,34.45000076293945,32.0,33.970001220703125,24428000,32.95762252807617,-0.04605446114964973
2021-05-05,35.06999969482422,35.790000915527344,33.75,34.54999923706055,16034800,33.52033233642578,0.01707382971784943
2021-05-06,34.20000076293945,35.400001525878906,33.15999984741211,35.400001525878906,15387300,34.345008850097656,0.024602092839023593
2021-05-07,36.5099983215332,37.54999923706055,35.90999984741211,36.93000030517578,16784600,35.82939910888672,0.043220302636947094
2021-05-10,36.0,36.0,31.8799991607666,31.93000030517578,25439800,30.97842025756836,-0.13539127968269327
2021-05-11,29.020000457763672,32.310001373291016,28.690000534057617,32.11000061035156,29951300,31.153051376342773,0.005637341166783605
2021-05-12,30.100000381469727,30.559999465942383,27.809999465942383,28.1299991607666,34045700,27.291662216186523,-0.12394896835666502
2021-05-13,29.530000686645508,30.5,28.299999237060547,29.329999923706055,25520000,28.455904006958008,0.04265911122432997
2021-05-14,30.489999771118164,32.68000030517578,29.579999923706055,31.93000030517578,21881300,30.97842025756836,0.0886464503318416
2021-05-17,30.979999542236328,31.100000381469727,29.43000030517578,31.100000381469727,19224800,30.173152923583984,-0.02599436003047939
2021-05-18,31.709999084472656,32.08000183105469,30.219999313354492,30.290000915527344,15262600,29.387296676635742,-0.026044998585434187
2021-05-19,28.459999084472656,32.16999816894531,28.219999313354492,32.04999923706055,29208700,31.09483528137207,0.05810492797413502
2021-05-20,32.75,34.97999954223633,32.66999816894531,34.63999938964844,28593200,33.60765075683594,0.08081123913391486
2021-05-21,35.29999923706055,35.34000015258789,33.810001373291016,34.13999938964844,25100300,33.12255859375,-0.014434180392896234
2021-05-24,35.0,37.13999938964844,34.90999984741211,36.529998779296875,21577500,35.44131851196289,0.07000584160447021
2021-05-25,37.33000183105469,37.75,36.2400016784668,36.939998626708984,19468200,35.839111328125,0.011223647991044361
2021-05-26,37.029998779296875,37.68000030517578,36.189998626708984,37.18000030517578,13436700,36.07195281982422,0.006497067877345941
2021-05-27,36.880001068115234,38.2599983215332,36.709999084472656,37.86000061035156,16449400,36.731693267822266,0.018289410962729846
2021-05-28,38.06999969482422,39.27000045776367,37.880001068115234,38.779998779296875,15891400,37.624267578125,0.024300004070622494
2021-06-01,39.52000045776367,40.540000915527344,37.7400016784668,38.34000015258789,18159400,37.197383880615234,-0.011346019612148206
2021-06-02,38.27000045776367,39.58000183105469,37.90999984741211,39.189998626708984,12370500,38.02205276489258,0.022170017494476113
2021-06-03,37.83000183105469,38.279998779296875,36.52000045776367,37.119998931884766,16945800,36.01374053955078,-0.052819590899741975
2021-06-04,38.08000183105469,39.9900016784668,38.04999923706055,39.7400016784668,15960500,38.55567169189453,0.07058197257466903
2021-06-07,39.2599983215332,39.439998626708984,38.150001525878906,38.90999984741211,11453800,37.750396728515625,-0.02088580261697437
2021-06-08,39.79999923706055,39.970001220703125,37.29999923706055,38.16999816894531,13475800,37.032447814941406,-0.019018290448952868
2021-06-09,38.560001373291016,38.88999938964844,37.619998931884766,37.70000076293945,11721000,36.57646179199219,-0.012313267711609233
2021-06-10,37.79999923706055,39.369998931884766,37.52000045776367,39.040000915527344,17601900,37.876522064208984,0.03554376990636987
2021-06-11,39.04999923706055,39.4900016784668,38.56999969482422,39.4900016784668,7971500,38.3131103515625,0.011526658616457075
2021-06-14,39.810001373291016,41.16999816894531,39.060001373291016,41.16999816894531,18513300,39.94304275512695,0.04254232512212286
2021-06-15,40.79999923706055,41.599998474121094,39.7400016784668,40.040000915527344,13301400,38.84672927856445,-0.027447104777146403
2021-06-16,40.4900016784668,40.88999938964844,38.06999969482422,39.18000030517578,18089300,38.01235580444336,-0.021478536230953416
2021-06-17,38.689998626708984,41.16999816894531,38.650001525878906,40.310001373291016,18466200,39.10867691040039,0.02884127257053537
2021-06-18,39.290000915527344,39.58000183105469,36.75,37.31999969482422,21346600,36.20777893066406,-0.07417518175645466
2021-06-21,37.54999923706055,38.15999984741211,36.59000015258789,38.119998931884766,12722000,36.98394775390625,0.02143620695611892
2021-06-22,37.900001525878906,38.83000183105469,37.400001525878906,38.599998474121094,10500400,37.44963455200195,0.01259180366437107
2021-06-23,38.599998474121094,39.630001068115234,38.599998474121094,39.04999923706055,8615400,37.886234283447266,0.011658051314202833
2021-06-24,39.880001068115234,41.22999954223633,39.880001068115234,41.08000183105469,12716800,39.855735778808594,0.05198470252638465
2021-06-25,41.16999816894531,41.689998626708984,40.290000915527344,40.65999984741211,9244100,39.44824981689453,-0.010224001093521728
2021-06-28,41.5,44.08000183105469,41.45000076293945,43.650001525878906,18209300,42.34912872314453,0.0735366869082048
2021-06-29,43.310001373291016,44.689998626708984,42.880001068115234,44.63999938964844,13090200,43.30963134765625,0.02268036263830564
2021-06-30,44.369998931884766,44.72999954223633,43.66999816894531,44.540000915527344,9830900,43.21261978149414,-0.002240109217928943
2021-07-01,44.150001525878906,44.369998931884766,42.130001068115234,42.56999969482422,11578200,41.30131149291992,-0.04422993220048077
2021-07-02,43.56999969482422,43.70000076293945,42.25,43.31999969482422,10933300,42.02897644042969,0.01761804100015496
2021-07-06,43.63999938964844,44.13999938964844,41.36000061035156,43.040000915527344,10020300,41.7573127746582,-0.0064634991059413505
2021-07-07,43.79999923706055,43.90999984741211,40.689998626708984,41.2400016784668,10623800,40.01095962524414,-0.04182154272239269
2021-07-08,38.54999923706055,40.380001068115234,37.7599983215332,39.779998779296875,14764300,38.59446716308594,-0.035402590682537594
2021-07-09,40.18000030517578,41.939998626708984,39.25,41.77000045776367,9799600,40.52516174316406,0.050025181989258316
2021-07-12,42.15999984741211,43.33000183105469,41.810001373291016,43.33000183105469,9021800,42.038673400878906,0.03734741096946914
2021-07-13,42.75,43.31999969482422,42.099998474121094,42.619998931884766,9289300,41.34982681274414,-0.016385942053227964
2021-07-14,43.540000915527344,44.790000915527344,41.86000061035156,42.15999984741211,15361500,40.903533935546875,-0.010793033693122012
2021-07-15,41.790000915527344,41.79999923706055,38.54999923706055,39.41999816894531,14968000,38.245201110839844,-0.06499055238101448
2021-07-16,40.029998779296875,40.45000076293945,36.59000015258789,36.7599983215332,14425600,35.66447448730469,-0.06747843660499286
2021-07-19,35.209999084472656,36.93000030517578,34.709999084472656,36.84000015258789,17527800,35.742088317871094,0.002176328474090994
2021-07-20,37.2400016784668,39.08000183105469,35.849998474121094,38.34000015258789,12487200,37.197383880615234,0.04071661220920575
2021-07-21,38.66999816894531,41.849998474121094,38.599998474121094,41.849998474121094,12599700,40.602779388427734,0.09154925163181793
2021-07-22,40.900001525878906,41.619998931884766,39.900001525878906,40.7400016784668,8148900,39.5258674621582,-0.02652322189069345
2021-07-23,41.290000915527344,41.61000061035156,39.95000076293945,41.54999923706055,8740400,40.31171798706055,0.019882118930345527
2021-07-26,40.58000183105469,41.790000915527344,40.58000183105469,41.45000076293945,7703500,40.21471405029297,-0.002406702189103771
2021-07-27,40.79999923706055,40.849998474121094,36.709999084472656,39.150001525878906,17917400,37.98325729370117,-0.055488520982537204
2021-07-28,39.540000915527344,41.5,39.02000045776367,41.18000030517578,12983000,39.95275115966797,0.051851818650760606
2021-07-29,41.22999954223633,43.689998626708984,41.22999954223633,43.45000076293945,15318400,42.15509796142578,0.05512385723509494
2021-07-30,42.189998626708984,44.5,42.06999969482422,44.38999938964844,13599200,43.067081451416016,0.021634030154281447
2021-08-02,45.189998626708984,46.88999938964844,44.880001068115234,45.209999084472656,17018600,43.862640380859375,0.018472622349606116
2021-08-03,45.290000915527344,45.97999954223633,43.61000061035156,45.970001220703125,10801400,44.59999465942383,0.016810487759808312
2021-08-04,46.15999984741211,48.150001525878906,46.04999923706055,47.61000061035156,13768900,46.19112777709961,0.035675426280168177
2021-08-05,48.16999816894531,48.189998626708984,46.439998626708984,47.16999816894531,8580700,45.76422882080078,-0.00924180709442346
2021-08-06,46.33000183105469,47.27000045776367,46.20000076293945,46.630001068115234,6202000,45.24032974243164,-0.011447893190413283
2021-08-09,46.900001525878906,47.27000045776367,45.540000915527344,46.150001525878906,5943700,44.77463912963867,-0.010293792220488318
2021-08-10,46.369998931884766,46.56999969482422,43.5,44.45000076293945,9994500,43.12529373168945,-0.03683641834737894
2021-08-11,45.060001373291016,45.119998931884766,42.43000030517578,44.16999816894531,10016600,42.853633880615234,-0.006299270847878069
2021-08-12,43.439998626708984,43.5,41.560001373291016,42.619998931884766,9746100,41.34982681274414,-0.03509167537503566
2021-08-13,42.5,43.599998474121094,42.290000915527344,43.47999954223633,7655800,42.1842041015625,0.020178334864015657
2021-08-16,42.90999984741211,43.43000030517578,41.93000030517578,43.0099983215332,6658600,41.728206634521484,-0.010809595806149153
2021-08-17,41.93000030517578,41.95000076293945,39.34000015258789,40.459999084472656,13983700,39.25420379638672,-0.059288522124491094
2021-08-18,40.290000915527344,40.959999084472656,38.58000183105469,38.65999984741211,10760100,37.50783920288086,-0.04448836573877568
2021-08-19,38.18000030517578,40.2599983215332,37.13999938964844,39.630001068115234,14855300,38.44894790649414,0.025090564524874237
2021-08-20,39.959999084472656,40.75,39.0099983215332,40.43000030517578,10732300,39.225101470947266,0.020186707431209205
2021-08-23,41.400001525878906,43.790000915527344,41.400001525878906,43.689998626708984,12229000,42.387943267822266,0.08063315104936719
2021-08-24,43.97999954223633,44.439998626708984,43.380001068115234,43.72999954223633,8557100,42.42675018310547,0.0009155622976579902
2021-08-25,44.18000030517578,45.650001525878906,44.11000061035156,44.779998779296875,10125800,43.44546127319336,0.024010959251129504
2021-08-26,44.52000045776367,45.33000183105469,43.709999084472656,44.68000030517578,9529400,43.34844207763672,-0.0022331057804165777
2021-08-27,44.849998474121094,47.5,44.689998626708984,47.29999923706055,12358300,45.890357971191406,0.058639187869057974
2021-08-30,47.779998779296875,49.0,47.130001068115234,47.7400016784668,10291100,46.3172492980957,0.009302377346794843
2021-08-31,47.77000045776367,47.970001220703125,45.369998931884766,46.54999923706055,9620800,45.162715911865234,-0.02492673648025867
2021-09-01,47.22999954223633,47.29999923706055,45.83000183105469,45.959999084472656,7246900,44.59029769897461,-0.012674546987278212
2021-09-02,46.349998474121094,46.720001220703125,45.70000076293945,46.29999923706055,7168600,44.92015075683594,0.0073977406301288795
2021-09-03,46.13999938964844,47.849998474121094,45.959999084472656,47.2400016784668,7374000,45.83214569091797,0.020302428874638734
2021-09-07,47.36000061035156,47.40999984741211,45.91999816894531,46.77000045776367,5660800,45.37615203857422,-0.00994922108390528
2021-09-08,46.099998474121094,46.369998931884766,43.7599983215332,44.95000076293945,11787400,43.61040115356445,-0.03891382674814803
2021-09-09,44.90999984741211,46.2599983215332,44.88999938964844,45.54999923706055,8643000,44.19251251220703,0.013348130454666984
2021-09-10,46.63999938964844,48.630001068115234,46.5099983215332,46.59000015258789,14399600,45.201515197753906,0.022832073171170864
2021-09-13,47.79999923706055,48.16999816894531,45.93000030517578,47.869998931884766,11356400,46.443363189697266,0.027473680513087073
2021-09-14,48.400001525878906,48.970001220703125,47.13999938964844,47.869998931884766,10129200,46.443363189697266,0.0
2021-09-15,48.060001373291016,48.70000076293945,46.7599983215332,48.59000015258789,9321800,47.141910552978516,0.01504076116081876
2021-09-16,47.7400016784668,49.529998779296875,47.02000045776367,49.06999969482422,9094400,47.607601165771484,0.009878566386684051
2021-09-17,48.63999938964844,48.650001525878906,45.970001220703125,46.75,14478900,45.356754302978516,-0.047279390854957026
2021-09-20,43.75,44.20000076293945,41.15999984741211,43.29999923706055,19454600,42.00957107543945,-0.0737968077634108
2021-09-21,44.040000915527344,44.52000045776367,42.349998474121094,43.599998474121094,9972400,42.300628662109375,0.006928388968741039
2021-09-22,44.459999084472656,46.56999969482422,44.0099983215332,46.2599983215332,11093200,44.881351470947266,0.06100917294735586
2021-09-23,46.88999938964844,48.54999923706055,46.41999816894531,48.099998474121094,11819600,46.66651153564453,0.03977518848571604
2021-09-24,46.86000061035156,48.22999954223633,46.779998779296875,47.95000076293945,7465000,46.520992279052734,-0.003118455632848738
2021-09-27,46.52000045776367,48.18000030517578,45.560001373291016,47.689998626708984,10241300,46.268733978271484,-0.00542235937629898
2021-09-28,44.900001525878906,45.790000915527344,42.04999923706055,42.22999954223633,23988000,40.97145462036133,-0.11448939487733101
2021-09-29,42.560001373291016,42.68000030517578,39.779998779296875,40.119998931884766,19889700,38.924339294433594,-0.04996449522196289
2021-09-30,41.060001373291016,41.95000076293945,40.0,40.040000915527344,14470200,38.84672927856445,-0.0019939685565106835
2021-10-01,40.5,40.70000076293945,38.060001373291016,40.06999969482422,16368700,38.87582778930664,0.0007492202450285479
2021-10-04,39.310001373291016,39.52000045776367,36.56999969482422,37.02000045776367,20555400,35.916725158691406,-0.07611677714723097
2021-10-05,37.599998474121094,39.38999938964844,37.2599983215332,38.650001525878906,15194100,37.49814987182617,0.04403028222473715
2021-10-06,37.31999969482422,39.13999938964844,36.91999816894531,39.060001373291016,16403200,37.895931243896484,0.010608016331838499
2021-10-07,40.529998779296875,42.029998779296875,40.27000045776367,40.38999938964844,13234300,39.18628692626953,0.03405012722981793
2021-10-08,40.900001525878906,41.06999969482422,39.08000183105469,39.33000183105469,10297000,38.15788269042969,-0.026244059782417728
2021-10-11,38.7599983215332,40.38999938964844,38.36000061035156,38.380001068115234,9446400,37.2361946105957,-0.024154607645843984
2021-10-12,39.209999084472656,39.310001373291016,36.470001220703125,37.04999923706055,19847400,35.945823669433594,-0.03465351209069156
2021-10-13,37.70000076293945,38.29999923706055,37.2400016784668,37.650001525878906,11660600,36.5279541015625,0.016194394093757225
2021-10-14,39.63999938964844,41.08000183105469,39.34000015258789,41.04999923706055,14800900,39.826629638671875,0.09030538043523406
2021-10-15,42.029998779296875,42.290000915527344,41.29999923706055,41.84000015258789,10988500,40.59307861328125,0.01924484604652843
2021-10-18,41.13999938964844,42.970001220703125,40.439998626708984,42.86000061035156,8498200,41.582679748535156,0.02437859593794922
2021-10-19,43.11000061035156,44.47999954223633,42.630001068115234,44.43000030517578,11476200,43.10588836669922,0.0366308836319762
2021-10-20,44.130001068115234,44.72999954223633,43.630001068115234,44.20000076293945,9908200,42.882747650146484,-0.005176672083199052
2021-10-21,43.33000183105469,45.720001220703125,43.29999923706055,45.59000015258789,10019700,44.231327056884766,0.0314479494492208
2021-10-22,44.84000015258789,46.22999954223633,43.77000045776367,44.04999923706055,12691700,42.737220764160156,-0.033779357542729205
2021-10-25,44.599998474121094,45.66999816894531,44.15999984741211,45.060001373291016,9706700,43.71711349487305,0.02292853924457572
2021-10-26,46.02000045776367,46.45000076293945,44.540000915527344,44.959999084472656,12067800,43.62009811401367,-0.0022193139318817945
2021-10-27,44.22999954223633,45.61000061035156,43.560001373291016,44.09000015258789,13076300,42.776031494140625,-0.01935051044485514
2021-10-28,45.84000015258789,47.099998474121094,45.56999969482422,47.0,15904400,45.599308013916016,0.06600135716355404
2021-10-29,45.970001220703125,47.650001525878906,45.619998931884766,47.650001525878906,12735000,46.22993469238281,0.013829819699551216
2021-11-01,47.790000915527344,49.959999084472656,47.45000076293945,49.959999084472656,14647400,48.4710807800293,0.04847843619352621
2021-11-02,49.81999969482422,51.81999969482422,49.810001373291016,51.81999969482422,12421100,50.27565002441406,0.037229796726110154
2021-11-03,52.06999969482422,53.810001373291016,51.41999816894531,53.66999816894531,11472200,52.07052230834961,0.03570047250127395
2021-11-04,55.41999816894531,59.83000183105469,54.56999969482422,59.08000183105469,20539200,57.31929397583008,0.10080126414536994
2021-11-05,60.040000915527344,62.400001525878906,59.209999084472656,60.90999984741211,19536100,59.094749450683594,0.030974914685860888
2021-11-08,62.099998474121094,64.70999908447266,61.4900016784668,63.540000915527344,15603900,61.646366119384766,0.04317847766711136
2021-11-09,65.2699966430664,65.62999725341797,61.40999984741211,63.400001525878906,16385900,61.51054000854492,-0.0022033268434250575
2021-11-10,60.04999923706055,62.5,57.06999969482422,57.95000076293945,17648300,56.22296142578125,-0.08596215507526206
2021-11-11,60.720001220703125,61.9900016784668,59.369998931884766,61.63999938964844,13055700,59.80299758911133,0.06367555786243995
2021-11-12,62.220001220703125,64.25,61.16999816894531,63.349998474121094,13052700,61.462032318115234,0.027741711573732175
2021-11-15,64.7300033569336,64.73999786376953,61.2599983215332,63.20000076293945,11837400,61.316505432128906,-0.0023677618752100393
2021-11-16,62.380001068115234,66.43000030517578,62.0099983215332,66.1500015258789,12693000,64.17858123779297,0.04667722669822072
2021-11-17,66.0,66.12999725341797,63.70000076293945,64.5199966430664,11636600,62.59716796875,-0.02464104074396456
2021-11-18,67.87000274658203,68.9000015258789,66.02999877929688,67.9800033569336,14102700,65.95405578613281,0.05362688924192649
2021-11-19,67.86000061035156,69.87000274658203,66.87999725341797,68.61000061035156,14527400,66.56527709960938,0.009267390737098369
2021-11-22,69.54000091552734,72.48999786376953,65.2300033569336,65.43000030517578,16809800,63.48003005981445,-0.046348932763250805
2021-11-23,64.83000183105469,66.61000061035156,61.349998474121094,64.73999786376953,16233700,62.81060791015625,-0.010545658538712699
2021-11-24,62.9900016784668,66.9000015258789,61.209999084472656,66.87999725341797,14762200,64.8868179321289,0.03305528977853189
2021-11-26,63.099998474121094,64.9800033569336,59.849998474121094,61.369998931884766,14919700,59.54103469848633,-0.08238634192305694
2021-11-29,63.95000076293945,68.68000030517578,63.220001220703125,68.41000366210938,18352700,66.37124633789062,0.1147141087298762
2021-11-30,67.27999877929688,69.33999633789062,62.88999938964844,64.66999816894531,22246300,62.7426872253418,-0.05467044720004244
2021-12-01,67.54000091552734,70.95999908447266,63.04999923706055,63.15999984741211,24798700,61.277687072753906,-0.0233492865979128
2021-12-02,61.2599983215332,64.73999786376953,59.68000030517578,63.25,21014200,61.36500930786133,0.0014249549209202073
2021-12-03,65.9000015258789,67.94999694824219,60.70000076293945,62.93000030517578,18842800,61.05455017089844,-0.005059283712635865
2021-12-06,62.060001373291016,63.290000915527344,56.779998779296875,62.599998474121094,13816300,60.734378814697266,-0.005243950889152416
2021-12-07,66.76000213623047,72.5199966430664,66.72000122070312,71.98999786376953,21654500,69.84454345703125,0.1499999939062342
2021-12-08,70.93000030517578,71.19999694824219,68.48999786376953,70.69000244140625,12500700,68.58328247070312,-0.018058000568680788
2021-12-09,69.43000030517578,71.58999633789062,65.66000366210938,65.9000015258789,14533000,63.936038970947266,-0.06776065568108725
2021-12-10,69.45999908447266,70.44999694824219,65.16999816894531,67.5999984741211,12329100,65.58537292480469,0.025796614702271237
2021-12-13,68.0199966430664,68.70999908447266,62.0,62.34000015258789,13561500,60.48213577270508,-0.0778106278145384
2021-12-14,60.0,62.369998931884766,58.939998626708984,61.52000045776367,13311200,59.68656921386719,-0.013153668476373559
2021-12-15,61.84000015258789,68.33999633789062,59.2400016784668,68.12000274658203,19005700,66.08988189697266,0.10728222106158092
2021-12-16,69.01000213623047,69.5,58.02000045776367,59.22999954223633,27692100,57.464820861816406,-0.1305050329698022
2021-12-17,57.34000015258789,61.58000183105469,56.86000061035156,58.959999084472656,17729000,57.2028694152832,-0.00455850852355888
2021-12-20,56.13999938964844,58.7599983215332,55.470001220703125,57.54999923706055,15681400,55.83488845825195,-0.023914516100856598
2021-12-21,61.16999816894531,63.689998626708984,58.77000045776367,63.5,20477000,61.622554779052734,0.10338837257721156
2021-12-22,62.470001220703125,65.52999877929688,61.61000061035156,65.37999725341797,13011600,63.44696044921875,0.02960625595933819
2021-12-23,66.0,68.75,65.91999816894531,67.41000366210938,14507000,65.41695404052734,0.031049349861899556
2021-12-27,68.0999984741211,73.0,68.0,72.98999786376953,15598000,70.83197021484375,0.08277694553511239
2021-12-28,74.06999969482422,74.06999969482422,69.56999969482422,70.5199966430664,14401800,68.43499755859375,-0.033840269803997014
2021-12-29,70.41999816894531,72.2300033569336,69.5999984741211,71.0,10702000,68.90080261230469,0.0068066276202920495
2021-12-30,70.5,71.33999633789062,67.88999938964844,68.36000061035156,11188200,66.3388671875,-0.03718308999504838
2021-12-31,68.69999694824219,70.0999984741211,67.83000183105469,68.01000213623047,10152000,65.99921417236328,-0.005119930822061636
2022-01-03,69.05000305175781,72.11000061035156,68.38999938964844,72.0999984741211,15794800,69.96827697753906,0.060138159232784316
2022-01-04,72.58000183105469,74.20999908447266,66.04000091552734,71.06999969482422,21988000,68.96875,-0.014285697657352547
2022-01-05,69.58999633789062,71.41999816894531,63.939998626708984,64.01000213623047,20821000,62.11747360229492,-0.09933864624890243
2022-01-06,64.08999633789062,66.38999938964844,61.849998474121094,65.54000091552734,19343100,63.602237701416016,0.023902495363781195
2022-01-07,65.08000183105469,66.05000305175781,59.13999938964844,59.7400016784668,22625900,57.973716735839844,-0.08849556234422395
2022-01-10,57.34000015258789,60.189998626708984,53.81999969482422,60.0,25112700,58.22603225708008,0.004352164617144938
2022-01-11,59.09000015258789,63.439998626708984,57.880001068115234,63.290000915527344,22053900,61.418766021728516,0.05483334859212241
2022-01-12,64.98999786376953,66.4000015258789,62.63999938964844,64.58000183105469,19392000,62.670623779296875,0.020382381053352994
2022-01-13,67.5,69.18000030517578,59.58000183105469,60.20000076293945,28866500,58.42012023925781,-0.06782286998959197
2022-01-14,58.7599983215332,64.54000091552734,58.560001373291016,64.4800033569336,23880600,62.57358932495117,0.07109638770352
2022-01-18,60.90999984741211,61.380001068115234,55.5,55.97999954223633,29055200,54.324886322021484,-0.13182387363792303
2022-01-19,57.47999954223633,58.15999984741211,50.72999954223633,50.81999969482422,28683300,49.31745529174805,-0.09217577509122599
2022-01-20,52.119998931884766,53.20000076293945,45.810001373291016,45.9900016784668,32438800,44.6302604675293,-0.09504128385206057
2022-01-21,45.220001220703125,48.93000030517578,43.400001525878906,43.709999084472656,45826500,42.41767120361328,-0.049576049375568365
2022-01-24,41.0,45.47999954223633,36.619998931884766,45.45000076293945,53548700,44.10622024536133,0.03980786353035892
2022-01-25,41.77000045776367,43.349998474121094,39.380001068115234,40.189998626708984,40326300,39.001731872558594,-0.11573161821637512
2022-01-26,43.779998779296875,47.099998474121094,40.099998474121094,42.119998931884766,46405000,40.87468338012695,0.04802190522826155
2022-01-27,43.400001525878906,43.45000076293945,36.0,36.36000061035156,50033700,35.28498077392578,-0.13675210037037522
2022-01-28,36.369998931884766,38.40999984741211,33.099998474121094,38.40999984741211,43946700,37.27437210083008,0.05638061613444867
2022-01-31,38.9900016784668,44.75,38.29999923706055,44.58000183105469,39362500,43.26194763183594,0.16063530351870825
2022-02-01,45.88999938964844,46.099998474121094,42.290000915527344,45.90999984741211,37795600,44.55262756347656,0.029833960559215056
2022-02-02,48.470001220703125,49.5,46.459999084472656,49.34000015258789,40548600,47.881202697753906,0.07471139874920141
2022-02-03,45.58000183105469,47.79999923706055,42.150001525878906,42.630001068115234,32875300,41.369598388671875,-0.13599511681640553
2022-02-04,42.08000183105469,44.52000045776367,40.369998931884766,43.459999084472656,30575600,42.175052642822266,0.019469809888843947
2022-02-07,43.63999938964844,45.52000045776367,42.86000061035156,43.40999984741211,28382000,42.12653350830078,-0.0011504656722004514
2022-02-08,42.75,46.880001068115234,42.540000915527344,46.599998474121094,33686800,45.22222137451172,0.0734853406570366
2022-02-09,48.43000030517578,51.22999954223633,46.709999084472656,51.02000045776367,35302800,49.51153564453125,0.09484983108094269
2022-02-10,47.58000183105469,52.209999084472656,45.58000183105469,46.41999816894531,51371000,45.04754638671875,-0.09016076533802497
2022-02-11,46.560001373291016,47.650001525878906,38.41999816894531,39.540000915527344,51212800,38.37095260620117,-0.14821192427406527
2022-02-14,39.75,41.849998474121094,37.86000061035156,39.59000015258789,43218400,38.41948318481445,0.0012645229110481715
2022-02-15,41.900001525878906,46.290000915527344,41.66999816894531,46.0099983215332,39910800,44.64966583251953,0.1621621152867223
2022-02-16,44.06999969482422,46.5,43.040000915527344,46.099998474121094,35357600,44.73699951171875,0.001956099888527296
2022-02-17,44.119998931884766,44.38999938964844,40.66999816894531,40.869998931884766,41858900,39.6616325378418,-0.11344901768645965
2022-02-18,41.13999938964844,41.349998474121094,37.77000045776367,39.630001068115234,46904100,38.45830154418945,-0.030340051288872072
2022-02-22,38.22999954223633,41.560001373291016,36.83000183105469,38.61000061035156,49765600,37.46846008300781,-0.02573808807147182
2022-02-23,40.06999969482422,41.29999923706055,35.630001068115234,35.90999984741211,52830600,34.8482780456543,-0.06993008858475824
2022-02-24,31.809999465942383,40.04999923706055,31.549999237060547,39.939998626708984,68362100,38.759124755859375,0.11222497344530913
2022-02-25,40.0,41.84000015258789,38.15999984741211,41.779998779296875,40949000,40.54472351074219,0.046069109059944546
2022-02-28,40.20000076293945,42.22999954223633,38.560001373291016,41.0099983215332,43350600,39.797489166259766,-0.018429882246555396
2022-03-01,40.779998779296875,41.29999923706055,35.349998474121094,36.58000183105469,46635000,35.49847412109375,-0.1080223523967434
2022-03-02,37.470001220703125,40.880001068115234,37.22999954223633,40.119998931884766,41485400,38.93381118774414,0.09677410944864384
2022-03-03,40.650001525878906,40.869998931884766,36.81999969482422,37.54999923706055,45902800,36.43979263305664,-0.064057820619276
2022-03-04,36.630001068115234,37.41999816894531,33.36000061035156,34.77000045776367,46799000,33.74198532104492,-0.07403458950148556
2022-03-07,34.81999969482422,35.599998474121094,29.5,29.579999923706055,50665800,28.70543670654297,-0.14926662254037326
2022-03-08,29.670000076293945,34.34000015258789,28.479999542236328,31.15999984741211,68456500,30.23871612548828,0.05341446679449824
2022-03-09,34.119998931884766,35.65999984741211,33.06999969482422,34.93000030517578,46482400,33.89726638793945,0.12098846200978963
2022-03-10,33.06999969482422,33.20000076293945,30.799999237060547,32.75,43831500,31.781723022460938,-0.0624105435479414
2022-03-11,34.15999984741211,34.41999816894531,30.5,30.690000534057617,34118300,29.782617568969727,-0.06290074705167581
2022-03-14,30.010000228881836,30.850000381469727,27.299999237060547,27.90999984741211,49351500,27.08481216430664,-0.09058327267086419
2022-03-15,28.450000762939453,31.719999313354492,28.010000228881836,31.510000228881836,42082900,30.5783748626709,0.1289860408868304
2022-03-16,33.040000915527344,36.400001525878906,32.060001373291016,36.29999923706055,55754000,35.22674560546875,0.15201520067867946
2022-03-17,35.25,37.0,34.31999969482422,36.95000076293945,37147500,35.8575325012207,0.01790637849973531
2022-03-18,36.61000061035156,39.66999816894531,35.599998474121094,39.16999816894531,39797700,38.01189422607422,0.06008111935500948
2022-03-21,38.70000076293945,39.970001220703125,36.880001068115234,39.0,38312100,37.846923828125,-0.004340009621958352
2022-03-22,38.790000915527344,41.02000045776367,38.630001068115234,39.59000015258789,34654100,38.42638397216797,0.015128209040715213
2022-03-23,38.5099983215332,39.9900016784668,36.59000015258789,36.689998626708984,38313200,35.611610412597656,-0.07325085917407714
2022-03-24,37.81999969482422,42.25,37.29999923706055,42.09000015258789,44687200,40.8528938293457,0.1471791149631687
2022-03-25,42.06999969482422,42.369998931884766,39.75,42.0099983215332,36316000,40.77525329589844,-0.0019007324961904937
2022-03-28,41.20000076293945,42.810001373291016,39.31999969482422,42.709999084472656,35741000,41.45466995239258,0.01666271818393894
2022-03-29,44.84000015258789,46.0,43.11000061035156,45.58000183105469,40148500,44.24031448364258,0.0671974434114524
2022-03-30,44.709999084472656,45.20000076293945,40.68000030517578,41.349998474121094,38435700,40.134647369384766,-0.09280393126381137
2022-03-31,41.2599983215332,41.84000015258789,38.41999816894531,38.779998779296875,38547400,37.64017868041992,-0.06215235283340226
2022-04-01,39.06999969482422,39.33000183105469,34.619998931884766,36.290000915527344,57428500,35.2233772277832,-0.0642083017573184
2022-04-04,36.58000183105469,38.220001220703125,36.16999816894531,37.959999084472656,28200500,36.84428787231445,0.04601813521120013
2022-04-05,37.09000015258789,37.2400016784668,32.529998779296875,32.880001068115234,57649600,31.913591384887695,-0.13382503000205204
2022-04-06,30.850000381469727,32.099998474121094,29.559999465942383,30.510000228881836,69146900,29.61325454711914,-0.07208031515338553
2022-04-07,30.25,31.420000076293945,28.65999984741211,30.510000228881836,55657300,29.61325454711914,0.0
2022-04-08,29.860000610351562,29.959999084472656,28.149999618530273,28.290000915527344,71608900,27.45850372314453,-0.07276300546379422
2022-04-11,27.040000915527344,27.709999084472656,26.34000015258789,26.489999771118164,60558200,25.711408615112305,-0.06362676161743164
2022-04-12,28.040000915527344,28.84000015258789,25.860000610351562,26.239999771118164,66793200,25.4687557220459,-0.00943752367535211
2022-04-13,26.770000457763672,28.540000915527344,26.309999465942383,28.030000686645508,50484000,27.206144332885742,0.06821649890018522
2022-04-14,28.549999237060547,28.6200008392334,25.540000915527344,25.610000610351562,51193200,24.85727310180664,-0.08633606910494729
2022-04-18,25.260000228881836,27.670000076293945,25.15999984741211,26.979999542236328,49251700,26.18700408935547,0.05349468563975801
2022-04-19,26.68000030517578,28.889999389648438,26.219999313354492,28.75,45358800,27.904985427856445,0.06560416930299762
2022-04-20,30.06999969482422,30.850000381469727,28.239999771118164,28.5,51891900,27.662328720092773,-0.008695652173912993
2022-04-21,29.600000381469727,30.56999969482422,25.809999465942383,26.209999084472656,53808500,25.43964385986328,-0.08035090931674893
2022-04-22,26.100000381469727,26.559999465942383,24.3700008392334,24.450000762939453,57459200,23.731369018554688,-0.06714988107633557
2022-04-25,23.889999389648438,25.760000228881836,23.68000030517578,25.670000076293945,58210600,24.915512084960938,0.04989772087057465
2022-04-26,24.709999084472656,24.899999618530273,22.350000381469727,22.43000030517578,55039200,21.77073860168457,-0.12621736507551784
2022-04-27,21.6200008392334,23.59000015258789,21.479999542236328,21.950000762939453,52406400,21.304845809936523,-0.021399890133999122
2022-04-28,23.200000762939453,26.299999237060547,22.399999618530273,25.579999923706055,63555800,24.828157424926758,0.16537581023211256
2022-04-29,24.299999237060547,25.950000762939453,22.100000381469727,22.239999771118164,48104400,21.58632469177246,-0.13057076475956408
2022-05-02,22.3799991607666,24.549999237060547,21.809999465942383,24.5,57669900,23.779895782470703,0.1016187163732245
2022-05-03,24.329999923706055,25.68000030517578,23.75,25.110000610351562,53115700,24.37196922302246,0.024897984095982206
2022-05-04,25.690000534057617,28.139999389648438,23.299999237060547,28.020000457763672,77054200,27.19643783569336,0.11589007473828827
2022-05-05,26.530000686645508,26.6200008392334,22.75,23.989999771118164,64302700,23.284887313842773,-0.14382586084251436
2022-05-06,23.239999771118164,24.8700008392334,21.940000534057617,23.350000381469727,73607500,22.663698196411133,-0.02667775722194632
2022-05-09,21.81999969482422,22.600000381469727,19.31999969482422,19.719999313354492,72482100,19.140392303466797,-0.1554604286429031
2022-05-10,21.450000762939453,22.149999618530273,19.719999313354492,21.09000015258789,72934500,20.470121383666992,0.0694726616093555
2022-05-11,20.530000686645508,22.0,18.969999313354492,19.149999618530273,76546000,18.58714485168457,-0.09198674822292807
2022-05-12,18.510000228881836,19.989999771118164,17.959999084472656,19.40999984741211,79889100,18.839500427246094,0.013577035721204389
2022-05-13,20.56999969482422,22.90999984741211,20.18000030517578,22.489999771118164,65885900,21.8289737701416,0.15868108953729343
2022-05-16,21.860000610351562,22.510000228881836,21.200000762939453,21.3700008392334,49300800,20.74189567565918,-0.04979986408550685
2022-05-17,23.079999923706055,24.739999771118164,22.84000015258789,24.579999923706055,65619700,23.8575439453125,0.15021052683252067
2022-05-18,23.399999618530273,24.350000381469727,20.530000686645508,20.850000381469727,61497800,20.2371826171875,-0.1517493715953575
2022-05-19,20.549999237060547,22.040000915527344,19.899999618530273,20.510000228881836,62522000,19.90717315673828,-0.016306961456464153
2022-05-20,21.540000915527344,21.649999618530273,17.65999984741211,20.360000610351562,86718200,19.761581420898438,-0.007313486926199375
2022-05-23,19.93000030517578,20.829999923706055,19.450000762939453,20.6299991607666,54498700,20.02364158630371,0.013261225064883586
2022-05-24,19.690000534057617,19.8799991607666,18.440000534057617,19.100000381469727,57291400,18.538616180419922,-0.07416378291505565
2022-05-25,18.729999542236328,20.719999313354492,18.719999313354492,20.190000534057617,54536300,19.59657859802246,0.057068069676342814
2022-05-26,19.610000610351562,22.829999923706055,19.479999542236328,22.540000915527344,60520000,21.877506256103516,0.11639427039665584
2022-05-27,23.600000381469727,25.440000534057617,23.59000015258789,25.260000228881836,54680400,24.517562866210938,0.1206743213342436
2022-05-31,25.139999389648438,25.600000381469727,23.75,24.860000610351562,48671900,24.129314422607422,-0.015835297502211465
2022-06-01,25.34000015258789,25.719999313354492,22.709999084472656,23.709999084472656,52378500,23.013120651245117,-0.046259110926974434
2022-06-02,23.399999618530273,26.280000686645508,23.299999237060547,26.200000762939453,49439000,25.429933547973633,0.10501905418028734
2022-06-03,24.549999237060547,24.950000762939453,23.5,23.93000030517578,42093200,23.226652145385742,-0.08664123632296394
2022-06-06,25.25,25.579999923706055,23.479999542236328,23.90999984741211,40514000,23.20724105834961,-0.0008357901173676741
2022-06-07,23.020000457763672,24.739999771118164,22.540000915527344,24.600000381469727,37067500,23.8769588470459,0.028858240839022775
2022-06-08,24.15999984741211,24.459999084472656,22.420000076293945,22.90999984741211,38501600,22.23663330078125,-0.0686992076362174
2022-06-09,22.389999389648438,23.559999465942383,21.030000686645508,21.09000015258789,37937200,20.470121383666992,-0.07944127922068944
2022-06-10,19.979999542236328,20.510000228881836,18.65999984741211,18.809999465942383,58924000,18.257137298583984,-0.10810813988380819
2022-06-13,16.93000030517578,17.40999984741211,15.34000015258789,15.550000190734863,77061300,15.092957496643066,-0.17331203443732757
2022-06-14,16.010000228881836,16.219999313354492,15.210000038146973,15.760000228881836,52253400,15.296782493591309,0.013504825438658052
2022-06-15,16.350000381469727,17.43000030517578,15.470000267028809,16.610000610351562,77001800,16.121801376342773,0.05393403357393445
2022-06-16,15.140000343322754,15.1899995803833,12.989999771118164,13.569999694824219,90753100,13.171151161193848,-0.183022324131209
2022-06-17,13.649999618530273,14.020000457763672,12.779999732971191,13.699999809265137,64012800,13.297329902648926,0.00957996443363962
2022-06-21,14.539999961853027,15.430000305175781,14.489999771118164,14.800000190734863,57522800,14.364999771118164,0.0802919997652709
2022-06-22,14.039999961853027,14.970000267028809,13.9399995803833,14.289999961853027,49362200,13.88782024383545,-0.03445947448035225
2022-06-23,14.579999923706055,14.59000015258789,13.34000015258789,14.010000228881836,47625300,13.61569881439209,-0.01959410312936649
2022-06-24,14.640000343322754,15.850000381469727,14.569999694824219,15.8100004196167,60548200,15.365038871765137,0.12847966890279805
2022-06-27,16.309999465942383,16.459999084472656,15.369999885559082,15.800000190734863,43426900,15.355321884155273,-0.000632525529185135
2022-06-28,16.0,16.579999923706055,14.520000457763672,14.5600004196167,56957600,14.150219917297363,-0.07848099722462665
2022-06-29,14.0,14.039999961853027,13.029999732971191,13.550000190734863,61516700,13.168645858764648,-0.06936814558886018
2022-06-30,13.029999732971191,13.829999923706055,12.380000114440918,13.100000381469727,70274900,12.73130989074707,-0.03321031755946657
2022-07-01,12.489999771118164,12.600000381469727,11.130000114440918,11.600000381469727,92067100,11.273527145385742,-0.11450381345956195
2022-07-05,10.739999771118164,11.899999618530273,10.529999732971191,11.850000381469727,82942200,11.516490936279297,0.021551723429195757
2022-07-06,11.920000076293945,12.5,11.520000457763672,12.09000015258789,77177800,11.749737739562988,0.020253144590059335
2022-07-07,12.90999984741211,13.890000343322754,12.90999984741211,13.710000038146973,75926300,13.324143409729004,0.13399502606394242
2022-07-08,13.130000114440918,14.170000076293945,12.960000038146973,13.90999984741211,77437200,13.518513679504395,0.014587878096911311
2022-07-11,13.25,13.449999809265137,12.649999618530273,12.90999984741211,52520600,12.54665756225586,-0.07189072688495002
2022-07-12,13.180000305175781,13.449999809265137,12.720000267028809,12.970000267028809,53368400,12.604969024658203,0.004647592589145377
2022-07-13,12.180000305175781,13.5600004196167,12.130000114440918,13.289999961853027,70014100,12.915963172912598,0.024672296702853203
2022-07-14,13.170000076293945,14.260000228881836,12.539999961853027,14.069999694824219,78227900,13.674009323120117,0.058690724996995014
2022-07-15,14.75,15.149999618530273,14.039999961853027,15.109999656677246,74112400,14.684739112854004,0.07391613250962625
2022-07-18,15.829999923706055,16.18000030517578,14.630000114440918,14.920000076293945,83926600,14.500089645385742,-0.012574426518887294
2022-07-19,15.609999656677246,17.170000076293945,15.5,16.950000762939453,78348500,16.472957611083984,0.13605902655931823
2022-07-20,16.829999923706055,18.440000534057617,16.5,18.200000762939453,85890600,17.687776565551758,0.07374630936495752
2022-07-21,18.520000457763672,19.1200008392334,17.68000030517578,19.100000381469727,80210800,18.562442779541016,0.04945052641772074
2022-07-22,18.84000015258789,18.90999984741211,17.149999618530273,17.649999618530273,65689500,17.15325355529785,-0.07591626879474844
2022-07-25,17.229999542236328,17.3700008392334,16.43000030517578,17.299999237060547,43336800,16.81310272216797,-0.01983005037021479
2022-07-26,16.93000030517578,17.239999771118164,16.25,16.43000030517578,48959700,15.967586517333984,-0.05028895781804599
2022-07-27,17.31999969482422,19.1200008392334,17.170000076293945,18.729999542236328,78797600,18.202856063842773,0.13998777810953533
2022-07-28,18.860000610351562,19.520000457763672,17.579999923706055,19.3700008392334,69548100,18.824844360351562,0.034169851181996114
2022-07-29,18.56999969482422,19.989999771118164,18.31999969482422,19.829999923706055,61313500,19.271902084350586,0.0237480157223815
2022-08-01,19.40999984741211,20.610000610351562,19.030000686645508,20.010000228881836,61205100,19.44683265686035,0.009077171249032512
2022-08-02,19.43000030517578,20.8700008392334,19.110000610351562,19.920000076293945,60816500,19.3593692779541,-0.004497758698572496
2022-08-03,19.979999542236328,21.719999313354492,19.8700008392334,21.549999237060547,57214600,20.94349479675293,0.08182726679335728
2022-08-04,21.469999313354492,22.270000457763672,21.219999313354492,22.06999969482422,56294600,21.448856353759766,0.024129952490643314
2022-08-05,20.959999084472656,22.1200008392334,20.56999969482422,21.559999465942383,60067800,20.953205108642578,-0.023108302489077026
2022-08-08,20.649999618530273,21.389999389648438,19.56999969482422,20.540000915527344,59477700,19.961917877197266,-0.04730976696109368
2022-08-09,19.229999542236328,19.229999542236328,16.90999984741211,17.690000534057617,65153600,17.19212532043457,-0.13875366379926746
2022-08-10,19.079999923706055,20.020000457763672,18.389999389648438,19.90999984741211,69125300,19.34964942932129,0.12549458713019512
2022-08-11,20.469999313354492,21.600000381469727,19.68000030517578,19.780000686645508,70069200,19.223312377929688,-0.006529340118679006
2022-08-12,20.239999771118164,21.719999313354492,19.979999542236328,21.600000381469727,57238400,20.992084503173828,0.0920121148455264
2022-08-15,21.239999771118164,21.969999313354492,20.799999237060547,21.780000686645508,48991600,21.167016983032227,0.008333347314669615
2022-08-16,21.479999542236328,21.739999771118164,20.389999389648438,21.139999389648438,48777200,20.545028686523438,-0.029384815280997234
2022-08-17,20.18000030517578,20.200000762939453,18.709999084472656,19.549999237060547,67988800,18.99977684020996,-0.07521287599310256
2022-08-18,19.719999313354492,21.360000610351562,19.5,20.889999389648438,50790800,20.302066802978516,0.06854220996836036
2022-08-19,20.059999465942383,20.3799991607666,18.889999389648438,19.170000076293945,49700800,18.630477905273438,-0.08233601549106784
2022-08-22,18.100000381469727,18.149999618530273,16.770000457763672,17.040000915527344,51389400,16.560420989990234,-0.11111106689042771
2022-08-23,17.079999923706055,18.059999465942383,17.010000228881836,17.329999923706055,49723200,16.84225845336914,0.017018720222864214
2022-08-24,17.25,17.59000015258789,16.770000457763672,17.40999984741211,42087500,16.920005798339844,0.004616267977971544
2022-08-25,17.459999084472656,19.3799991607666,17.420000076293945,19.31999969482422,58659800,18.7762508392334,0.1097070571023595
2022-08-26,19.25,19.329999923706055,15.949999809265137,15.979999542236328,84676900,15.530252456665039,-0.17287785741956652
2022-08-29,15.479999542236328,16.049999237060547,14.949999809265137,15.050000190734863,61062700,14.62643051147461,-0.05819770826922788
2022-08-30,15.5,15.569999694824219,13.960000038146973,14.470000267028809,77063100,14.062750816345215,-0.038538200422290836
2022-08-31,14.6899995803833,14.699999809265137,13.65999984741211,14.039999961853027,86870500,13.644853591918945,-0.02971667569043346
2022-09-01,13.029999732971191,13.260000228881836,11.970000267028809,13.220000267028809,113345600,12.847933769226074,-0.058404536827078024
2022-09-02,13.84000015258789,14.140000343322754,12.630000114440918,12.859999656677246,100737200,12.498064994812012,-0.027231513092281667
2022-09-06,12.90999984741211,13.029999732971191,12.069999694824219,12.420000076293945,79919100,12.07044792175293,-0.03421458725738313
2022-09-07,12.420000076293945,13.319999694824219,12.229999542236328,12.989999771118164,79632700,12.624404907226562,0.04589369495352713
2022-09-08,12.640000343322754,13.800000190734863,12.369999885559082,13.649999618530273,103258300,13.265830993652344,0.0508083032364286
2022-09-09,14.260000228881836,14.850000381469727,14.1899995803833,14.649999618530273,81908900,14.237685203552246,0.07326007530743595
2022-09-12,14.829999923706055,15.050000190734863,14.300000190734863,14.779999732971191,67153300,14.364026069641113,0.008873728179247475
2022-09-13,13.149999618530273,13.489999771118164,11.949999809265137,12.09000015258789,85975600,11.749737739562988,-0.18200268125732477
2022-09-14,12.279999732971191,12.739999771118164,11.9399995803833,12.460000038146973,65846900,12.109322547912598,0.03060379494535259
2022-09-15,12.229999542236328,12.670000076293945,11.59000015258789,11.90999984741211,94630600,11.574800491333008,-0.044141267179053534
2022-09-16,11.470000267028809,12.100000381469727,11.180000305175781,12.0600004196167,87622100,11.7205810546875,0.012594506643690995
2022-09-19,11.619999885559082,12.4399995803833,11.569999694824219,12.260000228881836,75532200,11.91495132446289,0.016583731534521196
2022-09-20,11.850000381469727,12.039999961853027,11.430000305175781,11.699999809265137,70577400,11.40793228149414,-0.045677031742418994
2022-09-21,11.760000228881836,12.920000076293945,11.380000114440918,11.399999618530273,125021300,11.115421295166016,-0.025641042361154165
2022-09-22,11.170000076293945,11.319999694824219,10.25,10.510000228881836,112096100,10.247638702392578,-0.07807012451138828
2022-09-23,10.069999694824219,10.140000343322754,9.449999809265137,10.029999732971191,120047000,9.779619216918945,-0.0456708359141218
2022-09-26,9.90999984741211,10.359999656677246,9.5,9.550000190734863,96464800,9.311602592468262,-0.04785638634250866
2022-09-27,10.039999961853027,10.279999732971191,9.390000343322754,9.8100004196167,115839400,9.565113067626953,0.027225154312989552
2022-09-28,9.569999694824219,10.350000381469727,9.449999809265137,10.170000076293945,119412700,9.916126251220703,0.03669721113949875
2022-09-29,9.699999809265137,9.739999771118164,8.800000190734863,9.289999961853027,128122600,9.05809211730957,-0.08652901748665465
2022-09-30,8.899999618530273,9.609999656677246,8.739999771118164,8.859999656677246,109534300,8.638826370239258,-0.04628636242642259
2022-10-03,9.09000015258789,10.0,8.880000114440918,9.699999809265137,126786100,9.457857131958008,0.09480814730673637
2022-10-04,10.579999923706055,11.100000381469727,10.539999961853027,11.039999961853027,114533100,10.764408111572266,0.13814434834400346
2022-10-05,10.529999732971191,11.65999984741211,10.210000038146973,11.420000076293945,110030200,11.134921073913574,0.03442030034003163
2022-10-06,11.289999961853027,11.920000076293945,11.050000190734863,11.1899995803833,117138000,10.910663604736328,-0.020140148369008126
2022-10-07,10.180000305175781,10.279999732971191,9.0,9.210000038146973,134873300,8.98008918762207,-0.17694366545887796
2022-10-10,9.069999694824219,9.09000015258789,7.860000133514404,8.279999732971191,163448700,8.073307037353516,-0.10097723141409398
2022-10-11,7.809999942779541,8.020000457763672,7.199999809265137,7.570000171661377,186475200,7.381030082702637,-0.08574874205400951
2022-10-12,7.489999771118164,7.619999885559082,7.230000019073486,7.340000152587891,110516500,7.156771183013916,-0.03038309297990527
2022-10-13,6.420000076293945,8.359999656677246,6.210000038146973,8.0,284532700,7.800295829772949,0.08991823347298045
2022-10-14,8.260000228881836,8.270000457763672,6.869999885559082,6.929999828338623,177216100,6.7570061683654785,-0.13375002145767212
2022-10-17,7.46999979019165,7.670000076293945,7.199999809265137,7.329999923706055,113321500,7.147021293640137,0.05772007291136205
2022-10-18,8.039999961853027,8.210000038146973,7.039999961853027,7.400000095367432,185506400,7.215272903442383,0.00954981887994144
2022-10-19,7.269999980926514,7.800000190734863,7.199999809265137,7.570000171661377,134272400,7.381030082702637,0.022972982986901425
2022-10-20,7.699999809265137,8.420000076293945,7.590000152587891,7.699999809265137,170614600,7.507784366607666,0.017173003257043407
2022-10-21,7.650000095367432,8.640000343322754,7.550000190734863,8.579999923706055,178616600,8.365817070007324,0.11428573197911573
2022-10-24,8.640000343322754,8.8100004196167,8.079999923706055,8.680000305175781,147205700,8.463318824768066,0.011655056218990323
2022-10-25,8.800000190734863,9.470000267028809,8.75,9.260000228881836,127146900,9.02884292602539,0.06682026535877061
2022-10-26,8.739999771118164,9.670000076293945,8.550000190734863,9.010000228881836,143571600,8.78508186340332,-0.02699783950547352
2022-10-27,9.15999984741211,9.4399995803833,8.479999542236328,8.520000457763672,129662300,8.3073148727417,-0.054383990973435825
2022-10-28,8.5600004196167,9.5600004196167,8.489999771118164,9.5,129291600,9.26285171508789,0.11502341427028018
2022-10-31,9.300000190734863,9.350000381469727,8.75,8.920000076293945,118351000,8.697328567504883,-0.06105262354800578
2022-11-01,9.40999984741211,9.520000457763672,8.9399995803833,9.100000381469727,108638200,8.872838020324707,0.02017940623724379
2022-11-02,9.270000457763672,9.770000457763672,8.199999809265137,8.239999771118164,174985600,8.034305572509766,-0.09450555761544543
2022-11-03,7.78000020980835,8.289999961853027,7.53000020980835,7.889999866485596,135668700,7.6930413246154785,-0.04247571776146708
2022-11-04,8.720000267028809,9.0600004196167,8.420000076293945,8.989999771118164,173041700,8.765580177307129,0.1394169737955313
2022-11-07,9.270000457763672,9.6899995803833,8.880000114440918,9.59000015258789,105846700,9.350605010986328,0.06674086726868733
2022-11-08,10.109999656677246,10.5600004196167,9.609999656677246,10.170000076293945,147373300,9.916126251220703,0.06047965740120875
2022-11-09,9.739999771118164,9.819999694824219,9.180000305175781,9.239999771118164,107444900,9.009342193603516,-0.09144545705005369
2022-11-10,10.800000190734863,12.170000076293945,10.5600004196167,12.079999923706055,196270300,11.778446197509766,0.30735933148667294
2022-11-11,12.279999732971191,13.40999984741211,11.829999923706055,13.220000267028809,166468400,12.889988899230957,0.09437088994393061
2022-11-14,12.989999771118164,13.510000228881836,12.729999542236328,12.770000457763672,108739600,12.45122241973877,-0.03403931922660042
2022-11-15,14.34000015258789,14.4399995803833,13.3100004196167,13.869999885559082,159797700,13.523761749267578,0.08613934129709855
2022-11-16,12.930000305175781,12.989999771118164,11.869999885559082,12.130000114440918,112310400,11.82719612121582,-0.12545059736660746
2022-11-17,11.34000015258789,12.579999923706055,11.3100004196167,12.369999885559082,128795400,12.061205863952637,0.01978563634409536
2022-11-18,12.989999771118164,13.029999732971191,12.069999694824219,12.489999771118164,117064100,12.17820930480957,0.009700880086439767
2022-11-21,12.069999694824219,12.199999809265137,11.739999771118164,11.890000343322754,84238200,11.593191146850586,-0.04803838581189146
2022-11-22,12.140000343322754,12.9399995803833,11.850000381469727,12.899999618530273,86949600,12.577975273132324,0.08494526880099884
2022-11-23,12.899999618530273,13.75,12.84000015258789,13.319999694824219,113790600,12.987492561340332,0.032558146411929556
2022-11-25,13.130000114440918,13.260000228881836,12.829999923706055,12.859999656677246,41754500,12.538972854614258,-0.03453453818964547
2022-11-28,12.359999656677246,12.760000228881836,11.600000381469727,11.84000015258789,87803100,11.544437408447266,-0.07931567117575666
2022-11-29,11.949999809265137,12.180000305175781,11.5,11.729999542236328,75056000,11.43718433380127,-0.0092905919707712
2022-11-30,11.84000015258789,13.850000381469727,11.520000457763672,13.819999694824219,133385800,13.47500991821289,0.17817563803497238
2022-12-01,14.09000015258789,14.130000114440918,12.9399995803833,13.5,112133900,13.16299819946289,-0.023154826475434986
2022-12-02,12.489999771118164,13.130000114440918,12.300000190734863,13.029999732971191,98017700,12.704729080200195,-0.03481483459472656
2022-12-05,12.800000190734863,13.15999984741211,12.199999809265137,12.59000015258789,71095100,12.275714874267578,-0.03376819565620737
2022-12-06,12.539999961853027,12.600000381469727,11.380000114440918,11.720000267028809,86923400,11.427433013916016,-0.06910245234431167
2022-12-07,11.40999984741211,11.930000305175781,11.329999923706055,11.699999809265137,86276700,11.40793228149414,-0.0017065236610904755
2022-12-08,11.890000343322754,12.720000267028809,11.649999618530273,12.619999885559082,101888300,12.304965019226074,0.07863248643520526
2022-12-09,12.489999771118164,12.989999771118164,12.180000305175781,12.319999694824219,88787400,12.01245403289795,-0.0237718061375064
2022-12-12,12.140000343322754,13.010000228881836,11.9399995803833,12.979999542236328,73482200,12.65597915649414,0.05357141751305261
2022-12-13,14.720000267028809,14.90999984741211,13.140000343322754,13.630000114440918,180078900,13.289753913879395,0.050077087452084834
2022-12-14,13.510000228881836,14.029999732971191,12.539999961853027,13.0,139612300,12.675480842590332,-0.046221578074195024
2022-12-15,12.229999542236328,12.380000114440918,11.319999694824219,11.399999618530273,107181700,11.115421295166016,-0.12307695242074823
2022-12-16,11.199999809265137,11.479999542236328,10.770000457763672,11.109999656677246,88813800,10.832658767700195,-0.02543859399623516
2022-12-19,11.119999885559082,11.149999618530273,10.350000381469727,10.6899995803833,82876800,10.423144340515137,-0.03780378841339749
2022-12-20,10.25,10.75,10.15999984741211,10.40999984741211,88304000,10.186345100402832,-0.02619267951001658
2022-12-21,10.630000114440918,11.270000457763672,10.600000381469727,11.140000343322754,83240400,10.90065860748291,0.07012492858893937
2022-12-22,10.539999961853027,10.5600004196167,9.109999656677246,9.779999732971191,135617300,9.569876670837402,-0.12208263630501037
2022-12-23,9.59000015258789,9.8100004196167,9.229999542236328,9.770000457763672,92378600,9.560093879699707,-0.0010224208057807438
2022-12-27,9.579999923706055,9.59000015258789,9.130000114440918,9.270000457763672,78142100,9.07083797454834,-0.05117707027359231
2022-12-28,9.100000381469727,9.430000305175781,8.739999771118164,8.859999656677246,83917300,8.669644355773926,-0.044228778947151826
2022-12-29,9.279999732971191,9.829999923706055,9.180000305175781,9.670000076293945,90966000,9.462244033813477,0.0914221727995499
2022-12-30,9.270000457763672,9.699999809265137,9.0600004196167,9.670000076293945,64369800,9.462244033813477,0.0
2023-01-03,10.170000076293945,10.210000038146973,9.1899995803833,9.359999656677246,97509800,9.158904075622559,-0.0320579542058812
2023-01-04,9.880000114440918,10.270000457763672,9.579999923706055,10.069999694824219,114576600,9.853647232055664,0.0758547077125662
2023-01-05,9.800000190734863,10.0,9.529999732971191,9.569999694824219,83312800,9.36439037322998,-0.0496524344739544
2023-01-06,9.949999809265137,11.069999694824219,9.5600004196167,10.869999885559082,123492600,10.636462211608887,0.13584119458623878
2023-01-09,11.529999732971191,12.270000457763672,11.279999732971191,11.529999732971191,136968300,11.282280921936035,0.06071755789886679
2023-01-10,11.380000114440918,11.989999771118164,11.1899995803833,11.970000267028809,90401400,11.712828636169434,0.03816136550284477
2023-01-11,11.979999542236328,12.430000305175781,11.649999618530273,12.399999618530273,80469400,12.133588790893555,0.03592308620793361
2023-01-12,12.59000015258789,13.079999923706055,11.819999694824219,12.819999694824219,135343400,12.544565200805664,0.03387097493666902
2023-01-13,12.369999885559082,13.0,12.270000457763672,12.949999809265137,74389800,12.671772003173828,0.01014041478436245
2023-01-17,12.880000114440918,13.430000305175781,12.670000076293945,13.0600004196167,74500500,12.779411315917969,0.008494255750711499
2023-01-18,13.449999809265137,13.760000228881836,12.8100004196167,12.819999694824219,82050400,12.544565200805664,-0.018376777724447013
2023-01-19,12.479999542236328,12.520000457763672,11.619999885559082,11.770000457763672,99618400,11.517125129699707,-0.0819032185690659
2023-01-20,12.109999656677246,12.859999656677246,11.75,12.789999961853027,89921600,12.515210151672363,0.0866609570449548
2023-01-23,13.180000305175781,14.90999984741211,13.130000114440918,14.739999771118164,125178200,14.423314094543457,0.15246284715255154
2023-01-24,14.289999961853027,14.850000381469727,14.15999984741211,14.4399995803833,75816000,14.1297607421875,-0.02035279480279839
2023-01-25,13.710000038146973,14.630000114440918,13.329999923706055,14.529999732971191,93424800,14.21782398223877,0.006232697728755898
2023-01-26,15.020000457763672,15.300000190734863,14.300000190734863,15.239999771118164,111443300,14.912571907043457,0.048864421968009664
2023-01-27,14.5,15.359999656677246,14.350000381469727,14.979999542236328,101402600,14.658158302307129,-0.01706038272878263
2023-01-30,14.350000381469727,14.619999885559082,13.729999542236328,13.800000190734863,81286700,13.503509521484375,-0.07877165471029823
2023-01-31,13.670000076293945,14.550000190734863,13.640000343322754,14.520000457763672,97363300,14.20804214477539,0.05217393167227691
2023-02-01,14.729999542236328,17.280000686645508,14.680000305175781,16.799999237060547,150219900,16.439056396484375,0.15702470436753924
2023-02-02,17.329999923706055,18.399999618530273,17.010000228881836,17.920000076293945,116420900,17.53499412536621,0.06666671964857551
2023-02-03,16.780000686645508,18.1299991607666,16.600000381469727,16.93000030517578,94867600,16.566265106201172,-0.05524552270665539
2023-02-06,16.1200008392334,16.860000610351562,15.859999656677246,16.100000381469727,77254800,15.754094123840332,-0.049025393310377585
2023-02-07,16.219999313354492,17.850000381469727,16.1299991607666,17.59000015258789,119100900,17.21208381652832,0.09254656744189127
2023-02-08,17.329999923706055,17.690000534057617,16.350000381469727,16.489999771118164,72392900,16.13571548461914,-0.06253555269627964
2023-02-09,17.329999923706055,17.899999618530273,16.209999084472656,16.579999923706055,84793400,16.22378158569336,0.00545786257350489
2023-02-10,16.059999465942383,16.219999313354492,15.25,15.800000190734863,78447700,15.460540771484375,-0.047044616197853495
2023-02-13,15.989999771118164,16.6200008392334,15.569999694824219,16.420000076293945,60332300,16.067216873168945,0.03924049861231338
2023-02-14,16.059999465942383,17.530000686645508,15.670000076293945,17.329999923706055,111460800,16.95766830444336,0.05542020969451178
2023-02-15,16.809999465942383,17.59000015258789,16.43000030517578,17.540000915527344,74638200,17.16316032409668,0.012117772229994328
2023-02-16,16.649999618530273,17.170000076293945,16.18000030517578,16.280000686645508,81774100,15.930231094360352,-0.0718358131764073
2023-02-17,15.979999542236328,16.1200008392334,15.039999961853027,15.5,82871000,15.166988372802734,-0.04791158806801177
2023-02-21,14.789999961853027,15.3100004196167,13.890000343322754,14.010000228881836,68114400,13.708996772766113,-0.0961290174914945
2023-02-22,14.109999656677246,14.40999984741211,13.539999961853027,13.829999923706055,70471500,13.532866477966309,-0.012847987311570996
2023-02-23,15.130000114440918,15.34000015258789,14.279999732971191,15.079999923706055,94198000,14.756010055541992,0.09038322537206755
2023-02-24,14.289999961853027,14.539999961853027,13.960000038146973,14.3100004196167,74689200,14.00255298614502,-0.05106097533057019
2023-02-27,14.960000038146973,15.010000228881836,14.5,14.5,61896900,14.188469886779785,0.013277398659111261
2023-02-28,14.399999618530273,15.270000457763672,14.3100004196167,14.649999618530273,59300500,14.335247993469238,0.0103448012779499
2023-03-01,14.8100004196167,15.220000267028809,14.479999542236328,14.680000305175781,63832600,14.364603042602539,0.0020478284932896607
2023-03-02,14.010000228881836,15.239999771118164,13.65999984741211,15.010000228881836,73485400,14.687514305114746,0.02247955836824511
2023-03-03,15.050000190734863,15.770000457763672,14.649999618530273,15.680000305175781,72055200,15.343120574951172,0.04463691312973794
2023-03-06,15.829999923706055,16.25,15.039999961853027,15.170000076293945,56252700,14.844076156616211,-0.032525524168101616
2023-03-07,15.1899995803833,15.420000076293945,14.489999771118164,14.649999618530273,66744300,14.335247993469238,-0.03427821062283798
2023-03-08,14.859999656677246,15.899999618530273,14.850000381469727,15.8100004196167,71670200,15.47032642364502,0.07918094411546472
2023-03-09,15.75,16.540000915527344,14.800000190734863,14.90999984741211,87945700,14.589662551879883,-0.05692603088662096
2023-03-10,15.109999656677246,15.25,13.8100004196167,14.050000190734863,128656300,13.748139381408691,-0.05767938735603095
2023-03-13,13.609999656677246,14.539999961853027,13.149999618530273,14.020000457763672,121199400,13.71878433227539,-0.0021352122821304276
2023-03-14,14.760000228881836,15.539999961853027,14.539999961853027,15.220000267028809,107012500,14.893003463745117,0.08559199501314052
2023-03-15,14.600000381469727,14.850000381469727,13.75,14.6899995803833,126199700,14.374387741088867,-0.03482264634342036
2023-03-16,14.479999542236328,16.520000457763672,14.300000190734863,16.420000076293945,108646600,16.067216873168945,0.11776722568602715
2023-03-17,16.489999771118164,16.899999618530273,15.829999923706055,16.1299991607666,79179200,15.783449172973633,-0.017661444225327783
2023-03-20,16.139999389648438,16.790000915527344,15.779999732971191,16.610000610351562,62536400,16.253137588500977,0.02975830592431028
2023-03-21,17.010000228881836,17.530000686645508,15.9399995803833,16.670000076293945,76051300,16.336437225341797,0.003612249472464857
2023-03-22,16.68000030517578,18.020000457763672,16.200000762939453,16.239999771118164,95075000,15.915042877197266,-0.0257948592206233
2023-03-23,17.020000457763672,18.170000076293945,16.6299991607666,17.489999771118164,97514400,17.140029907226562,0.0769704444345527
2023-03-24,17.100000381469727,17.219999313354492,16.040000915527344,16.56999969482422,90583300,16.23843765258789,-0.05260149161426364
2023-03-27,16.760000228881836,16.920000076293945,15.8100004196167,15.970000267028809,64605200,15.650443077087402,-0.03620998423933741
2023-03-28,15.869999885559082,15.880000114440918,14.899999618530273,15.630000114440918,75621600,15.31724739074707,-0.02128992779604677
2023-03-29,16.34000015258789,17.469999313354492,16.299999237060547,17.079999923706055,90012500,16.73823356628418,0.0927703006173013
2023-03-30,17.760000228881836,18.290000915527344,17.579999923706055,17.950000762939453,80622200,17.59082794189453,0.05093681751285528
2023-03-31,17.559999465942383,18.34000015258789,17.43000030517578,18.299999237060547,68287500,17.933818817138672,0.01949852140640118
2023-04-03,17.920000076293945,18.15999984741211,17.1299991607666,17.809999465942383,57147300,17.45362663269043,-0.026775944893256187
2023-04-04,17.8700008392334,17.899999618530273,16.510000228881836,16.790000915527344,64093400,16.454036712646484,-0.057271116283049706
2023-04-05,16.25,16.309999465942383,15.380000114440918,15.920000076293945,86953300,15.601445198059082,-0.05181660463334603
2023-04-06,15.449999809265137,16.010000228881836,15.09000015258789,15.65999984741211,65901100,15.346647262573242,-0.016331672590190194
2023-04-10,15.220000267028809,16.5,15.140000343322754,16.389999389648438,63177700,16.06203842163086,0.04661555232115555
2023-04-11,16.719999313354492,16.790000915527344,16.110000610351562,16.209999084472656,52220200,15.885643005371094,-0.0109823253129262
2023-04-12,16.65999984741211,16.739999771118164,15.270000457763672,15.329999923706055,76962300,15.0232515335083,-0.05428742815966847
2023-04-13,15.390000343322754,15.949999809265137,15.039999961853027,15.670000076293945,59431400,15.356447219848633,0.02217874457142832
2023-04-14,15.640000343322754,16.190000534057617,15.079999923706055,15.579999923706055,56858500,15.268247604370117,-0.00574346854816199
2023-04-17,15.100000381469727,15.619999885559082,14.949999809265137,15.579999923706055,56761700,15.268247604370117,0.0
2023-04-18,16.020000457763672,16.360000610351562,15.40999984741211,15.779999732971191,56833200,15.464245796203613,0.012836958295540324
2023-04-19,15.199999809265137,15.380000114440918,14.979999542236328,15.260000228881836,53185600,14.954651832580566,-0.032953074327552345
2023-04-20,14.789999961853027,15.899999618530273,14.75,15.199999809265137,65191000,14.895853042602539,-0.003931875407389485
2023-04-21,15.09000015258789,15.09000015258789,14.479999542236328,14.859999656677246,68276000,14.56265640258789,-0.0223684313719954
2023-04-24,14.779999732971191,15.039999961853027,14.359999656677246,14.630000114440918,48740200,14.337259292602539,-0.015477762284670016
2023-04-25,14.420000076293945,14.420000076293945,13.170000076293945,13.199999809265137,89382800,12.935872077941895,-0.09774438099725391
2023-04-26,13.619999885559082,13.789999961853027,13.180000305175781,13.369999885559082,68911200,13.102470397949219,0.012878793844725678
2023-04-27,13.329999923706055,13.600000381469727,12.520000457763672,13.539999961853027,87997600,13.269068717956543,0.012715039472630307
2023-04-28,13.760000228881836,14.270000457763672,13.539999961853027,14.229999542236328,65456800,13.94526195526123,0.050960087321068936
2023-05-01,14.460000038146973,14.789999961853027,14.319999694824219,14.65999984741211,57191000,14.366657257080078,0.030217872031512716
2023-05-02,14.65999984741211,14.90999984741211,13.90999984741211,14.350000381469727,61126500,14.062861442565918,-0.021145939233901623
2023-05-03,14.119999885559082,14.619999885559082,13.8100004196167,13.84000015258789,71240700,13.563066482543945,-0.03554008469159364
2023-05-04,13.5,14.0,13.220000267028809,13.600000381469727,62383900,13.327868461608887,-0.017341023733535632
2023-05-05,13.619999885559082,14.680000305175781,13.4399995803833,14.470000267028809,62636200,14.180459022521973,0.06397057802619432
2023-05-08,14.460000038146973,14.699999809265137,14.069999694824219,14.649999618530273,41012800,14.356856346130371,0.01243948501587866
2023-05-09,14.069999694824219,14.119999885559082,13.739999771118164,13.9399995803833,57414300,13.661066055297852,-0.04846416768836759
2023-05-10,14.380000114440918,14.640000343322754,13.90999984741211,14.3100004196167,78346700,14.023660659790039,0.026542385248997657
2023-05-11,14.329999923706055,14.430000305175781,13.640000343322754,14.069999694824219,54962200,13.78846263885498,-0.016771538627174176
2023-05-12,14.180000305175781,14.369999885559082,13.59000015258789,14.020000457763672,46243600,13.73946475982666,-0.0035536061226028037
2023-05-15,14.100000381469727,15.140000343322754,13.970000267028809,15.109999656677246,64054000,14.807652473449707,0.07774601735551157
2023-05-16,14.979999542236328,15.569999694824219,14.970000267028809,15.050000190734863,54294600,14.748852729797363,-0.003970844957357
2023-05-17,15.479999542236328,16.34000015258789,15.140000343322754,16.139999389648438,77302900,15.81704044342041,0.07242519502322686
2023-05-18,16.34000015258789,17.799999237060547,16.31999969482422,17.670000076293945,91302200,17.316429138183594,0.09479558516134712
2023-05-19,17.59000015258789,17.639999389648438,17.059999465942383,17.389999389648438,49521200,17.042030334472656,-0.015846105570828883
2023-05-22,16.920000076293945,17.719999313354492,16.889999389648438,17.530000686645508,43944400,17.179229736328125,0.008050678660771471
2023-05-23,17.200000762939453,17.549999237060547,16.790000915527344,16.920000076293945,41287200,16.58143424987793,-0.03479752347164855
2023-05-24,15.890000343322754,16.229999542236328,15.489999771118164,16.030000686645508,87475800,15.709244728088379,-0.05260043650327084
2023-05-25,18.15999984741211,19.389999389648438,17.6299991607666,19.149999618530273,124768700,18.766813278198242,0.1946349842944184
2023-05-26,20.049999237060547,23.260000228881836,20.030000686645508,22.8799991607666,112964600,22.422176361083984,0.1947780478610055
2023-05-30,24.56999969482422,24.799999237060547,22.59000015258789,22.8700008392334,99439100,22.41238021850586,-0.0004369895935287804
2023-05-31,21.709999084472656,22.670000076293945,21.09000015258789,21.149999618530273,73938700,20.726791381835938,-0.07520774628711291
2023-06-01,21.479999542236328,22.75,20.829999923706055,22.15999984741211,74757400,21.716585159301758,0.047754148798988094
2023-06-02,22.690000534057617,22.889999389648438,21.530000686645508,22.020000457763672,65015000,21.579387664794922,-0.006317662031247173
2023-06-05,21.75,21.75,20.65999984741211,20.969999313354492,35747700,20.550395965576172,-0.04768397468579422
2023-06-06,20.549999237060547,22.059999465942383,20.43000030517578,21.729999542236328,49445200,21.295188903808594,0.03624226293597621
2023-06-07,22.149999618530273,23.100000381469727,21.489999771118164,21.639999389648438,65066100,21.206989288330078,-0.004141746639845012
2023-06-08,21.790000915527344,22.469999313354492,21.459999084472656,22.280000686645508,43045900,21.83418846130371,0.029574922137161286
2023-06-09,23.030000686645508,23.489999771118164,22.09000015258789,22.399999618530273,50142100,21.951784133911133,0.005385948302806476
2023-06-12,23.200000762939453,24.68000030517578,23.1299991607666,24.600000381469727,52761000,24.10776138305664,0.09821432144666264
2023-06-13,25.790000915527344,26.079999923706055,24.719999313354492,25.559999465942383,82626800,25.048551559448242,0.03902435242219715
2023-06-14,25.309999465942383,26.700000762939453,24.84000015258789,26.639999389648438,84622000,26.1069393157959,0.042253519024721076
2023-06-15,25.75,26.56999969482422,25.420000076293945,25.950000762939453,64797200,25.430747985839844,-0.02590084994435471
2023-06-16,26.770000457763672,26.790000915527344,25.1299991607666,25.239999771118164,55392600,24.734954833984375,-0.027360345701233246
2023-06-20,24.860000610351562,25.549999237060547,23.979999542236328,24.649999618530273,43349100,24.15675926208496,-0.023375600552224318
2023-06-21,24.170000076293945,24.489999771118164,22.700000762939453,22.780000686645508,59099400,22.358646392822266,-0.07586202680826903
2023-06-22,22.280000686645508,23.3799991607666,22.219999313354492,23.100000381469727,44637500,22.672725677490234,0.01404739618870221
2023-06-23,21.950000762939453,22.280000686645508,21.520000457763672,21.889999389648438,44294000,21.485109329223633,-0.052380994451927454
2023-06-26,22.31999969482422,23.31999969482422,22.049999237060547,22.09000015258789,47524300,21.68140411376953,0.009136627159251232
2023-06-27,22.290000915527344,24.489999771118164,22.010000228881836,24.3700008392334,54471000,23.919235229492188,0.10321415440906634
2023-06-28,23.18000030517578,24.440000534057617,23.110000610351562,23.719999313354492,55584500,23.28125762939453,-0.02667219956892508
2023-06-29,24.110000610351562,24.110000610351562,23.170000076293945,23.809999465942383,45213700,23.36959457397461,0.0037942729845368284
2023-06-30,24.56999969482422,25.170000076293945,24.290000915527344,24.829999923706055,47598800,24.370725631713867,0.04283916340370664
2023-07-03,25.260000228881836,25.75,24.68000030517578,25.489999771118164,25289900,25.01852035522461,0.026580743030207854
2023-07-05,24.989999771118164,25.18000030517578,23.829999923706055,23.850000381469727,38292000,23.408857345581055,-0.06433893308648297
2023-07-06,22.600000381469727,23.049999237060547,22.040000915527344,22.979999542236328,49420400,22.554941177368164,-0.036478022025917656
2023-07-07,23.079999923706055,24.030000686645508,22.829999923706055,22.959999084472656,41284000,22.535316467285156,-0.0008703419565745385
2023-07-10,23.15999984741211,24.440000534057617,23.079999923706055,24.31999969482422,39943500,23.870161056518555,0.05923347842253612
2023-07-11,24.68000030517578,24.739999771118164,23.280000686645508,24.34000015258789,44231000,23.88979148864746,0.000822387253891721
2023-07-12,25.440000534057617,25.850000381469727,25.0,25.690000534057617,54237000,25.214818954467773,0.05546427169295609
2023-07-13,26.510000228881836,27.450000762939453,26.209999084472656,27.280000686645508,42645500,26.775409698486328,0.06189179134037004
2023-07-14,27.34000015258789,28.030000686645508,25.899999618530273,26.229999542236328,47910200,25.744831085205078,-0.038489777052065466
2023-07-17,26.280000686645508,28.530000686645508,25.770000457763672,28.059999465942383,50068600,27.540983200073242,0.06976744016938818
2023-07-18,27.75,28.549999237060547,27.09000015258789,28.260000228881836,45800100,27.737287521362305,0.0071276110743410115
2023-07-19,28.40999984741211,28.440000534057617,27.040000915527344,27.290000915527344,49085500,26.785228729248047,-0.03432410847481693
2023-07-20,25.790000915527344,26.059999465942383,23.8700008392334,24.290000915527344,67340600,23.840715408325195,-0.10993037373967518
2023-07-21,25.010000228881836,25.59000015258789,24.5,24.920000076293945,43146400,24.459060668945312,0.025936563895470055
2023-07-24,24.90999984741211,25.440000534057617,24.510000228881836,24.899999618530273,29911500,24.439434051513672,-0.0008025865851700731
2023-07-25,25.309999465942383,26.59000015258789,25.309999465942383,26.1299991607666,39288500,25.64668083190918,0.04939757273413692
2023-07-26,25.200000762939453,25.729999542236328,24.209999084472656,25.059999465942383,54225500,24.59647560119629,-0.04094909028664606
2023-07-27,27.0,28.049999237060547,26.0,26.459999084472656,83083300,25.970577239990234,0.05586590775602107
2023-07-28,27.989999771118164,28.440000534057617,27.149999618530273,28.149999618530273,60636000,27.62932014465332,0.06387001483493426
2023-07-31,28.459999084472656,28.75,27.950000762939453,28.40999984741211,37007400,27.88450813293457,0.00923624271421608
2023-08-01,27.809999465942383,28.719999313354492,27.440000534057617,28.530000686645508,36908400,28.00229263305664,0.0042238943990817734
2023-08-02,27.5,27.5,24.790000915527344,25.280000686645508,81886500,24.812406539916992,-0.1139151742650073
2023-08-03,24.290000915527344,25.600000381469727,24.06999969482422,25.149999618530273,51031600,24.6848087310791,-0.0051424471750077805
2023-08-04,24.81999969482422,25.950000762939453,24.079999923706055,24.8799991607666,59250900,24.419797897338867,-0.01073560484528746
2023-08-07,25.459999084472656,25.780000686645508,24.979999542236328,25.65999984741211,40030800,25.185375213623047,0.03135051097089647
2023-08-08,24.5,24.549999237060547,23.43000030517578,24.459999084472656,52987700,24.007568359375,-0.0467654236194579
2023-08-09,24.399999618530273,24.440000534057617,22.950000762939453,23.09000015258789,49811500,22.662912368774414,-0.05600977036644483
2023-08-10,23.65999984741211,24.40999984741211,22.309999465942383,22.809999465942383,65350400,22.388090133666992,-0.012126491329369937
2023-08-11,21.93000030517578,22.0,21.010000228881836,21.139999389648438,66258400,20.748981475830078,-0.07321350790855663
2023-08-14,20.860000610351562,22.959999084472656,20.65999984741211,22.93000030517578,55110100,22.505874633789062,0.08467365029366314
2023-08-15,22.6200008392334,22.81999969482422,21.700000762939453,21.799999237060547,45574800,21.396772384643555,-0.04928046459119184
2023-08-16,21.709999084472656,21.780000686645508,20.469999313354492,20.530000686645508,54398900,20.150264739990234,-0.058256816278048795
2023-08-17,20.6200008392334,20.75,19.709999084472656,19.90999984741211,50769000,19.541728973388672,-0.03019974761309685
2023-08-18,19.219999313354492,20.43000030517578,19.110000610351562,20.149999618530273,63687900,19.777292251586914,0.012054232695002165
2023-08-21,20.510000228881836,22.030000686645508,20.389999389648438,21.8799991607666,60272400,21.47528839111328,0.08585605831205045
2023-08-22,22.709999084472656,22.81999969482422,21.100000381469727,21.350000381469727,59640500,20.955097198486328,-0.024222979873199657
2023-08-23,20.950000762939453,22.889999389648438,20.899999618530273,22.600000381469727,67010200,22.18197250366211,0.058548008321578804
2023-08-24,23.889999389648438,23.920000076293945,20.239999771118164,20.40999984741211,87095000,20.03248405456543,-0.09690267686248577
2023-08-25,20.34000015258789,21.170000076293945,19.399999618530273,20.65999984741211,73315300,20.277860641479492,0.012248897690790406
2023-08-28,21.260000228881836,21.59000015258789,20.760000228881836,21.420000076293945,57976500,21.023799896240234,0.03678607136955203
2023-08-29,21.09000015258789,23.309999465942383,20.969999313354492,23.06999969482422,62384100,22.643281936645508,0.07703079424151671
2023-08-30,22.920000076293945,23.700000762939453,22.3700008392334,23.399999618530273,58519900,22.967178344726562,0.014304288169543877
2023-08-31,23.170000076293945,24.280000686645508,23.139999389648438,23.860000610351562,57584100,23.418668746948242,0.01965816236411455
2023-09-01,24.350000381469727,24.510000228881836,23.510000228881836,24.020000457763672,50183300,23.57571029663086,0.006705777171803318
2023-09-05,23.75,24.579999923706055,23.3799991607666,24.020000457763672,39873800,23.57571029663086,0.0
2023-09-06,23.8700008392334,24.290000915527344,22.65999984741211,23.440000534057617,45032300,23.006437301635742,-0.024146540909768754
2023-09-07,21.860000610351562,22.049999237060547,21.0,21.8700008392334,61690800,21.465478897094727,-0.06697950763879279
2023-09-08,21.719999313354492,22.190000534057617,21.219999313354492,21.5,40693000,21.102319717407227,-0.016918190445134318
2023-09-11,22.239999771118164,22.309999465942383,20.59000015258789,21.450000762939453,55474600,21.05324935913086,-0.0023255459097928366
2023-09-12,21.0,21.979999542236328,20.850000381469727,20.940000534057617,49005100,20.55268096923828,-0.023776233601026098
2023-09-13,20.8799991607666,21.8700008392334,20.790000915527344,21.229999542236328,56098900,20.83731460571289,0.01384904492753214
2023-09-14,21.860000610351562,21.93000030517578,21.049999237060547,21.649999618530273,54201500,21.24954605102539,0.019783329503063385
2023-09-15,21.239999771118164,21.270000457763672,19.450000762939453,19.790000915527344,77383000,19.423952102661133,-0.08591218179103122
2023-09-18,19.290000915527344,20.18000030517578,19.200000762939453,19.93000030517578,41631100,19.56136131286621,0.007074248770680525
2023-09-19,19.760000228881836,19.809999465942383,19.079999923706055,19.43000030517578,50047300,19.102237701416016,-0.025087806941485602
2023-09-20,19.65999984741211,19.920000076293945,18.440000534057617,18.479999542236328,58695600,18.168264389038086,-0.04889350221401645
2023-09-21,17.760000228881836,18.1299991607666,17.389999389648438,17.420000076293945,68048000,17.126144409179688,-0.05735927988091871
2023-09-22,17.899999618530273,18.3700008392334,17.6299991607666,17.84000015258789,65378900,17.539060592651367,0.024110222414149396
2023-09-25,17.610000610351562,18.280000686645508,17.34000015258789,18.219999313354492,56510100,17.91265106201172,0.021300401206077346
2023-09-26,17.739999771118164,17.920000076293945,16.989999771118164,17.239999771118164,70947400,16.94918441772461,-0.05378702410367431
2023-09-27,17.639999389648438,18.079999923706055,16.889999389648438,17.68000030517578,80980900,17.381757736206055,0.02552207307999743
2023-09-28,17.56999969482422,19.219999313354492,17.350000381469727,18.639999389648438,88909800,18.325563430786133,0.054298589813463805
2023-09-29,19.43000030517578,19.65999984741211,18.65999984741211,18.8700008392334,75732800,18.551687240600586,0.012339133965459714
2023-10-02,18.950000762939453,19.579999923706055,18.43000030517578,19.079999923706055,65982800,18.758146286010742,0.011128726822101642
2023-10-03,18.600000381469727,19.389999389648438,17.530000686645508,17.889999389648438,77741000,17.588218688964844,-0.06236900098616327
2023-10-04,18.18000030517578,18.809999465942383,17.770000457763672,18.639999389648438,74018800,18.325563430786133,0.04192286336432005
2023-10-05,18.579999923706055,18.8700008392334,17.81999969482422,18.399999618530273,63584100,18.089611053466797,-0.012875524623216728
2023-10-06,18.020000457763672,19.790000915527344,17.65999984741211,19.469999313354492,92805900,19.141565322875977,0.058152158533016696
2023-10-09,18.920000076293945,19.530000686645508,18.450000762939453,19.3799991607666,62652500,19.053081512451172,-0.004622504148018125
2023-10-10,19.559999465942383,20.6200008392334,19.290000915527344,20.049999237060547,67622800,19.711782455444336,0.034571728860046225
2023-10-11,20.309999465942383,20.68000030517578,19.81999969482422,20.510000228881836,62660000,20.16402244567871,0.02294269373192903
2023-10-12,20.670000076293945,21.56999969482422,20.09000015258789,20.68000030517578,83392100,20.331151962280273,0.008288643315301103
2023-10-13,20.799999237060547,20.889999389648438,18.850000381469727,18.979999542236328,88671200,18.659832000732422,-0.08220506469305888
2023-10-16,19.1299991607666,20.0,19.100000381469727,19.809999465942383,65688500,19.475826263427734,0.04373023939537246
2023-10-17,18.6299991607666,19.760000228881836,17.90999984741211,19.299999237060547,90214600,18.974430084228516,-0.025744585695655076
2023-10-18,18.3700008392334,18.790000915527344,17.979999542236328,18.280000686645508,81406400,17.97163963317871,-0.05284966791378942
2023-10-19,18.760000228881836,18.93000030517578,17.229999542236328,17.43000030517578,115930900,17.13597869873047,-0.04649892502961972
2023-10-20,17.420000076293945,17.790000915527344,16.56999969482422,16.639999389648438,83690500,16.35930061340332,-0.04532420549027505
2023-10-23,16.350000381469727,17.260000228881836,15.829999923706055,16.389999389648438,89594500,16.1135196685791,-0.015024039012616952
2023-10-24,16.65999984741211,17.1299991607666,16.420000076293945,17.040000915527344,79093400,16.75255584716797,0.039658422823946715
2023-10-25,16.3799991607666,16.520000457763672,14.710000038146973,14.970000267028809,107436500,14.717474937438965,-0.12147890477002798
2023-10-26,15.130000114440918,15.680000305175781,14.479999542236328,14.729999542236328,101804700,14.481522560119629,-0.016032112258613562
2023-10-27,15.300000190734863,15.569999694824219,14.930000305175781,15.100000381469727,91507300,14.845282554626465,0.025118862914589313
2023-10-30,14.819999694824219,15.109999656677246,14.020000457763672,14.529999732971191,104353000,14.284897804260254,-0.03774838636415023
2023-10-31,14.539999961853027,15.029999732971191,14.010000228881836,14.899999618530273,75873100,14.648653984069824,0.02546454868264636
2023-11-01,14.949999809265137,16.020000457763672,14.930000305175781,15.949999809265137,100044400,15.68094253540039,0.07046981326288337
2023-11-02,16.899999618530273,17.40999984741211,16.3799991607666,17.079999923706055,89974100,16.791881561279297,0.07084640300650769
2023-11-03,17.600000381469727,18.760000228881836,17.5,18.3799991607666,88065900,18.069948196411133,0.07611236784938291
2023-11-06,18.450000762939453,18.639999389648438,17.729999542236328,18.25,52668800,17.9421443939209,-0.007072859994688874
2023-11-07,18.15999984741211,18.8799991607666,18.059999465942383,18.600000381469727,56719500,18.286237716674805,0.019178103094231513
2023-11-08,18.65999984741211,18.959999084472656,18.280000686645508,18.670000076293945,50269100,18.355060577392578,0.0037634243757305175
2023-11-09,19.040000915527344,19.700000762939453,18.280000686645508,18.389999389648438,75784400,18.079782485961914,-0.014997358623529689
2023-11-10,19.059999465942383,20.780000686645508,18.829999923706055,20.600000381469727,95598900,20.252500534057617,0.12017406553397048
2023-11-13,20.110000610351562,20.200000762939453,19.579999923706055,20.020000457763672,57461900,19.682287216186523,-0.02815533558085659
2023-11-14,21.510000228881836,22.389999389648438,21.3799991607666,22.139999389648438,94381100,21.766523361206055,0.10589405012039532
2023-11-15,22.610000610351562,23.18000030517578,22.18000030517578,22.6299991607666,78026200,22.24825668334961,0.022131878257741322
2023-11-16,22.3700008392334,22.90999984741211,22.139999389648438,22.719999313354492,61404400,22.336742401123047,0.003977028542887506
2023-11-17,22.469999313354492,23.290000915527344,22.3700008392334,23.1299991607666,54090800,22.739826202392578,0.018045768477251478
2023-11-20,23.09000015258789,24.420000076293945,23.049999237060547,24.18000030517578,56824400,23.772111892700195,0.04539564126704354
2023-11-21,23.56999969482422,23.600000381469727,22.450000762939453,22.84000015258789,63297900,22.4547176361084,-0.05541770619006403
2023-11-22,23.229999542236328,24.1200008392334,22.81999969482422,23.0,64858200,22.612016677856445,0.007005247212924504
2023-11-24,22.969999313354492,23.149999618530273,22.75,23.09000015258789,21933500,22.700498580932617,0.00391305011251708
2023-11-27,22.790000915527344,23.540000915527344,22.600000381469727,22.969999313354492,40671500,22.582521438598633,-0.005197091314005475
2023-11-28,22.5,22.889999389648438,21.969999313354492,22.540000915527344,53548300,22.15977668762207,-0.018720000465004438
2023-11-29,23.459999084472656,24.299999237060547,23.139999389648438,23.219999313354492,69262600,22.828304290771484,0.03016851686810318
2023-11-30,23.450000762939453,23.469999313354492,22.190000534057617,22.809999465942383,58913500,22.425222396850586,-0.017657186026543314
2023-12-01,22.3799991607666,23.200000762939453,21.84000015258789,23.06999969482422,54913400,22.680837631225586,0.011398519726843581
2023-12-04,22.360000610351562,22.440000534057617,21.290000915527344,22.309999465942383,55773300,21.933658599853516,-0.032943226655193336
2023-12-05,21.68000030517578,22.09000015258789,21.34000015258789,21.93000030517578,51980900,21.560070037841797,-0.017032683543838467
2023-12-06,22.829999923706055,22.889999389648438,21.40999984741211,21.469999313354492,60117400,21.10782814025879,-0.02097587712813309
2023-12-07,22.020000457763672,23.399999618530273,21.81999969482422,23.18000030517578,77337000,22.788984298706055,0.07964606644200756
2023-12-08,23.010000228881836,24.040000915527344,22.950000762939453,23.700000762939453,69286800,23.300212860107422,0.022433151463227663
2023-12-11,24.389999389648438,26.3799991607666,24.309999465942383,26.110000610351562,80772700,25.6695556640625,0.10168775400128727
2023-12-12,25.75,26.719999313354492,25.600000381469727,26.649999618530273,55752100,26.20044708251953,0.020681692667775087
2023-12-13,26.700000762939453,28.399999618530273,26.420000076293945,27.920000076293945,80992700,27.44902229309082,0.04765480209915718
2023-12-14,28.6200008392334,30.489999771118164,28.610000610351562,30.190000534057617,86502800,29.68073272705078,0.08130374110174388
2023-12-15,30.459999084472656,31.59000015258789,30.350000381469727,30.56999969482422,66922000,30.054319381713867,0.012586921299915899
2023-12-18,30.559999465942383,30.709999084472656,29.459999084472656,30.290000915527344,46100400,29.77904510498047,-0.009159266669678146
2023-12-19,30.329999923706055,30.979999542236328,30.290000915527344,30.75,39361100,30.23128318786621,0.015186499523572206
2023-12-20,30.200000762939453,30.6200008392334,28.049999237060547,28.100000381469727,59562600,27.625988006591797,-0.08617884938309828
2023-12-21,29.75,30.40999984741211,29.350000381469727,30.260000228881836,62019200,29.81639862060547,0.0768683209284402
2023-12-22,30.6200008392334,31.079999923706055,29.8799991607666,30.510000228881836,42657600,30.06273078918457,0.00826173159646526
2023-12-26,30.93000030517578,32.529998779296875,30.90999984741211,32.15999984741211,48619700,31.68854331970215,0.054080616393058056
2023-12-27,32.560001373291016,32.7400016784668,31.850000381469727,32.349998474121094,47991500,31.875757217407227,0.005907917525200812
2023-12-28,32.59000015258789,32.779998779296875,32.04999923706055,32.220001220703125,34883800,31.74766731262207,-0.004018462428119207
2023-12-29,32.16999816894531,32.349998474121094,30.889999389648438,31.399999618530273,53294900,30.93968391418457,-0.025450079798443825
2024-01-02,29.889999389648438,29.899999618530273,27.260000228881836,28.040000915527344,79763800,27.628944396972656,-0.10700632942110211
2024-01-03,26.59000015258789,27.049999237060547,25.8799991607666,26.25,62304900,25.86518096923828,-0.06383740574473795
2024-01-04,24.959999084472656,26.329999923706055,24.799999237060547,25.579999923706055,75067000,25.20500373840332,-0.025523812430245485
2024-01-05,25.649999618530273,26.6200008392334,25.399999618530273,25.93000030517578,73944700,25.54987335205078,0.013682579457139354
2024-01-08,26.489999771118164,28.670000076293945,26.43000030517578,28.43000030517578,73206500,28.013225555419922,0.09641341961345784
2024-01-09,27.5,29.139999389648438,27.350000381469727,28.420000076293945,67616000,28.003372192382812,-0.00035174916547631163
2024-01-10,28.639999389648438,28.68000030517578,27.09000015258789,28.170000076293945,62528400,27.757036209106445,-0.008796622073500071
2024-01-11,28.25,29.040000915527344,26.780000686645508,28.459999084472656,77551200,28.042781829833984,0.010294604451306144
2024-01-12,28.579999923706055,28.979999542236328,27.610000610351562,28.100000381469727,48992100,27.688064575195312,-0.012649287230628858
2024-01-16,28.149999618530273,29.829999923706055,27.700000762939453,29.190000534057617,77707000,28.7620849609375,0.03879004049077106
2024-01-17,28.3700008392334,28.549999237060547,26.959999084472656,28.43000030517578,77075400,28.013225555419922,-0.02603632117084409
2024-01-18,30.719999313354492,31.309999465942383,29.809999465942383,31.190000534057617,99590300,30.732765197753906,0.09708055572476959
2024-01-19,32.41999816894531,34.9900016784668,31.899999618530273,34.86000061035156,91848600,34.348960876464844,0.11766591899498446
2024-01-22,35.68000030517578,36.56999969482422,34.220001220703125,35.2599983215332,73322100,34.743099212646484,0.011474403447453208
2024-01-23,35.22999954223633,36.0099983215332,34.220001220703125,35.91999816894531,50847400,35.3934211730957,0.018718090721208336
2024-01-24,37.099998474121094,38.91999816894531,36.2599983215332,37.41999816894531,97248200,36.87143325805664,0.04175946760756877
2024-01-25,39.5,39.529998779296875,36.52000045776367,37.119998931884766,82851400,36.57583236694336,-0.008017083157142335
2024-01-26,34.869998931884766,35.54999923706055,33.70000076293945,34.0099983215332,70933100,33.51142120361328,-0.08378234643967575
2024-01-29,34.22999954223633,35.130001068115234,33.5099983215332,35.040000915527344,54398800,34.52632522583008,0.030285287998441435
2024-01-30,34.560001373291016,35.130001068115234,33.04999923706055,33.529998779296875,55768200,33.03845977783203,-0.043093667145463366
2024-01-31,31.920000076293945,33.869998931884766,31.139999389648438,32.099998474121094,85888800,31.62942123413086,-0.04264838524416337
2024-02-01,32.279998779296875,32.720001220703125,31.200000762939453,32.45000076293945,60671300,31.97429656982422,0.010903498612329532
2024-02-02,32.349998474121094,33.91999816894531,32.16999816894531,33.650001525878906,67828900,33.156700134277344,0.036979991825145
2024-02-05,34.54999923706055,35.599998474121094,33.41999816894531,35.099998474121094,65899800,34.58544158935547,0.043090546285029285
2024-02-06,35.369998931884766,35.47999954223633,32.65999984741211,33.83000183105469,62828900,33.33406448364258,-0.03618224211612897
2024-02-07,34.439998626708984,35.4900016784668,33.459999084472656,35.36000061035156,63261800,34.84162902832031,0.04522609212194584
2024-02-08,35.7400016784668,37.95000076293945,35.63999938964844,37.150001525878906,59516900,36.60538864135742,0.05062219696351833
2024-02-09,37.86000061035156,39.540000915527344,37.16999816894531,39.31999969482422,65860900,38.74357986450195,0.05841179218885584
2024-02-12,39.40999984741211,41.33000183105469,38.650001525878906,39.150001525878906,72207900,38.57607650756836,-0.004323452956885188
2024-02-13,35.709999084472656,37.959999084472656,35.15999984741211,36.84000015258789,86489300,36.29993438720703,-0.05900386419561343
2024-02-14,38.13999938964844,39.27000045776367,37.61000061035156,39.119998931884766,62424100,38.546512603759766,0.06188921742272879
2024-02-15,40.0,40.119998931884766,38.5,39.11000061035156,60937300,38.536659240722656,-0.00025558082326671006
2024-02-16,39.84000015258789,40.779998779296875,37.970001220703125,38.33000183105469,77150800,37.76809310913086,-0.019943716878654927
2024-02-20,37.2400016784668,37.66999816894531,34.65999984741211,36.41999816894531,80980100,35.88609313964844,-0.049830513197677506
2024-02-21,35.11000061035156,36.150001525878906,34.58000183105469,36.13999938964844,64615200,35.61019515991211,-0.0076880503397614985
2024-02-22,40.45000076293945,42.04999923706055,39.869998931884766,41.41999816894531,96865500,40.81279373168945,0.14609847450106006
2024-02-23,42.13999938964844,42.68000030517578,39.40999984741211,40.16999816894531,68430000,39.58112335205078,-0.030178658987416118
2024-02-26,41.220001220703125,41.79999923706055,40.400001525878906,41.209999084472656,49475100,40.605873107910156,0.02588999160899519
2024-02-27,41.810001373291016,42.15999984741211,40.779998779296875,41.11000061035156,48124600,40.50733947753906,-0.002426558513532462
2024-02-28,39.7400016784668,40.5,39.150001525878906,39.79999923706055,46281900,39.216548919677734,-0.031865759032880026
2024-02-29,41.209999084472656,43.130001068115234,40.77000045776367,42.84000015258789,67431600,42.211978912353516,0.07638193401512905
2024-03-01,44.400001525878906,48.95000076293945,44.2400016784668,48.33000183105469,90615500,47.62149429321289,0.12815129922764856
2024-03-04,50.0,51.40999984741211,49.0,49.77000045776367,81255500,49.040382385253906,0.029795128743068
2024-03-05,48.0099983215332,49.0,45.2599983215332,46.84000015258789,76835800,46.153343200683594,-0.05887081129650118
2024-03-06,49.77000045776367,51.849998474121094,48.720001220703125,50.220001220703125,91762300,49.48379135131836,0.07216056910982926
2024-03-07,52.150001525878906,56.060001373291016,52.099998474121094,55.31999969482422,91590800,54.5090217590332,0.10155313321694281
2024-03-08,55.939998626708984,56.9900016784668,48.79999923706055,48.95000076293945,129037200,48.2324104309082,-0.11514820981607399
2024-03-11,46.939998626708984,47.790000915527344,45.099998474121094,46.77000045776367,76456400,46.08436584472656,-0.04453524558116617
2024-03-12,48.439998626708984,49.689998626708984,46.0,49.58000183105469,89505900,48.85317611694336,0.060081277438272185
2024-03-13,47.900001525878906,48.040000915527344,45.09000015258789,46.08000183105469,79513600,45.404483795166016,-0.07059297843365053
2024-03-14,45.5,46.34000015258789,42.18000030517578,43.529998779296875,77822900,42.89186096191406,-0.05533860569509108
2024-03-15,41.810001373291016,44.13999938964844,41.619998931884766,42.7400016784668,72496500,42.11344528198242,-0.018148337307231976
2024-03-18,44.70000076293945,45.2599983215332,42.33000183105469,42.540000915527344,65139200,41.916378021240234,-0.004679474849908938
2024-03-19,40.709999084472656,41.95000076293945,38.95000076293945,41.41999816894531,83450200,40.84640121459961,-0.02632822572820448
2024-03-20,41.59000015258789,43.79999923706055,40.619998931884766,43.400001525878906,79396800,42.79898452758789,0.04780307688227037
2024-03-21,47.619998931884766,48.7599983215332,46.060001373291016,46.310001373291016,82495700,45.66868591308594,0.06705068537098802
2024-03-22,45.68000030517578,47.5,45.25,46.43000030517578,57152800,45.78702163696289,0.002591209853730847
2024-03-25,44.5,47.18000030517578,44.13999938964844,45.88999938964844,54917700,45.25450134277344,-0.011630431013956888
2024-03-26,46.81999969482422,47.369998931884766,44.880001068115234,45.029998779296875,55697600,44.406410217285156,-0.01874047988210603
2024-03-27,46.22999954223633,46.540000915527344,43.90999984741211,46.5,56643600,45.856056213378906,0.032644931391359044
2024-03-28,46.310001373291016,47.29999923706055,46.0099983215332,46.529998779296875,45684700,45.88563537597656,0.000645135038642497
2024-04-01,46.72999954223633,49.9900016784668,46.720001220703125,47.9900016784668,63270000,47.32542037963867,0.03137766897641825
2024-04-02,45.83000183105469,46.15999984741211,44.380001068115234,45.880001068115234,57411500,45.24463653564453,-0.04396750440828434
2024-04-03,44.290000915527344,47.18000030517578,44.209999084472656,46.189998626708984,54158200,45.55034637451172,0.006756703386591401
2024-04-04,48.130001068115234,48.4900016784668,41.97999954223633,42.369998931884766,82719300,41.78324890136719,-0.08270187937644435
2024-04-05,42.70000076293945,44.529998779296875,41.939998626708984,43.619998931884766,71151400,43.015933990478516,0.029502006880140375
2024-04-08,44.5,45.189998626708984,43.5,44.0,42780900,43.39067459106445,0.008711624883545488
2024-04-09,45.369998931884766,45.849998474121094,43.16999816894531,45.38999938964844,66283900,44.76142501831055,0.03159089521928271
2024-04-10,43.11000061035156,44.77000045776367,42.189998626708984,43.09000015258789,74894000,42.49327850341797,-0.05067193804776915
2024-04-11,43.709999084472656,46.04999923706055,42.65999984741211,45.79999923706055,64703800,45.16574478149414,0.06289160071655053
2024-04-12,43.31999969482422,43.54999923706055,41.029998779296875,41.5099983215332,79978400,40.935157775878906,-0.0936681438207525
2024-04-15,42.9900016784668,43.400001525878906,39.099998474121094,39.779998779296875,62077800,39.22911071777344,-0.04167669506599081
2024-04-16,39.75,41.16999816894531,39.209999084472656,40.540000915527344,62696200,39.97858428955078,0.019105132215992082
2024-04-17,40.599998474121094,40.849998474121094,36.63999938964844,37.060001373291016,85426600,36.546783447265625,-0.08584113131836268
2024-04-18,36.040000915527344,36.79999923706055,34.529998779296875,34.90999984741211,91529700,34.42655563354492,-0.05801407032403416
2024-04-19,33.959999084472656,34.58000183105469,30.200000762939453,30.790000915527344,105240100,30.36361312866211,-0.11801772987375658
2024-04-22,31.579999923706055,32.849998474121094,30.5,32.06999969482422,65096900,31.625886917114258,0.041571898059001855
2024-04-23,32.81999969482422,34.65999984741211,32.59000015258789,34.11000061035156,66511500,33.637638092041016,0.0636108804159603
2024-04-24,36.90999984741211,37.47999954223633,34.599998474121094,35.4900016784668,80370100,34.9985237121582,0.04045737447733844
2024-04-25,35.279998779296875,38.18000030517578,34.63999938964844,37.40999984741211,80677600,36.89193344116211,0.054099692255304976
2024-04-26,37.31999969482422,40.290000915527344,37.0099983215332,39.79999923706055,59041700,39.24884033203125,0.06388664526588528
2024-04-29,39.599998474121094,40.83000183105469,38.709999084472656,40.61000061035156,51120700,40.04762268066406,0.0203517936888995
2024-04-30,40.08000183105469,41.4900016784668,38.119998931884766,38.18000030517578,56304200,37.651268005371094,-0.05983748506904407
2024-05-01,36.08000183105469,38.060001373291016,33.650001525878906,34.369998931884766,97290300,33.894039154052734,-0.09979050138390178
2024-05-02,35.97999954223633,36.90999984741211,34.119998931884766,36.45000076293945,56653400,35.94523239135742,0.06051794866729221
2024-05-03,38.75,39.58000183105469,38.099998474121094,38.970001220703125,58599400,38.430328369140625,0.06913581358071963
2024-05-06,39.970001220703125,41.380001068115234,39.47999954223633,41.29999923706055,48404800,40.728065490722656,0.059789528954892424
2024-05-07,41.529998779296875,41.90999984741211,40.279998779296875,40.36000061035156,51508400,39.801082611083984,-0.022760257725755073
2024-05-08,39.060001373291016,40.5,38.959999084472656,40.40999984741211,53735100,39.85039138793945,0.0012388314247875343
2024-05-09,40.400001525878906,40.619998931884766,39.310001373291016,39.959999084472656,39132700,39.406620025634766,-0.011135876383040144
2024-05-10,41.150001525878906,42.2400016784668,40.52000045776367,41.029998779296875,47048400,40.4618034362793,0.0267767697532304
2024-05-13,41.599998474121094,42.06999969482422,41.08000183105469,41.27000045776367,30565400,40.698482513427734,0.005849419585844506
2024-05-14,41.18000030517578,43.439998626708984,41.04999923706055,43.209999084472656,41581500,42.611610412597656,0.047007477712398105
2024-05-15,44.66999816894531,47.06999969482422,43.9900016784668,47.0,58063500,46.34913635253906,0.0877112010143335
2024-05-16,46.959999084472656,48.029998779296875,46.209999084472656,46.2599983215332,46325500,45.61937713623047,-0.015744716563123373
2024-05-17,47.02000045776367,47.380001068115234,44.33000183105469,45.400001525878906,40965800,44.77129364013672,-0.018590506417160535
2024-05-20,45.959999084472656,49.29999923706055,45.810001373291016,48.25,55103200,47.581817626953125,0.06277529467695153
2024-05-21,46.54999923706055,48.189998626708984,46.40999984741211,47.97999954223633,36437200,47.31555938720703,-0.0055958644096097965
2024-05-22,49.25,50.0,48.099998474121094,49.380001068115234,55487800,48.6961669921875,0.02917885659099473
2024-05-23,53.150001525878906,53.20000076293945,47.54999923706055,48.810001373291016,81175900,48.13406753540039,-0.01154312844258465
2024-05-24,50.02000045776367,52.06999969482422,49.349998474121094,51.439998626708984,48477400,50.72764205932617,0.05388234336041453
2024-05-28,53.34000015258789,54.88999938964844,51.75,54.040000915527344,50658400,53.2916374206543,0.050544369327964356
2024-05-29,51.150001525878906,51.91999816894531,50.650001525878906,50.97999954223633,42965600,50.27401351928711,-0.05662474688100505
2024-05-30,50.84000015258789,51.34000015258789,48.97999954223633,50.0,38260500,49.307586669921875,-0.01922321598736798
2024-05-31,50.29999923706055,50.720001220703125,44.380001068115234,48.59000015258789,72522600,47.9171142578125,-0.028199996948242156
2024-06-03,50.810001373291016,50.93000030517578,46.119998931884766,48.59000015258789,53127300,47.9171142578125,0.0
2024-06-04,48.459999084472656,48.650001525878906,46.43000030517578,47.59000015258789,46692500,46.93095397949219,-0.02058036626589188
2024-06-05,50.029998779296875,53.869998931884766,49.56999969482422,53.52000045776367,66560100,52.77884292602539,0.12460601567897478
2024-06-06,53.790000915527344,53.790000915527344,51.22999954223633,52.5099983215332,43947600,51.78282165527344,-0.018871489678471298
2024-06-07,52.22999954223633,52.900001525878906,50.810001373291016,51.869998931884766,50248700,51.15169143676758,-0.012188143403272345
2024-06-10,50.52000045776367,54.58000183105469,50.41999816894531,53.95000076293945,43759400,53.202884674072266,0.04010028675316013
2024-06-11,53.380001068115234,54.47999954223633,51.70000076293945,54.16999816894531,37695700,53.419837951660156,0.004077801721867447
2024-06-12,57.25,59.45000076293945,56.810001373291016,58.720001220703125,73759300,57.90682601928711,0.08399489026319085
2024-06-13,60.06999969482422,61.4900016784668,58.29999923706055,60.86000061035156,45660700,60.01719665527344,0.03644413053748252
2024-06-14,58.95000076293945,60.54999923706055,58.349998474121094,60.099998474121094,39112000,59.2677116394043,-0.01248771161039397
2024-06-17,61.0,63.150001525878906,58.95000076293945,62.66999816894531,54196500,61.8021240234375,0.04276205923583931
2024-06-18,63.41999816894531,66.19000244140625,63.099998474121094,65.23999786376953,47069100,64.33653259277344,0.04100845332556147
2024-06-20,65.5199966430664,65.83000183105469,58.790000915527344,60.02000045776367,60852900,59.18882751464844,-0.08001222527483776
2024-06-21,58.41999816894531,60.18000030517578,56.029998779296875,58.20000076293945,50012300,57.39402389526367,-0.030323220275630614
2024-06-24,56.45000076293945,57.4900016784668,53.029998779296875,53.220001220703125,54326400,52.48299789428711,-0.08556700132223172
2024-06-25,54.22999954223633,55.45000076293945,52.349998474121094,55.29999923706055,43610200,54.687294006347656,0.039083013315457826
2024-06-26,55.15999984741211,56.220001220703125,52.849998474121094,54.779998779296875,41093400,54.173057556152344,-0.009403263380430293
2024-06-27,54.33000183105469,55.58000183105469,52.81999969482422,53.79999923706055,35417000,53.203914642333984,-0.01788973282355566
2024-06-28,54.869998931884766,58.58000183105469,54.09000015258789,55.36000061035156,55584600,54.74662780761719,0.02899630846493384
2024-07-01,55.36000061035156,55.54999923706055,52.25,55.36000061035156,43335000,54.74662780761719,0.0
2024-07-02,54.36000061035156,57.75,54.279998779296875,57.599998474121094,45011700,56.96181869506836,0.040462388711583364
2024-07-03,58.099998474121094,61.52000045776367,57.18000030517578,60.38999938964844,40242700,59.72090148925781,0.04843751717772804
2024-07-05,61.86000061035156,62.380001068115234,59.790000915527344,60.810001373291016,38395400,60.13624954223633,0.006954826757533894
2024-07-08,62.2599983215332,64.5,62.20000076293945,64.30999755859375,42861600,63.597469329833984,0.057556258941970695
2024-07-09,65.12999725341797,66.1500015258789,62.41999816894531,64.25,41789800,63.53813934326172,-0.000932942946220483
2024-07-10,65.88999938964844,69.0,65.01000213623047,68.58999633789062,48280800,67.83003997802734,0.06754858113448448
2024-07-11,70.01000213623047,70.08000183105469,61.220001220703125,61.9900016784668,75368500,61.30317687988281,-0.09622386662496207
2024-07-12,62.84000015258789,67.30000305175781,61.650001525878906,63.939998626708984,51046400,63.231563568115234,0.031456636480775346
2024-07-15,64.94000244140625,66.76000213623047,63.04999923706055,64.13999938964844,48228700,63.42934799194336,0.003127944435955987
2024-07-16,65.0199966430664,65.58999633789062,62.22999954223633,65.30000305175781,39846400,64.57649993896484,0.018085495371809923
2024-07-17,58.599998474121094,59.29999923706055,51.220001220703125,51.54999923706055,99429800,50.978843688964844,-0.21056666419753145
2024-07-18,54.15999984741211,54.16999816894531,49.119998931884766,51.65999984741211,94172600,51.08762741088867,0.0021338625020286273
2024-07-19,51.779998779296875,52.369998931884766,46.75,47.0,75969100,46.47925567626953,-0.09020518507890685
2024-07-22,50.04999923706055,52.95000076293945,48.810001373291016,52.93000030517578,73675300,52.34355163574219,0.12617021925905925
2024-07-23,50.5,52.06999969482422,50.0,50.529998779296875,50181600,49.97014617919922,-0.0453429342913535
2024-07-24,48.43000030517578,48.790000915527344,42.25,42.900001525878906,90534800,42.424686431884766,-0.15099935558565913
2024-07-25,41.5099983215332,43.70000076293945,37.38999938964844,39.779998779296875,143325900,39.33925247192383,-0.07272733416337818
2024-07-26,42.2400016784668,43.0,40.709999084472656,41.91999816894531,82759200,41.455543518066406,0.053795863632911445
2024-07-29,43.369998931884766,45.0,41.2599983215332,41.810001373291016,80788400,41.346763610839844,-0.0026239694765965993
2024-07-30,42.380001068115234,42.66999816894531,36.779998779296875,37.2400016784668,108596000,36.827396392822266,-0.10930398337043867
2024-07-31,42.29999923706055,44.7599983215332,41.41999816894531,44.38999938964844,96880500,43.89817428588867,0.1919977816573506
2024-08-01,42.04999923706055,43.41999816894531,33.41999816894531,35.0,163864400,34.612213134765625,-0.21153411846719117
2024-08-02,30.559999465942383,31.59000015258789,28.139999389648438,29.34000015258789,198233900,29.014925003051758,-0.16171428135463173
2024-08-05,23.520000457763672,30.149999618530273,23.5,27.889999389648438,220042200,27.580989837646484,-0.04942061197677117
2024-08-06,28.600000381469727,30.799999237060547,27.170000076293945,28.579999923706055,137309500,28.263343811035156,0.02474006988733435
2024-08-07,31.31999969482422,31.940000534057617,25.940000534057617,26.219999313354492,146256500,25.92949104309082,-0.08257524900810198
2024-08-08,28.56999969482422,31.600000381469727,26.8700008392334,31.459999084472656,149988600,31.11143684387207,0.19984744120299425
2024-08-09,30.709999084472656,31.790000915527344,29.579999923706055,31.010000228881836,96949800,30.66642189025879,-0.014303841979859455
2024-08-12,31.110000610351562,32.59000015258789,30.229999542236328,31.40999984741211,89135100,31.061988830566406,0.012899052421087243
2024-08-13,32.65999984741211,35.43000030517578,32.189998626708984,35.279998779296875,103380000,34.88911437988281,0.12320913564740499
2024-08-14,36.18000030517578,36.63999938964844,33.27000045776367,35.04999923706055,112421600,34.661659240722656,-0.006519261626825701
2024-08-15,37.349998474121094,40.470001220703125,36.86000061035156,39.91999816894531,107522700,39.47770309448242,0.13894433774296377
2024-08-16,38.790000915527344,40.22999954223633,38.06999969482422,39.72999954223633,82364600,39.2898063659668,-0.0047594848553071945
2024-08-19,39.279998779296875,41.75,37.88999938964844,41.599998474121094,77684200,41.13908767700195,0.04706768068035849
2024-08-20,41.04999923706055,41.91999816894531,39.099998474121094,40.09000015258789,83644600,39.645816802978516,-0.03629803790672148
2024-08-21,40.75,42.36000061035156,40.33000183105469,41.72999954223633,83611500,41.26764678955078,0.04090794171629786
2024-08-22,42.5099983215332,42.880001068115234,37.11000061035156,37.5099983215332,107889900,37.09440231323242,-0.10112631840390796
2024-08-23,39.15999984741211,41.209999084472656,38.59000015258789,40.400001525878906,87128100,39.95238494873047,0.07704620990842992
2024-08-26,39.75,40.290000915527344,36.90999984741211,37.369998931884766,86603000,36.95594787597656,-0.07500006137507742
2024-08-27,36.5099983215332,38.970001220703125,35.52000045776367,38.4900016784668,74033300,38.06354904174805,0.029970638977632413
2024-08-28,38.09000015258789,38.86000061035156,35.290000915527344,36.599998474121094,101998500,36.19448471069336,-0.0491037443992387
2024-08-29,37.060001373291016,38.93000030517578,35.630001068115234,36.189998626708984,97333200,35.789031982421875,-0.011202182090308321
2024-08-30,38.68000030517578,39.220001220703125,37.060001373291016,38.790000915527344,85280800,38.36022186279297,0.07184311653716136
2024-09-03,36.79999923706055,36.810001373291016,29.399999618530273,30.06999969482422,140077900,29.736833572387695,-0.22480023240248426
2024-09-04,29.06999969482422,31.690000534057617,28.729999542236328,30.299999237060547,108759900,29.96428680419922,0.007648804275708576
2024-09-05,29.049999237060547,31.200000762939453,28.829999923706055,29.75,100075900,29.42038345336914,-0.018151790459051576
2024-09-06,29.110000610351562,29.170000076293945,25.5,25.959999084472656,156147600,25.672372817993164,-0.12739498875722166
2024-09-09,27.18000030517578,27.729999542236328,26.149999618530273,27.43000030517578,84474500,27.12608528137207,0.056625626831488196
2024-09-10,27.540000915527344,28.389999389648438,26.239999771118164,28.350000381469727,81557500,28.0358943939209,0.03353992220409663
2024-09-11,28.889999389648438,32.41999816894531,27.079999923706055,32.220001220703125,143140900,31.863014221191406,0.13650796427371237
2024-09-12,31.75,32.689998626708984,30.350000381469727,31.809999465942383,98895800,31.457555770874023,-0.01272506949805119
2024-09-13,32.52000045776367,33.720001220703125,32.36000061035156,33.43000030517578,78147300,33.05960464477539,0.050927408564337195
2024-09-16,32.029998779296875,32.63999938964844,30.84000015258789,32.15999984741211,79670100,31.80367660522461,-0.03798984284086426
2024-09-17,33.310001373291016,33.560001373291016,31.360000610351562,32.15999984741211,86913700,31.80367660522461,0.0
2024-09-18,32.540000915527344,34.0,31.049999237060547,31.139999389648438,113735500,30.794981002807617,-0.031716432294876085
2024-09-19,34.68000030517578,36.439998626708984,33.880001068115234,35.119998931884766,123984300,34.73088073730469,0.12780987862059368
2024-09-20,34.04999923706055,34.400001525878906,32.040000915527344,33.54999923706055,108589600,33.17827606201172,-0.044703865107434404
2024-09-23,33.970001220703125,34.380001068115234,33.189998626708984,33.91999816894531,59731600,33.54417419433594,0.011028284360616425
2024-09-24,34.84000015258789,35.70000076293945,33.58000183105469,35.06999969482422,83369600,34.74289321899414,0.033903348701585845
2024-09-25,34.709999084472656,36.459999084472656,34.650001525878906,35.7400016784668,73587500,35.406646728515625,0.0191047045757875
2024-09-26,40.20000076293945,40.5099983215332,36.709999084472656,39.650001525878906,138171800,39.280174255371094,0.10940122170637356
2024-09-27,40.0,40.0099983215332,37.099998474121094,37.65999984741211,85253500,37.30873489379883,-0.050189195507797324
2024-09-30,36.25,37.40999984741211,35.04999923706055,36.68000030517578,74316700,36.3378791809082,-0.02602229278297974
2024-10-01,36.59000015258789,36.9900016784668,32.7400016784668,33.83000183105469,124928300,33.514461517333984,-0.07769897629250944
2024-10-02,33.849998474121094,36.04999923706055,33.15999984741211,34.959999084472656,81729100,34.63391876220703,0.03340222265021198
2024-10-03,34.06999969482422,36.61000061035156,33.97999954223633,35.209999084472656,86857200,34.88158416748047,0.007151029935553943
2024-10-04,37.310001373291016,37.529998779296875,35.45000076293945,36.68000030517578,100846900,36.3378791809082,0.04174953873689202
2024-10-07,35.91999816894531,37.2400016784668,35.56999969482422,36.40999984741211,73150200,36.07039260864258,-0.007360972069718641
2024-10-08,36.41999816894531,37.83000183105469,35.65999984741211,37.459999084472656,66629700,37.11060333251953,0.028838210421887167
2024-10-09,37.290000915527344,38.7599983215332,36.529998779296875,38.61000061035156,67182800,38.249874114990234,0.030699454190739273
2024-10-10,37.099998474121094,38.41999816894531,36.36000061035156,37.83000183105469,79999000,37.47715377807617,-0.020201988266422166
2024-10-11,36.93000030517578,39.04999923706055,36.86000061035156,38.66999816894531,58434500,38.3093147277832,0.022204501645069152
2024-10-14,39.439998626708984,41.060001373291016,39.349998474121094,40.81999969482422,69661800,40.439266204833984,0.0555986973799627
2024-10-15,40.4900016784668,41.189998626708984,33.63999938964844,34.470001220703125,131664200,34.14849090576172,-0.15556096329236968
2024-10-16,35.75,35.75,34.0,34.459999084472656,70233000,34.13857650756836,-0.000290169303053589
2024-10-17,37.16999816894531,37.36000061035156,35.209999084472656,35.209999084472656,97549000,34.88158416748047,0.021764365058789092
2024-10-18,36.25,36.33000183105469,34.849998474121094,35.27000045776367,56704300,34.94102478027344,0.001704100393387309
2024-10-21,34.84000015258789,35.380001068115234,33.72999954223633,35.09000015258789,59115800,34.7627067565918,-0.005103495969367322
2024-10-22,34.400001525878906,35.029998779296875,33.849998474121094,34.689998626708984,51493100,34.36643600463867,-0.011399302483314666
2024-10-23,34.40999984741211,34.880001068115234,32.290000915527344,33.79999923706055,81658300,33.484737396240234,-0.025655792011568312
2024-10-24,34.58000183105469,34.7400016784668,33.529998779296875,34.290000915527344,60128300,33.97016525268555,0.014497091406130203
2024-10-25,35.189998626708984,36.869998931884766,35.16999816894531,35.279998779296875,82300500,34.950931549072266,0.028871328006329522
2024-10-28,35.29999923706055,36.09000015258789,34.75,35.349998474121094,51661100,35.02028274536133,0.001984118402671209
2024-10-29,35.459999084472656,38.45000076293945,34.939998626708984,37.97999954223633,72288200,37.62575149536133,0.07439890188511877
2024-10-30,34.970001220703125,35.70000076293945,33.90999984741211,34.0099983215332,89440100,33.692779541015625,-0.10452873271597107
2024-10-31,33.0099983215332,33.02000045776367,29.229999542236328,30.09000015258789,135437800,29.809345245361328,-0.1152601694326868
2024-11-01,30.690000534057617,31.829999923706055,30.3799991607666,30.829999923706055,80726000,30.542442321777344,0.024592880271372186
2024-11-04,30.610000610351562,31.670000076293945,30.010000228881836,30.350000381469727,60422400,30.06692123413086,-0.015569235920342761
2024-11-05,30.360000610351562,31.489999771118164,30.25,31.3799991607666,63174900,31.087310791015625,0.03393735638717632
2024-11-06,33.25,34.5,32.400001525878906,34.119998931884766,97893100,33.80175018310547,0.08731675731030286
2024-11-07,35.77000045776367,36.369998931884766,35.439998626708984,36.209999084472656,77945800,35.87226104736328,0.061254402638178496
2024-11-08,35.560001373291016,36.279998779296875,34.84000015258789,35.40999984741211,62666300,35.0797233581543,-0.022093323868754178
2024-11-11,34.349998474121094,34.40999984741211,31.479999542236328,32.77000045776367,99155700,32.464351654052734,-0.07455519347711548
2024-11-12,32.369998931884766,32.54999923706055,30.3799991607666,31.670000076293945,75694800,31.37460708618164,-0.03356729832480432
2024-11-13,30.829999923706055,31.219999313354492,29.469999313354492,29.690000534057617,92269200,29.413074493408203,-0.06251972015997642
2024-11-14,30.59000015258789,30.84000015258789,29.3799991607666,29.600000381469727,68994200,29.32391357421875,-0.0030313287628489505
2024-11-15,28.010000228881836,28.489999771118164,26.43000030517578,26.65999984741211,113560200,26.41133689880371,-0.09932434108676991
2024-11-18,26.700000762939453,27.829999923706055,26.299999237060547,27.670000076293945,70256700,27.411914825439453,0.037884479919825464
2024-11-19,27.3700008392334,28.030000686645508,27.09000015258789,27.850000381469727,57030600,27.590238571166992,0.006505251343674301
2024-11-20,27.34000015258789,27.559999465942383,26.0,27.1299991607666,90911700,26.876949310302734,-0.025852826242048654
2024-11-21,28.049999237060547,28.920000076293945,26.469999313354492,28.489999771118164,106013200,28.224266052246094,0.050129032525673356
2024-11-22,28.25,28.690000534057617,27.84000015258789,28.489999771118164,52604100,28.224266052246094,0.0
2024-11-25,29.579999923706055,30.100000381469727,28.739999771118164,29.329999923706055,70536000,29.05643081665039,0.02948403507673758
2024-11-26,30.040000915527344,30.25,27.459999084472656,28.1299991607666,73204200,27.867624282836914,-0.04091376631643118
2024-11-27,27.68000030517578,27.75,25.579999923706055,26.979999542236328,84235700,26.728349685668945,-0.0408816087038566
2024-11-29,27.549999237060547,29.040000915527344,27.5,28.059999465942383,54303400,27.798276901245117,0.04002964944515108
2024-12-02,28.559999465942383,30.799999237060547,28.459999084472656,30.200000762939453,89389800,29.918317794799805,0.07626519378927576
2024-12-03,29.579999923706055,30.280000686645508,29.399999618530273,29.729999542236328,59730300,29.452701568603516,-0.01556295393475271
2024-12-04,31.540000915527344,31.559999465942383,30.239999771118164,30.8799991607666,67498800,30.59197425842285,0.03868145429657721
2024-12-05,30.75,30.8700008392334,28.8799991607666,29.1200008392334,59282100,28.848392486572266,-0.05699476584731589
2024-12-06,29.200000762939453,29.860000610351562,28.899999618530273,29.610000610351562,49152300,29.333820343017578,0.016826914732021026
2024-12-09,29.06999969482422,30.31999969482422,28.610000610351562,29.229999542236328,54963000,28.957365036010742,-0.01283353800345366
2024-12-10,29.43000030517578,29.530000686645508,26.559999465942383,27.059999465942383,77681700,26.807605743408203,-0.07423879953054291
2024-12-11,28.329999923706055,29.6299991607666,27.790000915527344,29.1200008392334,77277400,28.848392486572266,0.07612717715991546
2024-12-12,28.450000762939453,28.829999923706055,27.739999771118164,28.459999084472656,59937600,28.194543838500977,-0.022664894771277644
2024-12-13,30.3700008392334,31.309999465942383,29.489999771118164,30.700000762939453,103693900,30.413654327392578,0.07870701864108298
2024-12-16,31.1200008392334,32.95000076293945,30.389999389648438,32.5099983215332,85469700,32.20677185058594,0.05895757373331234
2024-12-17,31.579999923706055,32.09000015258789,30.549999237060547,31.1299991607666,64499000,30.839641571044922,-0.04244845376853035
2024-12-18,31.780000686645508,32.47999954223633,27.0,27.829999923706055,102912200,27.570423126220703,-0.1060070454874783
2024-12-19,27.969999313354492,28.010000228881836,26.059999465942383,26.299999237060547,86520100,26.0546932220459,-0.0549766687330181
2024-12-20,25.81999969482422,28.3700008392334,25.59000015258789,27.299999237060547,108080200,27.045366287231445,0.038022814791220716
2024-12-23,27.889999389648438,29.760000228881836,27.860000610351562,29.59000015258789,79330900,29.396921157836914,0.0838828197628152
2024-12-24,30.260000228881836,30.56999969482422,29.65999984741211,30.479999542236328,39963700,30.28111457824707,0.03007770818043065
2024-12-26,29.899999618530273,31.100000381469727,29.760000228881836,30.56999969482422,45184100,30.370525360107422,0.00295276095602226
2024-12-27,29.979999542236328,30.18000030517578,28.59000015258789,29.690000534057617,59316300,29.49626922607422,-0.028786364721998803
2024-12-30,28.239999771118164,28.780000686645508,27.31999969482422,27.940000534057617,64859000,27.757686614990234,-0.05894240378987403
2024-12-31,28.200000762939453,28.56999969482422,26.93000030517578,27.309999465942383,61199500,27.131797790527344,-0.022548355621800797
2025-01-02,28.1299991607666,29.049999237060547,27.040000915527344,27.670000076293945,80996300,27.48944854736328,0.013182007227810821
2025-01-03,28.31999969482422,30.1200008392334,28.15999984741211,29.81999969482422,72119600,29.62541961669922,0.07770146774854081
2025-01-06,31.809999465942383,33.630001068115234,31.809999465942383,32.4900016784668,95159500,32.27799987792969,0.0895372907769012
2025-01-07,33.56999969482422,33.72999954223633,30.600000381469727,31.149999618530273,79205700,30.946739196777344,-0.041243520797495936
2025-01-08,30.799999237060547,31.010000228881836,29.18000030517578,30.18000030517578,69523500,29.983070373535156,-0.031139625208132182
2025-01-10,29.059999465942383,29.09000015258789,27.440000534057617,28.059999465942383,85395000,27.876903533935547,-0.07024522259099597
2025-01-13,26.440000534057617,27.8700008392334,26.25,27.850000381469727,68286400,27.668275833129883,-0.007483930451514853
2025-01-14,28.469999313354492,28.959999084472656,27.18000030517578,28.1200008392334,79759400,27.936511993408203,0.009694809840768315
2025-01-15,29.649999618530273,30.459999084472656,29.299999237060547,29.940000534057617,69461300,29.744638442993164,0.06472260456994472
2025-01-16,31.459999084472656,31.719999313354492,29.989999771118164,29.989999771118164,78881100,29.794309616088867,0.0016699811679585785
2025-01-17,32.029998779296875,32.709999084472656,31.479999542236328,32.4900016784668,69688900,32.27799987792969,0.08336118460915287
2025-01-21,33.33000183105469,34.529998779296875,32.5,33.689998626708984,60897500,33.47016525268555,0.036934345529366475
2025-01-22,34.689998626708984,36.150001525878906,34.40999984741211,35.150001525878906,57709400,34.9206428527832,0.04333638939398621
2025-01-23,33.439998626708984,34.91999816894531,33.0099983215332,34.91999816894531,44900600,34.692138671875,-0.006543480709787608
2025-01-24,34.939998626708984,34.939998626708984,32.310001373291016,32.650001525878906,60111500,32.436954498291016,-0.06500563465335851
2025-01-27,27.65999984741211,28.079999923706055,23.84000015258789,25.059999465942383,198431800,24.8964786529541,-0.23246559587204207
2025-01-28,25.440000534057617,25.799999237060547,23.75,25.3700008392334,103185300,25.204458236694336,0.012370366316740045
2025-01-29,26.110000610351562,26.299999237060547,24.850000381469727,25.68000030517578,94141700,25.512435913085938,0.012219135029076789
2025-01-30,26.579999923706055,27.670000076293945,26.139999389648438,27.149999618530273,87140400,26.97283935546875,0.057242963235409894
2025-01-31,27.6299991607666,29.25,26.700000762939453,27.020000457763672,102136600,26.84368896484375,-0.004788182784278061
2025-02-03,24.799999237060547,26.489999771118164,24.309999465942383,25.610000610351562,103914300,25.44289207458496,-0.05218356119631273
2025-02-04,25.34000015258789,26.600000381469727,25.200000762939453,26.25,60520500,26.07871437072754,0.02499021376007904
2025-02-05,26.09000015258789,27.950000762939453,25.540000915527344,27.700000762939453,70330700,27.519254684448242,0.05523812430245534
2025-02-06,27.170000076293945,27.799999237060547,26.719999313354492,27.690000534057617,59735100,27.50931739807129,-0.0003610190832635807
2025-02-07,27.8700008392334,28.280000686645508,25.799999237060547,26.329999923706055,87930800,26.158191680908203,-0.04911522513980504
2025-02-10,26.920000076293945,27.549999237060547,26.899999618530273,27.350000381469727,53330500,27.171537399291992,0.03873909839419798
2025-02-11,26.68000030517578,27.899999618530273,26.68000030517578,27.399999618530273,43880500,27.221210479736328,0.001828125643991596
2025-02-12,26.18000030517578,27.540000915527344,25.950000762939453,27.540000915527344,57999300,27.36029815673828,0.005109536457890584
2025-02-13,27.489999771118164,28.549999237060547,27.399999618530273,28.469999313354492,61026300,28.28422737121582,0.033769003882015314
2025-02-14,28.489999771118164,28.81999969482422,28.110000610351562,28.549999237060547,43089600,28.363706588745117,0.0028099728006851787
2025-02-18,29.200000762939453,30.229999542236328,28.709999084472656,29.989999771118164,60222200,29.794309616088867,0.050437848425171294
2025-02-19,30.190000534057617,31.889999389648438,29.760000228881836,31.469999313354492,58412700,31.2646541595459,0.049349768373844416
2025-02-20,32.060001373291016,32.63999938964844,30.700000762939453,31.700000762939453,50903200,31.493154525756836,0.007308594045229544
2025-02-21,31.90999984741211,31.959999084472656,28.399999618530273,28.809999465942383,61966500,28.62200927734375,-0.09116723114958969
2025-02-24,29.15999984741211,29.260000228881836,26.65999984741211,26.760000228881836,63724100,26.585386276245117,-0.07115582350093219
2025-02-25,26.65999984741211,26.920000076293945,24.81999969482422,25.06999969482422,90907500,24.906414031982422,-0.06315398055316956
2025-02-26,25.989999771118164,27.0,25.520000457763672,26.290000915527344,75869500,26.118453979492188,0.048663790807903284
2025-02-27,26.780000686645508,26.899999618530273,21.729999542236328,21.75,144841600,21.608078002929688,-0.17268926426114872
2025-02-28,21.799999237060547,23.219999313354492,21.020000457763672,22.729999542236328,110939400,22.581682205200195,0.04505745021776231
2025-03-03,23.719999313354492,23.729999542236328,19.709999084472656,20.510000228881836,141822100,20.376169204711914,-0.0976682515646049
2025-03-04,20.280000686645508,22.260000228881836,19.0,20.649999618530273,154119800,20.515254974365234,0.006825908731648456
2025-03-05,21.25,22.15999984741211,20.1200008392334,21.950000762939453,117702400,21.806774139404297,0.06295405173967294
2025-03-06,19.709999084472656,21.020000457763672,19.010000228881836,19.229999542236328,164277600,19.104520797729492,-0.12391804674993889
2025-03-07,19.5,21.09000015258789,18.75,20.8799991607666,139349200,20.74375343322754,0.08580341434258765
2025-03-10,19.34000015258789,19.799999237060547,17.100000381469727,17.989999771118164,169215200,17.87261199951172,-0.1384099380175613
2025-03-11,18.049999237060547,18.5,16.510000228881836,17.40999984741211,161267000,17.296396255493164,-0.03224012957672229
2025-03-12,18.540000915527344,19.110000610351562,17.899999618530273,18.299999237060547,137654500,18.18058967590332,0.05112001134111033
2025-03-13,18.3799991607666,19.270000457763672,17.579999923706055,18.09000015258789,117160200,17.971960067749023,-0.011475360285664538
2025-03-14,19.059999465942383,19.93000030517578,18.989999771118164,19.799999237060547,99718700,19.670801162719727,0.09452731177716611
2025-03-17,19.510000228881836,21.280000686645508,19.5,20.790000915527344,82794200,20.654342651367188,0.05000008669766842
2025-03-18,20.190000534057617,20.399999618530273,19.520000457763672,19.93000030517578,79140900,19.79995346069336,-0.041366068902347064
2025-03-19,19.889999389648438,21.3700008392334,19.459999084472656,20.3799991607666,83249700,20.24701690673828,0.022578968825903933
2025-03-20,19.610000610351562,20.56999969482422,19.59000015258789,19.93000030517578,80380600,19.79995346069336,-0.0220804158057627
2025-03-21,18.81999969482422,19.489999771118164,18.3700008392334,19.280000686645508,84348300,19.15419578552246,-0.03261412988345358
2025-03-24,20.479999542236328,21.3700008392334,20.3700008392334,21.0,91671300,20.862972259521484,0.08921157946565161
2025-03-25,20.829999923706055,21.020000457763672,20.350000381469727,20.549999237060547,57784400,20.47929573059082,-0.021428607759021556
2025-03-26,20.299999237060547,20.510000228881836,18.200000762939453,18.790000915527344,94328400,18.725353240966797,-0.08564469035887667
2025-03-27,18.170000076293945,18.40999984741211,17.360000610351562,17.760000228881836,103112800,17.698894500732422,-0.05481642556996125
2025-03-28,17.329999923706055,17.59000015258789,15.739999771118164,16.030000686645508,138232400,15.974847793579102,-0.09740988287955943
2025-03-31,15.069999694824219,15.979999542236328,14.399999618530273,15.949999809265137,111345600,15.895122528076172,-0.004990697065098693
2025-04-01,15.729999542236328,15.989999771118164,14.829999923706055,15.949999809265137,106085000,15.895122528076172,0.0
2025-04-02,15.1899995803833,16.889999389648438,15.029999732971191,16.260000228881836,141655200,16.204055786132812,0.019435763217791724
2025-04-03,13.8100004196167,14.119999885559082,11.399999618530273,11.40999984741211,302517400,11.370742797851562,-0.298278002041778
2025-04-04,10.050000190734863,10.430000305175781,8.180000305175781,8.729999542236328,499158100,8.699962615966797,-0.2348817126219006
2025-04-07,7.880000114440918,10.979999542236328,7.230000019073486,9.149999618530273,723467300,9.118517875671387,0.04810997689770269
2025-04-08,10.40999984741211,10.84000015258789,7.599999904632568,8.25,488735500,8.221614837646484,-0.09836061814774555
2025-04-09,8.479999542236328,13.109999656677246,8.239999771118164,12.770000457763672,787748800,12.726064682006836,0.5478788433652935
2025-04-10,10.920000076293945,11.140000343322754,8.350000381469727,9.630000114440918,686331800,9.596867561340332,-0.24588881995017897
2025-04-11,9.350000381469727,10.390000343322754,8.90999984741211,10.229999542236328,412972900,10.194802284240723,0.06230523579077274
2025-04-14,11.149999618530273,11.15999984741211,9.970000267028809,10.470000267028809,358849500,10.433977127075195,0.023460482456679976
2025-04-15,10.600000381469727,11.020000457763672,10.40999984741211,10.600000381469727,230001400,10.563529968261719,0.012416438502900862
2025-04-16,9.130000114440918,9.75,8.329999923706055,9.34000015258789,362439300,9.30786418914795,-0.11886794184314287
2025-04-17,9.550000190734863,9.550000190734863,8.899999618530273,9.199999809265137,233659100,9.168346405029297,-0.014989329875327972
2025-04-21,8.670000076293945,8.739999771118164,8.149999618530273,8.710000038146973,255318100,8.680031776428223,-0.05326084579096346
2025-04-22,8.960000038146973,9.399999618530273,8.850000381469727,9.180000305175781,249211900,9.148415565490723,0.05396099483012162
2025-04-23,10.579999923706055,10.899999618530273,10.100000381469727,10.289999961853027,368456100,10.254595756530762,0.12091499126110228
2025-04-24,11.050000190734863,12.09000015258789,10.850000381469727,12.0,339636700,11.958712577819824,0.16618076234074497
2025-04-25,11.630000114440918,12.59000015258789,11.510000228881836,12.34000015258789,274438500,12.2975435256958,0.02833334604899096
2025-04-28,12.15999984741211,12.529999732971191,11.449999809265137,12.289999961853027,203468900,12.24771499633789,-0.0040518792639056
2025-04-29,11.8100004196167,12.270000457763672,11.619999885559082,11.859999656677246,184045100,11.819193840026855,-0.034987819895074046
2025-04-30,10.989999771118164,12.210000038146973,10.75,12.15999984741211,229393200,12.118163108825684,0.025295126426581493
2025-05-01,12.539999961853027,12.8100004196167,12.050000190734863,12.100000381469727,203349500,12.058369636535645,-0.0049341666690194685
2025-05-02,12.890000343322754,13.6899995803833,12.890000343322754,13.289999961853027,223410600,13.244274139404297,0.098347069658419
2025-05-05,12.930000305175781,13.40999984741211,12.869999885559082,13.050000190734863,127572300,13.00510025024414,-0.01805867357464619
2025-05-06,12.329999923706055,12.949999809265137,12.119999885559082,12.640000343322754,158548700,12.596510887145996,-0.03141761236932383
2025-05-07,12.609999656677246,13.399999618530273,12.229999542236328,13.279999732971191,189249300,13.234308242797852,0.05063286172982795
2025-05-08,13.84000015258789,14.34000015258789,13.380000114440918,13.65999984741211,203277000,13.613001823425293,0.028614467024232315
2025-05-09,14.210000038146973,14.470000267028809,13.739999771118164,14.109999656677246,149644500,14.061452865600586,0.03294288538007484
2025-05-12,16.889999389648438,17.469999313354492,16.5,17.1299991607666,263806000,17.071060180664062,0.21403257105397633
2025-05-13,17.360000610351562,18.860000610351562,17.280000686645508,18.600000381469727,212931800,18.536006927490234,0.08581443623592921
2025-05-14,18.969999313354492,19.3700008392334,18.43000030517578,18.84000015258789,179343100,18.775178909301758,0.012903213236342914
2025-05-15,18.31999969482422,18.90999984741211,17.81999969482422,18.469999313354492,141287600,18.406450271606445,-0.019639110203646948
2025-05-16,18.530000686645508,18.600000381469727,17.760000228881836,18.389999389648438,113068600,18.32672691345215,-0.004331344162433859
2025-05-19,17.149999618530273,18.209999084472656,17.09000015258789,18.059999465942383,123632000,17.997861862182617,-0.017944531520311502
2025-05-20,17.6200008392334,18.0,17.440000534057617,17.969999313354492,84252500,17.908172607421875,-0.004983397300626358
2025-05-21,17.559999465942383,18.59000015258789,16.649999618530273,17.0,149964800,16.941509246826172,-0.05397881749687283
2025-05-22,16.969999313354492,17.43000030517578,16.479999542236328,16.510000228881836,144981100,16.453195571899414,-0.028823515948127265
2025-05-23,15.210000038146973,16.0,15.100000381469727,15.729999542236328,179062600,15.675878524780273,-0.047244135422906286
2025-05-27,16.739999771118164,17.510000228881836,16.350000381469727,17.290000915527344,136539700,17.230512619018555,0.09917364390903405
2025-05-28,17.43000030517578,17.56999969482422,16.899999618530273,17.040000915527344,126785300,16.981372833251953,-0.01445922421990653
2025-05-29,18.18000030517578,18.209999084472656,16.899999618530273,17.200000762939453,179820200,17.140823364257812,0.009389661902325042
2025-05-30,16.899999618530273,16.899999618530273,15.239999771118164,16.170000076293945,194058700,16.11436653137207,-0.0598837581952224
2025-06-02,16.059999465942383,17.100000381469727,16.040000915527344,16.899999618530273,103937000,16.84185218811035,0.045145302337168625
2025-06-03,16.93000030517578,18.3799991607666,16.579999923706055,18.299999237060547,158644000,18.237035751342773,0.08284021598410107
2025-06-04,18.68000030517578,19.260000228881836,18.219999313354492,19.09000015258789,146325300,19.02431869506836,0.04316945073568412
2025-06-05,19.489999771118164,19.989999771118164,18.420000076293945,18.809999465942383,187397100,18.745283126831055,-0.014667400964245125
2025-06-06,19.399999618530273,19.950000762939453,19.149999618530273,19.18000030517578,114398700,19.114009857177734,0.01967043326627027
2025-06-09,19.709999084472656,21.059999465942383,19.68000030517578,20.579999923706055,162686000,20.509191513061523,0.07299267967959722
2025-06-10,20.84000015258789,22.100000381469727,20.690000534057617,21.889999389648438,142811000,21.814685821533203,0.06365400732744408
2025-06-11,22.360000610351562,22.600000381469727,20.989999771118164,21.639999389648438,160395000,21.5655460357666,-0.011420740382396821
2025-06-12,21.239999771118164,22.06999969482422,21.09000015258789,21.690000534057617,100384500,21.615373611450195,0.002310588993505114
2025-06-13,20.31999969482422,21.059999465942383,19.84000015258789,20.040000915527344,166989600,19.971050262451172,-0.07607190308453182
2025-06-16,20.829999923706055,22.219999313354492,20.790000915527344,21.899999618530273,121972300,21.824649810791016,0.09281430229685128
2025-06-17,21.610000610351562,22.530000686645508,21.34000015258789,21.420000076293945,122379500,21.346302032470703,-0.02191778769850683
2025-06-18,21.719999313354492,22.3799991607666,21.229999542236328,21.610000610351562,113893800,21.535648345947266,0.008870239653635537
2025-06-20,22.139999389648438,22.329999923706055,20.3700008392334,21.209999084472656,137078900,21.13702392578125,-0.018510019184696302
2025-06-23,21.18000030517578,21.979999542236328,20.280000686645508,21.579999923706055,125143700,21.505752563476562,0.01744464192383055
2025-06-24,22.65999984741211,24.030000686645508,22.6299991607666,23.950000762939453,137608000,23.943044662475586,0.10982395030640868
2025-06-25,24.399999618530273,24.600000381469727,23.8700008392334,24.579999923706055,107621600,24.572860717773438,0.026304765791133944
2025-06-26,25.18000030517578,25.360000610351562,24.59000015258789,25.200000762939453,92382200,25.19268226623535,0.025223793375013015
2025-06-27,25.209999084472656,25.84000015258789,24.280000686645508,25.110000610351562,113655600,25.102706909179688,-0.003571434518377048
2025-06-30,25.489999771118164,25.5,24.68000030517578,25.110000610351562,78035000,25.102706909179688,0.0
2025-07-01,24.3799991607666,25.170000076293945,23.579999923706055,24.709999084472656,107277300,24.702821731567383,-0.015929968783593207
2025-07-02,24.510000228881836,26.389999389648438,24.450000762939453,26.049999237060547,107157100,26.04243278503418,0.054229065246300445
2025-07-03,26.399999618530273,26.719999313354492,26.229999542236328,26.43000030517578,62695800,26.42232322692871,0.01458737348347472
2025-07-07,25.729999542236328,26.049999237060547,24.6200008392334,24.969999313354492,93297600,24.96274757385254,-0.05524029417189891
2025-07-08,25.6299991607666,27.030000686645508,25.360000610351562,26.3700008392334,90457500,26.362340927124023,0.056067343387156354
2025-07-09,26.6299991607666,27.40999984741211,25.889999389648438,26.649999618530273,86818700,26.64225959777832,0.010618080029800137
2025-07-10,27.389999389648438,27.729999542236328,26.65999984741211,27.3700008392334,87602500,27.362051010131836,0.027016931745188266
2025-07-11,26.850000381469727,27.540000915527344,26.549999237060547,27.290000915527344,71855400,27.282073974609375,-0.002922905416626098
2025-07-14,26.639999389648438,26.770000457763672,25.31999969482422,26.5,99670600,26.4923038482666,-0.028948365299535483
2025-07-15,28.049999237060547,28.459999084472656,27.209999084472656,27.290000915527344,108926200,27.282073974609375,0.029811355302918674
2025-07-16,26.600000381469727,27.049999237060547,24.90999984741211,27.030000686645508,125700900,27.02215003967285,-0.009527307444460398
2025-07-17,26.959999084472656,27.510000228881836,26.420000076293945,27.31999969482422,85334100,27.31206512451172,0.010728782863923092
2025-07-18,27.65999984741211,27.899999618530273,26.760000228881836,27.329999923706055,68274300,27.32206153869629,0.0003660405927359278
2025-07-21,27.559999465942383,28.5,27.440000534057617,27.5,79860300,27.49201202392578,0.006220273573674051
2025-07-22,27.1200008392334,27.280000686645508,25.34000015258789,26.31999969482422,118871600,26.312355041503906,-0.042909102006392086
2025-07-23,25.649999618530273,25.90999984741211,24.84000015258789,25.780000686645508,105639200,25.772512435913086,-0.02051667987993555
2025-07-24,25.65999984741211,25.790000915527344,24.950000762939453,25.6200008392334,77503300,25.612560272216797,-0.006206355436405908
2025-07-25,25.170000076293945,25.6200008392334,24.829999923706055,25.600000381469727,68037900,25.592565536499023,-0.0007806579667649638
2025-07-28,26.3799991607666,26.989999771118164,26.34000015258789,26.8799991607666,88108400,26.8721923828125,0.04999995157122683
2025-07-29,27.40999984741211,28.15999984741211,26.5,27.030000686645508,101714500,27.02215003967285,0.0055804140834143645
2025-07-30,27.75,28.1299991607666,26.93000030517578,27.610000610351562,96772200,27.60198211669922,0.021457636291981608
2025-07-31,26.700000762939453,26.739999771118164,24.200000762939453,24.979999542236328,133413800,24.97274398803711,-0.0952553788473729
2025-08-01,23.579999923706055,24.829999923706055,22.56999969482422,24.079999923706055,132665200,24.07300567626953,-0.03602880844767631
2025-08-04,24.59000015258789,25.18000030517578,24.239999771118164,25.0,85963800,24.992738723754883,0.03820598335584835
2025-08-05,25.420000076293945,25.68000030517578,23.610000610351562,24.520000457763672,99733400,24.51287841796875,-0.01919998168945314
2025-08-06,23.84000015258789,24.1200008392334,22.950000762939453,23.989999771118164,103447500,23.9830322265625,-0.021615035756563206
2025-08-07,25.479999542236328,25.8799991607666,24.530000686645508,25.0,117228400,24.992738723754883,0.04210088530712652
2025-08-08,25.15999984741211,25.829999923706055,24.899999618530273,25.709999084472656,71389900,25.702531814575195,0.028399963378906268
2025-08-11,26.030000686645508,26.889999389648438,25.450000762939453,25.610000610351562,75943500,25.602561950683594,-0.0038894779339563312
2025-08-12,26.209999084472656,28.079999923706055,25.68000030517578,28.0,125315900,27.991867065429688,0.09332289467741761
2025-08-13,28.649999618530273,29.329999923706055,28.309999465942383,29.270000457763672,89497100,29.261499404907227,0.04535715920584549
2025-08-14,28.1200008392334,29.65999984741211,27.950000762939453,29.420000076293945,84286800,29.411455154418945,0.005124687946169271
2025-08-15,28.709999084472656,28.709999084472656,27.06999969482422,27.3700008392334,93664700,27.362051010131836,-0.06968046334957001
2025-08-18,27.100000381469727,27.649999618530273,27.030000686645508,27.530000686645508,50310400,27.522005081176758,0.005845810833252196
2025-08-19,27.56999969482422,27.860000610351562,26.100000381469727,26.239999771118164,75595100,26.232378005981445,-0.0468580052071379
2025-08-20,26.110000610351562,26.110000610351562,23.65999984741211,25.799999237060547,117636500,25.792505264282227,-0.01676831318199612
2025-08-21,25.399999618530273,25.899999618530273,24.90999984741211,25.350000381469727,67871100,25.34263801574707,-0.017441816623948503
2025-08-22,25.559999465942383,28.31999969482422,25.34000015258789,27.450000762939453,117140900,27.442028045654297,0.08284025048791643
2025-08-25,27.350000381469727,27.579999923706055,26.809999465942383,27.299999237060547,55018700,27.292070388793945,-0.005464536310010759
2025-08-26,27.530000686645508,28.219999313354492,27.520000457763672,27.940000534057617,57544300,27.931884765625,0.023443271607431093
2025-08-27,27.610000610351562,28.229999542236328,27.280000686645508,28.18000030517578,61375200,28.171815872192383,0.00858982700539368
2025-08-28,28.40999984741211,29.110000610351562,27.959999084472656,28.530000686645508,74466400,28.521713256835938,0.012420169541497161
2025-08-29,27.31999969482422,27.350000381469727,25.670000076293945,26.040000915527344,108411300,26.032438278198242,-0.08727654087592429
2025-09-02,24.079999923706055,25.280000686645508,23.799999237060547,25.25,101906700,25.242666244506836,-0.030337975720126642
2025-09-03,25.40999984741211,25.40999984741211,24.1200008392334,24.90999984741211,79482200,24.90276527404785,-0.013465352577738288
2025-09-04,24.40999984741211,25.729999542236328,23.979999542236328,25.649999618530273,81641200,25.642549514770508,0.02970693599562746
2025-09-05,26.81999969482422,26.969999313354492,25.600000381469727,26.450000762939453,110749400,26.442317962646484,0.031189128900853236
2025-09-08,26.959999084472656,27.43000030517578,26.68000030517578,27.079999923706055,72341700,27.072134017944336,0.02381849310376305
2025-09-09,27.170000076293945,27.3700008392334,26.56999969482422,27.18000030517578,55882300,27.17210578918457,0.00369277628328879
2025-09-10,28.479999542236328,28.829999923706055,28.06999969482422,28.600000381469727,86721600,28.591693878173828,0.05224429949780163
2025-09-11,29.059999465942383,29.610000610351562,28.969999313354492,29.170000076293945,69919800,29.161527633666992,0.019930058993758992
2025-09-12,29.3700008392334,29.549999237060547,28.790000915527344,29.299999237060547,52502600,29.291488647460938,0.004456604745512127
2025-09-15,29.139999389648438,30.030000686645508,28.920000076293945,30.0,61268000,29.991287231445312,0.02389081164391449
2025-09-16,30.329999923706055,30.649999618530273,29.790000915527344,30.479999542236328,54148200,30.471145629882812,0.015999984741210893
2025-09-17,30.280000686645508,31.25,29.15999984741211,30.469999313354492,80483900,30.461149215698242,-0.0003280915036752985
2025-09-18,32.7599983215332,34.13999938964844,32.43000030517578,33.63999938964844,104513300,33.63022994995117,0.10403676231474623
2025-09-19,33.560001373291016,33.599998474121094,32.119998931884766,33.02000045776367,66106100,33.01041030883789,-0.018430408535487386
2025-09-22,33.20000076293945,34.75,33.189998626708984,34.43000030517578,62948200,34.41999816894531,0.04270138788204014
2025-09-23,34.70000076293945,35.29999923706055,33.66999816894531,34.29999923706055,63661700,34.29999923706055,-0.00377580792805543
2025-09-24,33.959999084472656,34.38999938964844,32.810001373291016,34.20000076293945,58369900,34.20000076293945,-0.002915407473626064
2025-09-25,32.439998626708984,34.060001373291016,31.360000610351562,33.849998474121094,79969600,33.849998474121094,-0.010233984824866926
2025-09-26,33.93000030517578,34.22999954223633,32.83000183105469,34.02000045776367,60944500,34.02000045776367,0.005022215400468877
2025-09-29,35.029998779296875,35.4900016784668,33.9900016784668,34.02000045776367,56593700,34.02000045776367,0.0
2025-09-30,34.06999969482422,34.959999084472656,33.56999969482422,34.84000015258789,60696800,34.84000015258789,0.024103459253101978
2025-10-01,34.18000030517578,36.97999954223633,33.97999954223633,36.86000061035156,67094700,36.86000061035156,0.05797934698383256
2025-10-02,38.959999084472656,39.31999969482422,38.13999938964844,39.08000183105469,68834400,39.08000183105469,0.0602279214308985
2025-10-03,39.47999954223633,40.060001373291016,37.619998931884766,38.22999954223633,69252500,38.22999954223633,-0.02175031343378575
2025-10-06,42.83000183105469,43.369998931884766,41.65999984741211,41.709999084472656,99880300,41.709999084472656,0.09102797760673886
2025-10-07,42.779998779296875,43.02000045776367,38.70000076293945,38.83000183105469,96375900,38.83000183105469,-0.06904812554863138
2025-10-08,38.869998931884766,42.939998626708984,38.68000030517578,42.779998779296875,77149800,42.779998779296875,0.10172538660771169
2025-10-09,42.58000183105469,42.84000015258789,41.0099983215332,42.2400016784668,63095700,42.2400016784668,-0.012622653488513103
2025-10-10,42.52000045776367,42.84000015258789,34.16999816894531,34.209999084472656,204858900,34.209999084472656,-0.19010422052344977
2025-10-13,38.22999954223633,39.470001220703125,37.369998931884766,39.13999938964844,89274100,39.13999938964844,0.1441099221605482
2025-10-14,36.619998931884766,39.0099983215332,35.95000076293945,36.630001068115234,100358200,36.630001068115234,-0.06412872663960834
2025-10-15,39.54999923706055,40.16999816894531,37.709999084472656,39.97999954223633,96059800,39.97999954223633,0.09145504713176544
2025-10-16,41.45000076293945,41.93000030517578,39.279998779296875,40.56999969482422,89397000,40.56999969482422,0.014757382674919661
2025-10-17,39.61000061035156,40.79999923706055,38.31999969482422,40.290000915527344,92083400,40.290000915527344,-0.0069016214297037415
2025-10-20,41.15999984741211,43.040000915527344,41.130001068115234,42.2400016784668,62424500,42.2400016784668,0.0483991243144386
2025-10-21,41.810001373291016,42.029998779296875,40.52000045776367,41.5099983215332,54386700,41.5099983215332,-0.017282275755820753
2025-10-22,40.08000183105469,40.810001373291016,35.970001220703125,38.38999938964844,110646700,38.38999938964844,-0.07516258872663639
2025-10-23,37.72999954223633,41.470001220703125,37.54999923706055,41.16999816894531,72467000,41.16999816894531,0.07241466067974156
2025-10-24,43.43000030517578,44.15999984741211,42.959999084472656,43.13999938964844,69872500,43.13999938964844,0.047850408266209454
2025-10-27,45.4900016784668,47.15999984741211,45.13999938964844,46.84000015258789,72684100,46.84000015258789,0.08576728825423396
2025-10-28,46.439998626708984,47.61000061035156,45.939998626708984,46.959999084472656,53995000,46.959999084472656,0.002561890083131013
2025-10-29,49.369998931884766,50.7599983215332,48.04999923706055,49.380001068115234,88268800,49.380001068115234,0.05153326300729755
2025-10-30,48.5,49.970001220703125,47.27000045776367,47.38999938964844,76956300,47.38999938964844,-0.040299749603524115
2025-10-31,48.77000045776367,49.9900016784668,46.709999084472656,47.779998779296875,75650400,47.779998779296875,0.00822957152714432
2025-11-03,49.5,50.189998626708984,48.029998779296875,48.58000183105469,52610600,48.58000183105469,0.016743471582181257
2025-11-04,44.77000045776367,46.880001068115234,42.529998779296875,42.79999923706055,87734300,42.79999923706055,-0.11897905261706443
2025-11-05,43.220001220703125,48.43000030517578,43.209999084472656,46.83000183105469,76488900,46.83000183105469,0.09415894079046061
2025-11-06,46.459999084472656,46.9900016784668,42.150001525878906,43.0099983215332,106419600,43.0099983215332,-0.08157171386203743
2025-11-07,41.099998474121094,41.7400016784668,37.040000915527344,41.7400016784668,143013500,41.7400016784668,-0.029527939842549977
2025-11-10,45.060001373291016,45.52000045776367,43.459999084472656,44.959999084472656,74223300,44.959999084472656,0.07714416091331922
2025-11-11,43.720001220703125,44.040000915527344,41.650001525878906,41.810001373291016,80862700,41.810001373291016,-0.07006222809887741
2025-11-12,44.0099983215332,44.630001068115234,42.849998474121094,43.709999084472656,77730900,43.709999084472656,0.045443617526293556
2025-11-13,42.16999816894531,42.63999938964844,38.0,39.220001220703125,126123700,39.220001220703125,-0.1027224424116846
2025-11-14,35.7400016784668,40.599998474121094,35.150001525878906,38.86000061035156,125398600,38.86000061035156,-0.009179005587626743
2025-11-17,37.900001525878906,40.08000183105469,35.529998779296875,36.84000015258789,101936600,36.84000015258789,-0.051981482913965316
2025-11-18,35.310001373291016,36.0099983215332,33.150001525878906,34.349998474121094,153515800,34.349998474121094,-0.06758962182826922
2025-11-19,34.720001220703125,37.29999923706055,34.20000076293945,35.959999084472656,120458900,35.959999084472656,0.04687047108792508
2025-11-20,38.790000915527344,39.189998626708984,30.40999984741211,30.809999465942383,228883600,30.809999465942383,-0.14321467601911086
2025-11-21,30.850000381469727,33.040000915527344,28.1200008392334,31.729999542236328,205537900,31.729999542236328,0.029860437917596183
2025-11-24,32.689998626708984,36.310001373291016,32.650001525878906,35.86000061035156,108832500,35.86000061035156,0.1301607667096787
2025-11-25,34.34000015258789,36.45000076293945,32.04999923706055,36.16999816894531,108634700,36.16999816894531,0.00864466127488761
2025-11-26,37.439998626708984,40.150001525878906,37.29999923706055,39.189998626708984,104203900,39.189998626708984,0.08349462567450638
2025-11-28,39.650001525878906,41.33000183105469,39.25,41.2599983215332,57190400,41.2599983215332,0.052819590899741975
2025-12-01,39.58000183105469,42.36000061035156,39.459999084472656,41.310001373291016,79426200,41.310001373291016,0.0012119014491505098
2025-12-02,42.790000915527344,44.61000061035156,42.029998779296875,43.79999923706055,111736200,43.79999923706055,0.0602759085207738
2025-12-03,44.45000076293945,46.68000030517578,43.150001525878906,46.58000183105469,94299300,46.58000183105469,0.06347037996388583
2025-12-04,45.88999938964844,46.099998474121094,44.439998626708984,45.15999984741211,77656900,45.15999984741211,-0.03048522816278354
2025-12-05,46.470001220703125,48.04999923706055,46.29999923706055,46.5,77049800,46.5,0.029672279829838777
2025-12-08,47.560001373291016,48.599998474121094,46.70000076293945,47.9900016784668,69225000,47.9900016784668,0.03204304684874826
2025-12-09,47.040000915527344,48.04999923706055,46.470001220703125,47.790000915527344,56373300,47.790000915527344,-0.004167550655227337
2025-12-10,47.650001525878906,50.09000015258789,47.0099983215332,49.650001525878906,91153100,49.650001525878906,0.03892028823433713
2025-12-11,48.0099983215332,48.900001525878906,44.65999984741211,48.790000915527344,88063000,48.790000915527344,-0.017321260501941937
2025-12-12,46.91999816894531,47.380001068115234,41.060001373291016,41.709999084472656,138088200,41.709999084472656,-0.14511173802420418
2025-12-15,43.11000061035156,43.41999816894531,40.79999923706055,41.18000030517578,78218600,41.18000030517578,-0.012706755956131799
2025-12-16,40.75,41.65999984741211,39.2400016784668,40.4900016784668,94566700,40.4900016784668,-0.016755673181048092
2025-12-17,41.0,41.31999969482422,35.70000076293945,36.0099983215332,126113900,36.0099983215332,-0.11064468192689969
2025-12-18,39.970001220703125,40.41999816894531,38.11000061035156,38.58000183105469,97164000,38.58000183105469,0.07136916493508072
2025-12-19,39.599998474121094,42.36000061035156,39.5,41.720001220703125,92529100,41.720001220703125,0.0813893012084026
2025-12-22,44.45000076293945,44.560001373291016,42.72999954223633,43.2599983215332,62717400,43.2599983215332,0.03691268110667911
2025-12-23,42.619998931884766,43.79999923706055,42.220001220703125,43.70000076293945,44455700,43.70000076293945,0.010171115545033027
2025-12-24,43.720001220703125,44.36000061035156,43.59000015258789,44.209999084472656,30717800,44.209999084472656,0.011670441936598719
2025-12-26,44.75,44.790000915527344,43.810001373291016,44.209999084472656,38006400,44.209999084472656,0.0
2025-12-29,42.97999954223633,44.33000183105469,42.349998474121094,43.81999969482422,54612100,43.81999969482422,-0.008821519966631497
2025-12-30,44.150001525878906,44.75,43.56999969482422,43.66999816894531,40697400,43.66999816894531,-0.003423129322765006
2025-12-31,43.88999938964844,44.150001525878906,42.0099983215332,42.029998779296875,44754800,42.029998779296875,-0.037554372759618704
2026-01-02,45.130001068115234,48.09000015258789,45.08000183105469,47.2400016784668,132719700,47.2400016784668,0.12395914942867581
2026-01-05,50.349998474121094,51.220001220703125,48.630001068115234,49.220001220703125,94987500,49.220001220703125,0.04191362133542986
2026-01-06,51.11000061035156,54.29999923706055,51.06999969482422,54.0099983215332,92678600,54.0099983215332,0.09731810203237634
2026-01-07,52.20000076293945,52.7400016784668,50.84000015258789,52.290000915527344,65698500,52.290000915527344,-0.03184590741451876
2026-01-08,51.79999923706055,51.810001373291016,48.130001068115234,49.650001525878906,79844800,49.650001525878906,-0.05048765238909181
2026-01-09,51.09000015258789,54.7599983215332,50.310001373291016,53.95000076293945,87214400,53.95000076293945,0.08660622567794429
2026-01-12,52.38999938964844,55.150001525878906,52.349998474121094,54.650001525878906,53193700,54.650001525878906,0.012974990788513718
2026-01-13,55.689998626708984,57.630001068115234,55.43000030517578,56.06999969482422,61895400,56.06999969482422,0.025983497333900152
2026-01-14,54.88999938964844,55.439998626708984,53.0,55.380001068115234,70434900,55.380001068115234,-0.012306021588451621
2026-01-15,60.959999084472656,61.66999816894531,58.0099983215332,58.08000183105469,89664300,58.08000183105469,0.0487540756746927
2026-01-16,61.189998626708984,62.189998626708984,59.5,60.75,58559500,60.75,0.04597104140443897
2026-01-20,57.34000015258789,61.04999923706055,57.220001220703125,57.939998626708984,71408300,57.939998626708984,-0.04625516663853524
2026-01-21,60.2400016784668,65.11000061035156,59.459999084472656,63.47999954223633,103027300,63.47999954223633,0.09561617271032397
2026-01-22,66.9000015258789,66.95999908447266,63.040000915527344,63.720001220703125,62594200,63.720001220703125,0.003780744804623204
2026-01-23,62.47999954223633,63.36000061035156,60.150001525878906,61.599998474121094,58613600,61.599998474121094,-0.03327060116083658
2026-01-26,60.75,61.959999084472656,59.599998474121094,60.70000076293945,42592400,60.70000076293945,-0.014610352816156968
2026-01-27,63.310001373291016,65.98999786376953,62.540000915527344,64.95999908447266,61155400,64.95999908447266,0.07018119057642846
2026-01-28,69.0,70.93000030517578,67.9800033569336,70.08999633789062,74205500,70.08999633789062,0.07897163370872318
2026-01-29,70.4000015258789,71.9800033569336,62.650001525878906,70.47000122070312,78058200,70.47000122070312,0.005421670747143059
2026-01-30,67.12000274658203,69.86000061035156,60.290000915527344,61.790000915527344,83504200,61.790000915527344,-0.12317298360746609
2026-02-02,59.459999084472656,66.94000244140625,59.099998474121094,65.19999694824219,66961000,65.19999694824219,0.055186858426764296
2026-02-03,66.80999755859375,67.62000274658203,57.02000045776367,61.20000076293945,101338500,61.20000076293945,-0.06134963761544432
2026-02-04,59.439998626708984,61.029998779296875,49.33000183105469,53.189998626708984,139149400,53.189998626708984,-0.13088238621527992
2026-02-05,51.310001373291016,55.4900016784668,50.0099983215332,53.25,109350300,53.25,0.0011280574326033577
2026-02-06,56.400001525878906,62.25,55.66999816894531,61.75,108594200,61.75,0.15962441314554
2026-02-09,59.9900016784668,65.05000305175781,59.290000915527344,64.02999877929688,66670500,64.02999877929688,0.03692305715460531
2026-02-10,64.66999816894531,65.20999908447266,61.41999816894531,63.34000015258789,58273900,63.34000015258789,-0.010776177414704047
2026-02-11,67.20999908447266,69.0999984741211,63.22999954223633,68.05000305175781,89724200,68.05000305175781,0.07436063921413627
2026-02-12,69.66999816894531,70.86000061035156,62.77000045776367,63.099998474121094,90896100,63.099998474121094,-0.07274069589492627
2026-02-13,63.93000030517578,66.25,61.43000030517578,64.58999633789062,79931300,64.58999633789062,0.0236132789191843
2026-02-17,62.02000045776367,65.95999908447266,59.560001373291016,64.3499984741211,79420400,64.3499984741211,-0.003715712608404975
2026-02-18,65.26000213623047,68.44999694824219,64.06999969482422,66.29000091552734,69349000,66.29000091552734,0.03014766880198816
2026-02-19,64.33000183105469,65.51000213623047,62.959999084472656,65.2300033569336,68827500,65.2300033569336,-0.015990308401782838
2026-02-20,63.7599983215332,68.22000122070312,63.58000183105469,67.11000061035156,81017900,67.11000061035156,0.02882105099904364
2026-02-23,65.8499984741211,67.6500015258789,63.470001220703125,65.86000061035156,66926300,65.86000061035156,-0.018626136024907036
2026-02-24,68.11000061035156,70.0,66.3499984741211,68.52999877929688,66892100,68.52999877929688,0.040540512362607695
2026-02-25,70.88999938964844,72.36000061035156,70.4800033569336,71.86000061035156,52929300,71.86000061035156,0.04859188516519697
2026-02-26,71.02999877929688,71.11000061035156,61.630001068115234,65.33999633789062,97787900,65.33999633789062,-0.09073203753245895
2026-02-27,61.5099983215332,63.7599983215332,60.65999984741211,62.77000045776367,70112700,62.77000045776367,-0.03933266030253224
2026-03-02,58.11000061035156,62.81999969482422,58.04999923706055,62.7599983215332,81699800,62.7599983215332,-0.00015934580464438408
2026-03-03,55.119998931884766,55.86000061035156,51.36000061035156,53.41999816894531,131198300,53.41999816894531,-0.14882091144644438
2026-03-04,55.959999084472656,57.720001220703125,54.380001068115234,56.619998931884766,78143300,56.619998931884766,0.05990267451562192
2026-03-05,55.31999969482422,57.689998626708984,51.130001068115234,54.79999923706055,110055800,54.79999923706055,-0.03214411390246974
2026-03-06,50.09000015258789,53.36000061035156,46.79999923706055,47.88999938964844,125241500,47.88999938964844,-0.1260948894820233
2026-03-09,45.5099983215332,53.779998779296875,44.529998779296875,53.31999969482422,114897700,53.31999969482422,0.11338484807643345
2026-03-10,53.36000061035156,57.779998779296875,53.36000061035156,54.59000015258789,104717600,54.59000015258789,0.023818463335192996
2026-03-11,55.5,57.7400016784668,55.349998474121094,56.09000015258789,83007700,56.09000015258789,0.02747755991586831
2026-03-12,53.529998779296875,53.880001068115234,49.529998779296875,50.279998779296875,105674400,50.279998779296875,-0.10358355067722269
2026-03-13,51.880001068115234,53.959999084472656,50.040000915527344,50.720001220703125,83244300,50.720001220703125,0.008751043199854314
2026-03-16,54.060001373291016,55.68000030517578,53.0099983215332,53.689998626708984,79819200,53.689998626708984,0.058556729781653605
2026-03-17,55.099998474121094,55.400001525878906,53.29999923706055,54.95000076293945,59567700,54.95000076293945,0.023468097754870465
2026-03-18,55.029998779296875,56.47999954223633,54.0,54.02000045776367,75470000,54.02000045776367,-0.016924482115803885
2026-03-19,49.529998779296875,56.11000061035156,48.5,54.849998474121094,93732700,54.849998474121094,0.015364642897520264
2026-03-20,54.689998626708984,55.36000061035156,49.0,51.13999938964844,101773000,51.13999938964844,-0.06763900068699324
2026-03-23,54.630001068115234,56.810001373291016,52.279998779296875,53.029998779296875,115257400,53.029998779296875,0.036957360426386865
2026-03-24,51.540000915527344,56.09000015258789,51.540000915527344,54.959999084472656,92153500,54.959999084472656,0.03639450027536606
2026-03-25,56.63999938964844,58.25,55.59000015258789,57.040000915527344,84440300,57.040000915527344,0.03784573991454687
2026-03-26,54.189998626708984,54.439998626708984,48.869998931884766,48.970001220703125,116603800,48.970001220703125,-0.14147965577306676
2026-03-27,48.040000915527344,49.380001068115234,45.959999084472656,46.61000061035156,99401400,46.61000061035156,-0.04819278234679358
2026-03-30,47.86000061035156,48.290000915527344,39.52000045776367,40.619998931884766,139746200,40.619998931884766,-0.1285132289214449
2026-03-31,42.880001068115234,48.18000030517578,42.61000061035156,47.90999984741211,138002100,47.90999984741211,0.17946826950320371
2026-04-01,50.040000915527344,54.09000015258789,49.619998931884766,52.2599983215332,121955600,52.2599983215332,0.09079520951733122
2026-04-02,46.060001373291016,53.06999969482422,46.04999923706055,52.75,104471700,52.75,0.009376228362121708
2026-04-06,53.75,55.599998474121094,52.880001068115234,54.810001373291016,68780400,54.810001373291016,0.03905215873537471
2026-04-07,54.31999969482422,56.599998474121094,52.130001068115234,56.54999923706055,107326500,56.54999923706055,0.03174599197542505
2026-04-08,66.33000183105469,67.9800033569336,63.560001373291016,67.5,111697300,67.5,0.1936339683584518
2026-04-09,68.12000274658203,72.27999877929688,68.12000274658203,71.9800033569336,79331600,71.9800033569336,0.06637042010271998
2026-04-10,74.30000305175781,78.30000305175781,74.30000305175781,76.38999938964844,78863600,76.38999938964844,0.06126696064248027
2026-04-13,75.58999633789062,80.73999786376953,75.25,80.55999755859375,64504600,80.55999755859375,0.05458827336383498
2026-04-14,83.2699966430664,85.56999969482422,80.70999908447266,85.30999755859375,61657000,85.30999755859375,0.058962265937820835
2026-04-15,84.66000366210938,85.9800033569336,79.76000213623047,85.95999908447266,68425400,85.95999908447266,0.007619288998718554
2026-04-16,85.01000213623047,89.38999938964844,83.30999755859375,88.37000274658203,63777500,88.37000274658203,0.028036338852692078
2026-04-17,93.19999694824219,94.75,90.66000366210938,94.68000030517578,67081400,94.68000030517578,0.07140429288758621
2026-04-20,95.97000122070312,96.93000030517578,92.02999877929688,95.94000244140625,49367800,95.94000244140625,0.013308007310616654
2026-04-21,97.97000122070312,99.94999694824219,95.31999969482422,98.08999633789062,65206900,98.08999633789062,0.02240977529469479
2026-04-22,102.94000244140625,106.08999633789062,99.5999984741211,105.63999938964844,58165200,105.63999938964844,0.07697016345836438
2026-04-23,108.62000274658203,116.7699966430664,107.45999908447266,112.7699966430664,96510200,112.7699966430664,0.06749334811257701
2026-04-24,125.20999908447266,130.1199951171875,120.23999786376953,128.32000732421875,83092400,128.32000732421875,0.1378913819636831
2026-04-27,128.3300018310547,129.58999633789062,117.79000091552734,123.38999938964844,73334600,123.38999938964844,-0.03841963570118845
2026-04-28,108.75,115.62000274658203,103.98999786376953,109.55999755859375,94099700,109.55999755859375,-0.11208365264174669
2026-04-29,114.76000213623047,118.31999969482422,112.30000305175781,117.97000122070312,55503700,117.97000122070312,0.0767616269579745
2026-04-30,122.80999755859375,127.44999694824219,117.5,126.9800033569336,58536700,126.9800033569336,0.0763753669831213
2026-05-01,124.38999938964844,131.3800048828125,121.66000366210938,130.39999389648438,40940300,130.39999389648438,0.02693330011921158
2026-05-04,132.1999969482422,133.6699981689453,123.80000305175781,127.55000305175781,46455700,127.55000305175781,-0.021855759034689615
2026-05-05,135.0,147.25999450683594,134.02000427246094,144.16000366210938,52130100,144.16000366210938,0.1302234434570062
2026-05-06,157.83999633789062,166.0,149.05999755859375,165.85000610351562,65579200,165.85000610351562,0.1504578377525887
2026-05-07,162.1199951171875,162.89999389648438,147.61000061035156,152.10000610351562,72375200,152.10000610351562,-0.08290623752776893
2026-05-08,163.0,177.5,161.50999450683594,176.94000244140625,47016500,176.94000244140625,0.16331357883697328
2026-05-11,181.0,191.2899932861328,178.94000244140625,190.4199981689453,50496000,190.4199981689453,0.07618399198340109
2026-05-12,177.6199951171875,182.24000549316406,150.5800018310547,172.52000427246094,91705600,172.52000427246094,-0.09400269965659314
2026-05-13,183.83999633789062,188.49000549316406,172.25999450683594,184.24000549316406,59522300,184.24000549316406,0.06793415795535052
2026-05-14,182.6699981689453,189.55999755859375,178.27999877929688,186.19000244140625,43319000,186.19000244140625,0.010584003962779587
2026-05-15,167.0,174.39999389648438,161.13999938964844,164.17999267578125,62126600,164.17999267578125,-0.11821262944852007
2026-05-18,172.9499969482422,174.61000061035156,142.69000244140625,151.75,75610500,151.75,-0.07570954580518041
2026-05-19,141.24000549316406,160.60000610351562,135.02000427246094,151.88999938964844,85384000,151.88999938964844,0.0009225659943883358
2026-05-20,161.0,173.6999969482422,161.0,173.1999969482422,58913200,173.1999969482422,0.1402988850103719
2026-05-21,171.25999450683594,179.97000122070312,168.22999572753906,178.38999938964844,52278700,178.38999938964844,0.02996537259153187
2026-05-22,184.8000030517578,195.27000427246094,183.33999633789062,190.55999755859375,45133000,190.55999755859375,0.06822130282294014
2026-05-26,211.3800048828125,228.5,209.88999938964844,225.7899932861328,52533000,225.7899932861328,0.18487613444005468
2026-05-27,242.66000366210938,242.66000366210938,204.0,217.97999572753906,74732700,217.97999572753906,-0.034589653176952395
2026-05-28,219.0,231.88999938964844,207.55999755859375,224.6300048828125,47153500,224.6300048828125,0.030507428597188913
2026-05-29,231.82000732421875,239.07000732421875,218.55999755859375,224.33999633789062,37035700,224.33999633789062,-0.0012910498981343332
2026-06-01,217.27000427246094,234.05999755859375,210.13999938964844,227.02999877929688,37499600,227.02999877929688,0.011990739437093945
2026-06-02,243.17999267578125,267.0799865722656,238.82000732421875,266.32000732421875,42799700,266.32000732421875,0.17306086753370842
2026-06-03,281.4700012207031,284.5799865722656,257.260009765625,280.5400085449219,49817200,280.5400085449219,0.053394415851722554
2026-06-04,242.0399932861328,274.5,228.5500030517578,262.70001220703125,59036000,262.70001220703125,-0.06359162969453591
2026-06-05,230.85000610351562,233.69000244140625,181.80999755859375,182.5399932861328,108280300,182.5399932861328,-0.30513899960432866
2026-06-08,210.6199951171875,222.19000244140625,201.69000244140625,211.44000244140625,68180500,211.44000244140625,0.1583215197667529
2026-06-09,227.05999755859375,231.02000427246094,157.55999755859375,201.67999267578125,124754300,201.67999267578125,-0.04615971269830865
2026-06-10,191.5399932861328,212.99000549316406,177.3000030517578,180.64999389648438,94924200,180.64999389648438,-0.10427409531447418
2026-06-11,192.3000030517578,225.6300048828125,192.3000030517578,223.99000549316406,72493400,223.99000549316406,0.23991150324374932
2026-06-12,222.22000122070312,242.39999389648438,214.74000549316406,234.67999267578125,50419100,234.67999267578125,0.047725286488032426
2026-06-15,265.989990234375,274.8800048828125,261.6000061035156,272.5,39914100,272.5,0.16115565239712804
2026-06-16,267.1300048828125,274.92999267578125,226.0,226.19000244140625,54771900,226.19000244140625,-0.16994494516915137
2026-06-17,247.4199981689453,259.7900085449219,233.3000030517578,233.86000061035156,49127300,233.86000061035156,0.03390953661151408
2026-06-18,266.0400085449219,286.1499938964844,265.0,279.2900085449219,49319800,279.2900085449219,0.19426155741042694
2026-06-22,299.260009765625,302.0,286.239990234375,300.7699890136719,36399600,300.7699890136719,0.07690923345471234
2026-06-23,236.0,252.97999572753906,223.0,231.4199981689453,70699700,231.4199981689453,-0.23057483584764893
2026-06-24,233.11000061035156,237.0,211.1300048828125,229.57000732421875,57018500,229.57000732421875,-0.007994083741094782
2026-06-25,268.04998779296875,268.3999938964844,225.74000549316406,252.61000061035156,57401800,252.61000061035156,0.10036151305076069
2026-06-26,226.24000549316406,231.25,212.10000610351562,215.60000610351562,51987400,215.60000610351562,-0.14651040899969547
2026-06-29,216.36000061035156,238.64999389648438,192.3000030517578,236.52000427246094,48952600,236.52000427246094,0.09703152864894182
2026-06-30,241.4499969482422,272.0,240.58999633789062,266.7099914550781,36721000,266.7099914550781,0.12764242616806154
2026-07-01,237.7899932861328,246.47000122070312,215.3800048828125,217.5500030517578,60156300,217.5500030517578,-0.18432001041700874
2026-07-02,219.22999572753906,226.1300048828125,168.8800048828125,181.47000122070312,91060900,181.47000122070312,-0.1658469378300621
2026-07-06,197.2100067138672,210.8000030517578,194.22000122070312,194.64999389648438,42756600,194.64999389648438,0.07262904384814428
2026-07-07,165.39999389648438,171.8800048828125,150.0800018310547,165.27999877929688,78957300,165.27999877929688,-0.15088618565694167
2026-07-08,159.2100067138672,176.75,158.8699951171875,174.82000732421875,63175900,174.82000732421875,0.057720284458985915
2026-07-09,199.80999755859375,204.5500030517578,189.4600067138672,192.4499969482422,52530500,192.4499969482422,0.10084652148153217
2026-07-10,182.39999389648438,195.94000244140625,176.8000030517578,192.25999450683594,37626300,192.25999450683594,-0.000987282122209332
2026-07-13,174.61000061035156,177.6699981689453,161.5500030517578,165.3699951171875,52686700,165.3699951171875,-0.1398626867675914
2026-07-14,187.69000244140625,188.42999267578125,170.25999450683594,176.66000366210938,49269200,176.66000366210938,0.06827120323079972
2026-07-15,183.77000427246094,184.0,150.0,165.5500030517578,67008900,165.5500030517578,-0.0628891677801684
2026-07-16,150.44000244140625,155.8300018310547,138.0,142.47999572753906,76391300,142.47999572753906,-0.1393537112591059
2026-07-17,124.7300033569336,144.39999389648438,116.47000122070312,135.47000122070312,105762300,135.47000122070312,-0.049199850624932484
2026-07-20,143.52000427246094,148.74000549316406,135.6699981689453,136.80999755859375,52804300,136.80999755859375,0.009891461768775978
2026-07-21,155.83999633789062,160.63999938964844,148.8699951171875,158.5399932861328,55698500,158.5399932861328,0.15883339021501275
2026-07-22,147.10000610351562,165.75,147.0,160.99000549316406,46926500,160.99000549316406,0.015453590959912944
2026-07-23,152.16000366210938,162.9199981689453,150.64999389648438,157.5,57831400,157.5,-0.021678398497304574
2026-07-24,151.4499969482422,154.5,132.5500030517578,136.80999755859375,71734900,136.80999755859375,-0.1313650948660714
2026-07-27,140.64999389648438,148.02000427246094,115.44999694824219,128.14999389648438,90434900,128.14999389648438,-0.06329949431071669
2026-07-28,113.1500015258789,114.94999694824219,101.52999877929688,109.54000091552734,125338900,109.54000091552734,-0.14522039693571587
2026-07-29,107.62000274658203,112.66999816894531,91.5,91.98999786376953,149950200,91.98999786376953,-0.16021547293295757
2026-07-30,107.37999725341797,118.0,105.12000274658203,114.72000122070312,109931900,114.72000122070312,0.24709211745602033
2026-07-31,129.89999389648438,133.8800048828125,112.41999816894531,114.72000122070312,102613300,114.72000122070312,0.0
2026-08-03,106.1500015258789,118.87000274658203,102.08999633789062,116.70999908447266,81117500,116.70999908447266,0.017346564178822632
2026-08-04,131.50999450683594,142.4199981689453,129.66000366210938,139.89999389648438,78456600,139.89999389648438,0.19869758370255153
2026-08-05,135.5399932861328,144.33999633789062,130.0,132.07000732421875,67515700,132.07000732421875,-0.05596845542437434
2026-08-06,125.2300033569336,140.0,120.75,132.3300018310547,57025200,132.3300018310547,0.001968611285056321
2026-08-07,141.97000122070312,143.9199981689453,131.55999755859375,140.25,61350700,140.25,0.059850359399652664
2026-08-10,142.8000030517578,143.4499969482422,130.0,130.0,50105400,130.0,-0.07308377896613194
2026-08-11,136.25999450683594,136.60000610351562,130.05999755859375,133.0,38282500,133.0,0.023076923076922995
2026-08-12,147.3000030517578,147.6999969482422,141.88999938964844,142.16000366210938,55970000,142.16000366210938,0.06887220798578486
2026-08-13,142.16000366210938,154.1300048828125,141.83999633789062,145.36000061035156,54831600,145.36000061035156,0.0225098260115979
2026-08-14,143.7899932861328,146.64999389648438,138.89999389648438,144.9499969482422,45331100,144.9499969482422,-0.002820608560730631
2026-08-17,150.61000061035156,156.9199981689453,148.89999389648438,151.52999877929688,43560500,151.52999877929688,0.04539497736867304
2026-08-18,134.1999969482422,137.60000610351562,122.4000015258789,129.10000610351562,87105200,129.10000610351562,-0.14802344655496558
2026-08-19,132.6300048828125,133.74000549316406,116.83999633789062,120.73999786376953,77010800,120.73999786376953,-0.06475606386139776
